DATE_TIME,TIME_SIN,TIME_COS,IRRADIATION,AMBIENT_TEMPERATURE,MODULE_TEMPERATURE,DC_POWER
2020-05-15 00:00:00,0.0,1.0,0.0,25.18431613333333,22.8575074,0.0
2020-05-15 00:15:00,0.06540312923014306,0.9978589232386035,0.0,25.08458866666667,22.761667866666663,0.0
2020-05-15 00:30:00,0.13052619222005157,0.9914448613738104,0.0,24.935752600000008,22.59230553333333,0.0
2020-05-15 00:45:00,0.19509032201612825,0.9807852804032304,0.0,24.8461304,22.36085213333333,0.0
2020-05-15 01:00:00,0.25881904510252074,0.9659258262890683,0.0,24.621525357142858,22.165422642857145,0.0
2020-05-15 01:15:00,0.3214394653031616,0.9469301294951057,0.0,24.536092200000002,21.968570866666667,0.0
2020-05-15 01:30:00,0.3826834323650898,0.9238795325112867,0.0,24.638673866666664,22.352925666666668,0.0
2020-05-15 01:45:00,0.4422886902190013,0.8968727415326883,0.0,24.873022333333328,23.1609192,0.0
2020-05-15 02:00:00,0.49999999999999994,0.8660254037844387,0.0,24.936930466666663,23.026113,0.0
2020-05-15 02:15:00,0.5555702330196022,0.8314696123025452,0.0,25.012247599999995,23.343229266666665,0.0
2020-05-15 02:30:00,0.6087614290087207,0.7933533402912352,0.0,25.005149333333332,23.639459266666663,0.0
2020-05-15 02:45:00,0.6593458151000688,0.7518398074789774,0.0,24.993019533333328,24.0394858,0.0
2020-05-15 03:00:00,0.7071067811865476,0.7071067811865476,0.0,25.01630942857143,24.384135571428573,0.0
2020-05-15 03:15:00,0.7518398074789773,0.659345815100069,0.0,24.985215266666664,24.35150773333333,0.0
2020-05-15 03:30:00,0.7933533402912352,0.6087614290087207,0.0,24.93773193333333,24.060296533333336,0.0
2020-05-15 03:45:00,0.8314696123025452,0.5555702330196023,0.0,24.87909953333333,23.709794133333336,0.0
2020-05-15 04:00:00,0.8660254037844386,0.5000000000000001,0.0,24.6789022,22.58994153333333,0.0
2020-05-15 04:15:00,0.8968727415326884,0.44228869021900125,0.0,24.3519308,21.78364253333333,0.0
2020-05-15 04:30:00,0.9238795325112867,0.38268343236508984,0.0,24.0626222,21.85252493333333,0.0
2020-05-15 04:45:00,0.9469301294951057,0.3214394653031615,0.0,24.013224200000003,22.306315,0.0
2020-05-15 05:00:00,0.9659258262890683,0.25881904510252074,0.0,24.177105799999996,22.551908466666664,0.0
2020-05-15 05:15:00,0.9807852804032304,0.19509032201612833,0.0,24.304888,22.979492071428577,0.0
2020-05-15 05:30:00,0.9914448613738104,0.1305261922200517,0.0,24.328727266666665,23.452380466666668,0.0
2020-05-15 05:45:00,0.9978589232386035,0.06540312923014305,0.0008627212413333,24.28921113333333,23.09669193333333,0.0
2020-05-15 06:00:00,1.0,6.123233995736766e-17,0.0058869571866666,24.088446066666663,22.2067566,942.14880953
2020-05-15 06:15:00,0.9978589232386035,-0.06540312923014292,0.0222816074666666,24.01163526666667,22.35345866666667,6142.1011903
2020-05-15 06:30:00,0.9914448613738105,-0.13052619222005138,0.0494097238666666,23.976731266666665,22.893282,15271.1547618
2020-05-15 06:45:00,0.9807852804032305,-0.19509032201612797,0.0953944536,24.218990000000005,24.442443933333333,28626.589287
2020-05-15 07:00:00,0.9659258262890683,-0.25881904510252085,0.1419404433333333,24.537398399999997,27.18565286666666,41345.914287
2020-05-15 07:15:00,0.9469301294951057,-0.3214394653031616,0.1547126757142856,24.815959500000005,28.88847785714285,44564.20833
2020-05-15 07:30:00,0.9238795325112867,-0.3826834323650897,0.1487991533333333,24.988789866666664,29.6056438,43619.291666
2020-05-15 07:45:00,0.8968727415326884,-0.44228869021900113,0.1447934189333333,25.21618033333333,29.547110933333332,44395.892857
2020-05-15 08:00:00,0.8660254037844387,-0.4999999999999998,0.2016386213333333,25.41951306666667,31.41254473333333,64834.803572
2020-05-15 08:15:00,0.8314696123025451,-0.5555702330196023,0.3457076533333333,25.959082133333325,35.5287108,101937.157142
2020-05-15 08:30:00,0.7933533402912352,-0.6087614290087207,0.40534857266666663,26.430782066666666,40.3180586,112129.565473
2020-05-15 08:45:00,0.7518398074789774,-0.6593458151000688,0.3124267953333332,26.8318298,39.08195373333332,92505.464285
2020-05-15 09:00:00,0.7071067811865476,-0.7071067811865475,0.6231526486666666,27.6209698,45.0092326,165598.892858
2020-05-15 09:15:00,0.6593458151000686,-0.7518398074789776,0.3448840357142857,27.988362071428572,46.617706500000004,98826.017857
2020-05-15 09:30:00,0.6087614290087204,-0.7933533402912353,0.2492484,27.516727866666667,39.136326,76522.249999
2020-05-15 09:45:00,0.5555702330196022,-0.8314696123025453,0.5412059773333334,27.450107666666668,40.93057693333333,161370.035715
2020-05-15 10:00:00,0.49999999999999994,-0.8660254037844387,0.670675372,28.632191866666663,52.5477356,183026.214283
2020-05-15 10:15:00,0.4422886902190013,-0.8968727415326883,0.5722834766666666,28.76891273333334,47.633738,158716.553571
2020-05-15 10:30:00,0.3826834323650899,-0.9238795325112867,0.45514838333333335,29.35144260000001,49.249723266666656,129103.635715
2020-05-15 10:45:00,0.32143946530316175,-0.9469301294951056,0.3619616539999999,28.85470786666667,44.048325600000005,113123.142857
2020-05-15 11:00:00,0.258819045102521,-0.9659258262890682,0.6365608813333332,29.410819333333336,47.6854534,193768.035707
2020-05-15 11:15:00,0.19509032201612816,-0.9807852804032304,0.5857872135714286,30.21606228571428,50.006988571428565,160301.22619
2020-05-15 11:30:00,0.13052619222005157,-0.9914448613738104,0.5570693833333333,30.2870728,49.8413636,155409.160714
2020-05-15 11:45:00,0.06540312923014312,-0.9978589232386035,0.4679868693333333,30.811049333333333,47.8363832,167668.196427
2020-05-15 12:00:00,1.2246467991473532e-16,-1.0,0.5149625866666667,31.305375066666667,49.183583533333326,155821.696428
2020-05-15 12:15:00,-0.06540312923014287,-0.9978589232386035,0.7878660286666666,31.507297733333335,49.84449266666666,209569.398819
2020-05-15 12:30:00,-0.13052619222005132,-0.9914448613738105,0.6492476293333334,32.147684733333335,52.35325513333333,197884.50001
2020-05-15 12:45:00,-0.19509032201612792,-0.9807852804032305,0.761243312,32.39142040000001,50.63123993333332,209419.238093
2020-05-15 13:00:00,-0.25881904510252035,-0.9659258262890684,0.4160351014285714,32.622796071428574,49.61076771428572,129842.357143
2020-05-15 13:15:00,-0.3214394653031611,-0.9469301294951058,0.489243946,32.49706446666666,47.01116133333333,149740.553574
2020-05-15 13:30:00,-0.3826834323650892,-0.923879532511287,0.574561224,32.52462140000001,46.66986293333333,175573.464286
2020-05-15 13:45:00,-0.44228869021900147,-0.8968727415326883,0.560985624,32.67847086666667,47.516884133333335,170970.589284
2020-05-15 14:00:00,-0.5000000000000001,-0.8660254037844386,0.7350834633333334,33.763185400000005,49.80390433333333,222438.714294
2020-05-15 14:15:00,-0.5555702330196023,-0.8314696123025452,0.8936614913333333,34.13076993333335,55.03061300000001,259813.28571999999
2020-05-15 14:30:00,-0.6087614290087207,-0.7933533402912352,0.466788824,34.08138426666667,54.51913673333334,142901.932142
2020-05-15 14:45:00,-0.6593458151000688,-0.7518398074789774,0.5421384957142857,33.69572221428571,47.618194642857134,160715.529762
2020-05-15 15:00:00,-0.7071067811865475,-0.7071067811865477,0.3988885433333333,33.89057606666666,46.02908119999999,128604.375
2020-05-15 15:15:00,-0.7518398074789773,-0.6593458151000691,0.4472921486666666,34.043744000000004,44.28609193333333,143255.142856
2020-05-15 15:30:00,-0.7933533402912349,-0.6087614290087209,0.5651963973333332,34.40285233333333,46.7442812,166946.32143
2020-05-15 15:45:00,-0.8314696123025448,-0.555570233019603,0.3462306933333333,34.430942666666674,43.9206158,107547.160714
2020-05-15 16:00:00,-0.8660254037844385,-0.5000000000000004,0.3581823699999999,34.38115033333334,43.332853333333325,109120.678571
2020-05-15 16:15:00,-0.8968727415326883,-0.44228869021900136,0.3288961193333332,34.12625693333333,41.007431933333336,99493.017857
2020-05-15 16:30:00,-0.9238795325112868,-0.3826834323650895,0.344954196,34.35660993333333,41.28059066666666,104079.607143
2020-05-15 16:45:00,-0.9469301294951056,-0.3214394653031618,0.260346758,33.86159653333333,39.419075933333325,77777.196429
2020-05-15 17:00:00,-0.9659258262890683,-0.25881904510252063,0.1668127414285714,33.443313571428575,36.82670364285714,49913.767857
2020-05-15 17:15:00,-0.9807852804032303,-0.19509032201612866,0.1738986373333333,33.30025473333334,35.852207400000005,49718.660716
2020-05-15 17:30:00,-0.9914448613738104,-0.13052619222005163,0.08716189,33.03212220000001,34.3384004,26248.833333
2020-05-15 17:45:00,-0.9978589232386035,-0.06540312923014362,0.0384030336,32.311871133333334,31.548539333333334,11391.25
2020-05-15 18:00:00,-1.0,-1.8369701987210297e-16,0.0225449364285714,31.132413642857145,30.225330999999997,6505.0
2020-05-15 18:15:00,-0.9978589232386036,0.06540312923014237,0.00914994484,29.24311093333334,28.6825074,2199.21785711
2020-05-15 18:30:00,-0.9914448613738104,0.13052619222005213,0.001841024544,28.495518,27.285992266666668,0.0
2020-05-15 18:45:00,-0.9807852804032304,0.1950903220161283,0.0,27.8840638,25.96194653333333,0.0
2020-05-15 19:00:00,-0.9659258262890682,0.25881904510252113,0.0,27.455975400000003,25.38531306666667,0.0
2020-05-15 19:15:00,-0.9469301294951057,0.3214394653031615,0.0,27.0975484,25.200846400000007,0.0
2020-05-15 19:30:00,-0.9238795325112866,0.38268343236509,0.00012538276,27.01870113333333,25.74526773333334,0.0
2020-05-15 19:45:00,-0.8968727415326884,0.442288690219001,0.000100219904,23.787237466666664,22.5114056,0.0
2020-05-15 20:00:00,-0.8660254037844386,0.5000000000000001,0.0,22.66317964285714,20.290725714285717,0.0
2020-05-15 20:15:00,-0.8314696123025455,0.5555702330196018,0.0,23.412097066666668,20.736596666666667,0.0
2020-05-15 20:30:00,-0.7933533402912352,0.6087614290087205,0.0,22.300988666666665,20.375416933333337,0.0
2020-05-15 20:45:00,-0.7518398074789777,0.6593458151000684,0.0,22.0374816,20.31280513333333,0.0
2020-05-15 21:00:00,-0.7071067811865477,0.7071067811865474,0.0,22.168518066666667,20.6512674,0.0
2020-05-15 21:15:00,-0.6593458151000687,0.7518398074789775,0.0,22.1193604,20.632086200000003,0.0
2020-05-15 21:30:00,-0.608761429008721,0.7933533402912349,0.0,22.221250333333334,20.75869966666667,0.0
2020-05-15 21:45:00,-0.5555702330196022,0.8314696123025452,0.0,22.236828466666665,20.914416666666668,0.0
2020-05-15 22:00:00,-0.5000000000000004,0.8660254037844384,0.0,22.22185842857143,20.895703928571425,0.0
2020-05-15 22:15:00,-0.4422886902190014,0.8968727415326883,0.0,22.149312533333333,20.732185866666665,0.0
2020-05-15 22:30:00,-0.38268343236508956,0.9238795325112868,0.0,22.104713866666668,20.82985206666667,0.0
2020-05-15 22:45:00,-0.32143946530316186,0.9469301294951056,0.0,22.057079933333338,21.072275666666663,0.0
2020-05-15 23:00:00,-0.2588190451025207,0.9659258262890683,0.0,22.23601830769231,21.241316538461536,0.0
2020-05-15 23:15:00,-0.19509032201612872,0.9807852804032303,0.0,22.18986344871795,21.143885493589742,0.0
2020-05-15 23:30:00,-0.13052619222005168,0.9914448613738104,0.0,22.14370858974359,21.046454448717945,0.0
2020-05-15 23:45:00,-0.06540312923014367,0.9978589232386035,0.0,22.09755373076923,20.94902340384615,0.0
2020-05-16 00:00:00,0.0,1.0,0.0,22.051398871794873,20.851592358974358,0.0
2020-05-16 00:15:00,0.06540312923014306,0.9978589232386035,0.0,22.005244012820512,20.754161314102564,0.0
2020-05-16 00:30:00,0.13052619222005157,0.9914448613738104,0.0,21.959089153846154,20.65673026923077,0.0
2020-05-16 00:45:00,0.19509032201612825,0.9807852804032304,0.0,21.912934294871796,20.559299224358973,0.0
2020-05-16 01:00:00,0.25881904510252074,0.9659258262890683,0.0,21.866779435897435,20.46186817948718,0.0
2020-05-16 01:15:00,0.3214394653031616,0.9469301294951057,0.0,21.820624576923077,20.364437134615386,0.0
2020-05-16 01:30:00,0.3826834323650898,0.9238795325112867,0.0,21.77446971794872,20.26700608974359,0.0
2020-05-16 01:45:00,0.4422886902190013,0.8968727415326883,0.0,21.728314858974358,20.169575044871795,0.0
2020-05-16 02:00:00,0.49999999999999994,0.8660254037844387,0.0,21.68216,20.072144,0.0
2020-05-16 02:15:00,0.5555702330196022,0.8314696123025452,0.0,21.6884114,19.9192038,0.0
2020-05-16 02:30:00,0.6087614290087207,0.7933533402912352,0.0,21.510408533333337,19.59269193333333,0.0
2020-05-16 02:45:00,0.6593458151000688,0.7518398074789774,0.0,21.496287,19.6248698,0.0
2020-05-16 03:00:00,0.7071067811865476,0.7071067811865476,0.0,21.6459126,20.065205933333328,0.0
2020-05-16 03:15:00,0.7518398074789773,0.659345815100069,0.0,21.674314200000005,20.11216013333333,0.0
2020-05-16 03:30:00,0.7933533402912352,0.6087614290087207,0.0,21.73142093333333,20.351884,0.0
2020-05-16 03:45:00,0.8314696123025452,0.5555702330196023,0.0,21.78016573333333,20.50589406666667,0.0
2020-05-16 04:00:00,0.8660254037844386,0.5000000000000001,0.0,21.85855535714285,20.81391042857143,0.0
2020-05-16 04:15:00,0.8968727415326884,0.44228869021900125,0.0,21.89991073333333,20.712640333333333,0.0
2020-05-16 04:30:00,0.9238795325112867,0.38268343236508984,0.0,21.92704853333333,20.726037733333335,0.0
2020-05-16 04:45:00,0.9469301294951057,0.3214394653031615,0.0,22.028684400000003,20.796402866666664,0.0
2020-05-16 05:00:00,0.9659258262890683,0.25881904510252074,0.0,21.93278,20.6822592,0.0
2020-05-16 05:15:00,0.9807852804032304,0.19509032201612833,0.0,21.866251666666663,20.472369333333333,0.0
2020-05-16 05:30:00,0.9914448613738104,0.1305261922200517,0.0,21.876585066666664,20.760192866666667,0.0
2020-05-16 05:45:00,0.9978589232386035,0.06540312923014305,0.0001471694642,21.959989266666664,20.5434348,0.0
2020-05-16 06:00:00,1.0,6.123233995736766e-17,0.0062059593785713995,21.9232375,20.25681407142857,1131.05357143
2020-05-16 06:15:00,0.9978589232386035,-0.06540312923014292,0.0236337368666666,21.860400400000003,20.4303872,7475.3392856
2020-05-16 06:30:00,0.9914448613738105,-0.13052619222005138,0.04951496813333331,21.985833666666664,21.195638,15531.4285715
2020-05-16 06:45:00,0.9807852804032305,-0.19509032201612797,0.0792696434666666,22.13967073333333,22.189410333333328,24837.357141
2020-05-16 07:00:00,0.9659258262890683,-0.25881904510252085,0.1090379683333333,22.45271393333333,23.1112346,34152.964285
2020-05-16 07:15:00,0.9469301294951057,-0.3214394653031616,0.1381154516666666,22.6524518,24.241701266666663,43348.053572
2020-05-16 07:30:00,0.9238795325112867,-0.3826834323650897,0.1741175246666666,22.97513853333333,25.668487533333334,54443.982143
2020-05-16 07:45:00,0.8968727415326884,-0.44228869021900113,0.2436428057142857,23.388554071428572,27.937476071428577,75347.571428
2020-05-16 08:00:00,0.8660254037844387,-0.4999999999999998,0.2980529893333333,23.890523400000003,30.79129613333333,92338.642858
2020-05-16 08:15:00,0.8314696123025451,-0.5555702330196023,0.3386504113333334,24.427854333333325,33.0092104,105235.303573
2020-05-16 08:30:00,0.7933533402912352,-0.6087614290087207,0.42754895266666665,25.166898466666666,36.606188800000005,130559.589285
2020-05-16 08:45:00,0.7518398074789774,-0.6593458151000688,0.47008148533333327,25.75717566666667,38.892010733333336,142487.017858
2020-05-16 09:00:00,0.7071067811865476,-0.7071067811865475,0.46118576866666666,25.999422266666667,38.70590013333334,140956.303572
2020-05-16 09:15:00,0.6593458151000686,-0.7518398074789776,0.41958991,26.297007333333337,39.343784466666655,127605.142857
2020-05-16 09:30:00,0.6087614290087204,-0.7933533402912353,0.42049388399999993,26.59366866666667,39.879952333333335,129779.410713
2020-05-16 09:45:00,0.5555702330196022,-0.8314696123025453,0.5405936786666665,27.03096946666666,41.825665333333326,161148.232142
2020-05-16 10:00:00,0.49999999999999994,-0.8660254037844387,0.491453022,27.611354533333337,46.072651933333326,161620.160715
2020-05-16 10:15:00,0.4422886902190013,-0.8968727415326883,0.4697288307142857,27.931213285714293,44.468571,156988.035715
2020-05-16 10:30:00,0.3826834323650899,-0.9238795325112867,0.654436842,28.2829874,48.96266500000001,206873.089291
2020-05-16 10:45:00,0.32143946530316175,-0.9469301294951056,0.5955213746666665,28.78232633333333,50.154118,183095.428571
2020-05-16 11:00:00,0.258819045102521,-0.9659258262890682,0.5752638966666666,29.1554974,49.156068866666665,177344.375001
2020-05-16 11:15:00,0.19509032201612816,-0.9807852804032304,0.5423748746666666,29.3643758,48.12385466666667,167348.357146
2020-05-16 11:30:00,0.13052619222005157,-0.9914448613738104,0.4934305533333333,29.689249599999997,46.51825533333333,157634.875001
2020-05-16 11:45:00,0.06540312923014312,-0.9978589232386035,0.62278731,29.8473918,47.04389019999999,194969.017857
2020-05-16 12:00:00,1.2246467991473532e-16,-1.0,0.6620043019999999,30.08986206666667,50.091819333333326,198417.839286
2020-05-16 12:15:00,-0.06540312923014287,-0.9978589232386035,0.5404251285714285,30.376898714285712,48.675281857142856,164938.357143
2020-05-16 12:30:00,-0.13052619222005132,-0.9914448613738105,0.7671194099999998,30.8864686,50.44957046666666,228677.553569
2020-05-16 12:45:00,-0.19509032201612792,-0.9807852804032305,0.8122406413333334,31.2210448,54.232745533333336,245404.19643
2020-05-16 13:00:00,-0.25881904510252035,-0.9659258262890684,0.636164586,31.31397713333333,52.8518024,191385.517857
2020-05-16 13:15:00,-0.3214394653031611,-0.9469301294951058,0.7332435986666667,31.66299653333333,52.0534832,233783.17858
2020-05-16 13:30:00,-0.3826834323650892,-0.923879532511287,0.5838647386666667,31.617256666666663,49.747872,185596.839283
2020-05-16 13:45:00,-0.44228869021900147,-0.8968727415326883,0.5023924839999999,31.3661072,47.2997298,155359.857143
2020-05-16 14:00:00,-0.5000000000000001,-0.8660254037844386,0.4356849460000001,31.42362873333333,46.57489593333333,138304.017858
2020-05-16 14:15:00,-0.5555702330196023,-0.8314696123025452,0.5959771373333332,31.989768333333327,47.82889013333333,187844.482144
2020-05-16 14:30:00,-0.6087614290087207,-0.7933533402912352,0.5345009864285714,32.24326421428572,48.35548621428572,163898.142858
2020-05-16 14:45:00,-0.6593458151000688,-0.7518398074789774,0.5149644066666667,32.3501976,46.20359726666666,160488.732143
2020-05-16 15:00:00,-0.7071067811865475,-0.7071067811865477,0.5036263826666665,32.436879733333335,45.77020906666667,157761.053571
2020-05-16 15:15:00,-0.7518398074789773,-0.6593458151000691,0.419735824,32.52414946666667,45.840537533333325,130584.214286
2020-05-16 15:30:00,-0.7933533402912349,-0.6087614290087209,0.349962358,32.328025399999994,43.170092666666655,111366.892859
2020-05-16 15:45:00,-0.8314696123025448,-0.555570233019603,0.261408532,32.103391466666665,39.814438866666656,84875.464285
2020-05-16 16:00:00,-0.8660254037844385,-0.5000000000000004,0.2276812526666666,32.029101733333334,37.712012,74288.82143
2020-05-16 16:15:00,-0.8968727415326883,-0.44228869021900136,0.19186982399999997,31.959759599999998,36.301157466666666,62692.464284
2020-05-16 16:30:00,-0.9238795325112868,-0.3826834323650895,0.1755969835714285,31.90710457142857,35.77269607142857,57192.375001
2020-05-16 16:45:00,-0.9469301294951056,-0.3214394653031618,0.150128168,31.88745533333333,34.781236066666665,48707.750001
2020-05-16 17:00:00,-0.9659258262890683,-0.25881904510252063,0.1337432077333333,31.747082466666665,33.73915806666666,43256.571428
2020-05-16 17:15:00,-0.9807852804032303,-0.19509032201612866,0.109053603,31.540801866666666,32.74589640000001,35250.160716
2020-05-16 17:30:00,-0.9914448613738104,-0.13052619222005163,0.0795873111333333,31.300166866666668,31.59976786666667,25881.785715
2020-05-16 17:45:00,-0.9978589232386035,-0.06540312923014362,0.05045076366666659,31.0485982,30.124161733333327,16533.9107144
2020-05-16 18:00:00,-1.0,-1.8369701987210297e-16,0.0262128633333333,30.311684133333333,28.362274333333332,8626.3392856
2020-05-16 18:15:00,-0.9978589232386036,0.06540312923014237,0.0088122812133333,29.548225733333325,26.940338066666673,2770.2678569
2020-05-16 18:30:00,-0.9914448613738104,0.13052619222005213,0.00035944967323999996,28.973063333333325,25.9079486,0.0
2020-05-16 18:45:00,-0.9807852804032304,0.1950903220161283,0.0,28.685984200000004,25.503218533333328,0.0
2020-05-16 19:00:00,-0.9659258262890682,0.25881904510252113,0.0,28.31019578571428,25.37907214285714,0.0
2020-05-16 19:15:00,-0.9469301294951057,0.3214394653031615,0.0,27.9578898,25.1996236,0.0
2020-05-16 19:30:00,-0.9238795325112866,0.38268343236509,0.0,27.57085773333333,25.1651774,0.0
2020-05-16 19:45:00,-0.8968727415326884,0.442288690219001,0.0,27.256431,24.950970199999997,0.0
2020-05-16 20:00:00,-0.8660254037844386,0.5000000000000001,0.0,26.941198600000003,24.4972452,0.0
2020-05-16 20:15:00,-0.8314696123025455,0.5555702330196018,0.0,26.701993733333328,24.079714066666664,0.0
2020-05-16 20:30:00,-0.7933533402912352,0.6087614290087205,0.0,26.483792999999995,23.827305133333336,0.0
2020-05-16 20:45:00,-0.7518398074789777,0.6593458151000684,0.0,26.312024857142855,23.62220114285714,0.0
2020-05-16 21:00:00,-0.7071067811865477,0.7071067811865474,0.0,26.008247799999996,23.321525066666663,0.0
2020-05-16 21:15:00,-0.6593458151000687,0.7518398074789775,0.0,25.61655473333333,22.952588,0.0
2020-05-16 21:30:00,-0.608761429008721,0.7933533402912349,0.0,25.286441933333325,22.64899693333333,0.0
2020-05-16 21:45:00,-0.5555702330196022,0.8314696123025452,0.0,25.1239094,22.43270273333333,0.0
2020-05-16 22:00:00,-0.5000000000000004,0.8660254037844384,0.0,25.053472800000005,22.2860412,0.0
2020-05-16 22:15:00,-0.4422886902190014,0.8968727415326883,0.0,24.840010599999996,22.0829142,0.0
2020-05-16 22:30:00,-0.38268343236508956,0.9238795325112868,0.0,24.612066533333333,21.97715853333333,0.0
2020-05-16 22:45:00,-0.32143946530316186,0.9469301294951056,0.0,24.492980857142857,22.052697285714284,0.0
2020-05-16 23:00:00,-0.2588190451025207,0.9659258262890683,0.0,24.461625066666667,22.18635246666667,0.0
2020-05-16 23:15:00,-0.19509032201612872,0.9807852804032303,0.0,24.39256806666667,22.2029236,0.0
2020-05-16 23:30:00,-0.13052619222005168,0.9914448613738104,0.0,24.3780212,22.112622066666667,0.0
2020-05-16 23:45:00,-0.06540312923014367,0.9978589232386035,0.0,24.2493468,21.814211066666665,0.0
2020-05-17 00:00:00,0.0,1.0,0.0,24.170165933333337,21.63149,0.0
2020-05-17 00:15:00,0.06540312923014306,0.9978589232386035,0.0,24.011531466666668,21.6482788,0.0
2020-05-17 00:30:00,0.13052619222005157,0.9914448613738104,0.0,23.8949484,21.48822633333333,0.0
2020-05-17 00:45:00,0.19509032201612825,0.9807852804032304,0.0,23.936808999999997,21.515644642857144,0.0
2020-05-17 01:00:00,0.25881904510252074,0.9659258262890683,0.0,23.879315066666667,21.539557066666667,0.0
2020-05-17 01:15:00,0.3214394653031616,0.9469301294951057,0.0,23.75795086666667,21.39526566666667,0.0
2020-05-17 01:30:00,0.3826834323650898,0.9238795325112867,0.0,23.732131937500004,21.8714694375,0.0
2020-05-17 01:45:00,0.4422886902190013,0.8968727415326883,0.0,23.726536066666668,21.646289066666665,0.0
2020-05-17 02:00:00,0.49999999999999994,0.8660254037844387,0.0,23.5248778,21.337225266666668,0.0
2020-05-17 02:15:00,0.5555702330196022,0.8314696123025452,0.0,23.458154133333327,21.357688333333336,0.0
2020-05-17 02:30:00,0.6087614290087207,0.7933533402912352,0.0,23.388741199999995,21.382649866666668,0.0
2020-05-17 02:45:00,0.6593458151000688,0.7518398074789774,0.0,23.265284928571425,21.255172642857147,0.0
2020-05-17 03:00:00,0.7071067811865476,0.7071067811865476,0.0,23.317295400000003,21.500791266666663,0.0
2020-05-17 03:15:00,0.7518398074789773,0.659345815100069,0.0,23.213891600000004,21.4639018,0.0
2020-05-17 03:30:00,0.7933533402912352,0.6087614290087207,0.0,22.9518738,20.877089466666664,0.0
2020-05-17 03:45:00,0.8314696123025452,0.5555702330196023,0.0,22.941931,20.8091066,0.0
2020-05-17 04:00:00,0.8660254037844386,0.5000000000000001,0.0,22.86391193333333,20.755200200000004,0.0
2020-05-17 04:15:00,0.8968727415326884,0.44228869021900125,0.0,22.822157866666668,20.885530466666665,0.0
2020-05-17 04:30:00,0.9238795325112867,0.38268343236508984,0.0,22.8671814,21.154836066666668,0.0
2020-05-17 04:45:00,0.9469301294951057,0.3214394653031615,0.0,22.746960466666668,21.0750916,0.0
2020-05-17 05:00:00,0.9659258262890683,0.25881904510252074,0.0,22.567999266666664,20.847640066666667,0.0
2020-05-17 05:15:00,0.9807852804032304,0.19509032201612833,0.0,22.572514071428568,20.91312521428572,0.0
2020-05-17 05:30:00,0.9914448613738104,0.1305261922200517,0.0,22.549147400000003,21.070228933333333,0.0
2020-05-17 05:45:00,0.9978589232386035,0.06540312923014305,0.000333454882,22.5879394,21.22639153333333,0.0
2020-05-17 06:00:00,1.0,6.123233995736766e-17,0.00478462602,22.69311313333333,21.416339066666666,33.875
2020-05-17 06:15:00,0.9978589232386035,-0.06540312923014292,0.012349707533333303,22.79481626666667,21.689546733333334,2686.3214286
2020-05-17 06:30:00,0.9914448613738105,-0.13052619222005138,0.0341808814,22.685673066666663,21.89033826666667,9962.3571428
2020-05-17 06:45:00,0.9807852804032305,-0.19509032201612797,0.0679046076,22.94856573333333,22.59763193333333,19398.2142856
2020-05-17 07:00:00,0.9659258262890683,-0.25881904510252085,0.1069960559333333,23.29249893333333,23.8324564,31089.035716
2020-05-17 07:15:00,0.9469301294951057,-0.3214394653031616,0.1964333966666666,23.61099233333333,25.83404733333333,54007.767857
2020-05-17 07:30:00,0.9238795325112867,-0.3826834323650897,0.22192249214285706,23.90845814285714,27.499169499999997,62683.946427999996
2020-05-17 07:45:00,0.8968727415326884,-0.44228869021900113,0.3224647546666666,24.331876666666663,30.978354933333325,94392.714285
2020-05-17 08:00:00,0.8660254037844387,-0.4999999999999998,0.37870241199999993,25.0617614,34.63271466666667,111470.267857
2020-05-17 08:15:00,0.8314696123025451,-0.5555702330196023,0.38355026933333325,25.64680373333334,37.81797673333334,113588.17857
2020-05-17 08:30:00,0.7933533402912352,-0.6087614290087207,0.4169753466666666,26.146225933333326,40.326182133333326,123013.892857
2020-05-17 08:45:00,0.7518398074789774,-0.6593458151000688,0.561811632,27.030932600000003,44.45619293333334,164801.160715
2020-05-17 09:00:00,0.7071067811865476,-0.7071067811865475,0.5760844593333334,27.683191,48.176432,169528.375
2020-05-17 09:15:00,0.6593458151000686,-0.7518398074789776,0.4417064292857143,27.985940285714285,45.11740971428571,142848.482143
2020-05-17 09:30:00,0.6087614290087204,-0.7933533402912353,0.626964662,28.59910273333333,46.90497853333332,183590.821428
2020-05-17 09:45:00,0.5555702330196022,-0.8314696123025453,0.7723580713333331,29.235619999999997,49.9406148,227299.58929
2020-05-17 10:00:00,0.49999999999999994,-0.8660254037844387,0.7535374446666668,30.091312666666667,52.089469333333334,216354.160702
2020-05-17 10:15:00,0.4422886902190013,-0.8968727415326883,0.7175451686666666,30.02618813333333,48.93250113333332,213328.357147
2020-05-17 10:30:00,0.3826834323650899,-0.9238795325112867,0.685881602,30.15890106666666,50.71840020000001,225160.44644
2020-05-17 10:45:00,0.32143946530316175,-0.9469301294951056,0.8551090753333334,31.06742553333333,55.446277200000004,252507.32143
2020-05-17 11:00:00,0.258819045102521,-0.9659258262890682,0.8123890526666666,31.16485806666667,55.28936173333332,243104.78571
2020-05-17 11:15:00,0.19509032201612816,-0.9807852804032304,0.9979036360000001,31.531130000000005,60.208569533333325,277243.94643
2020-05-17 11:30:00,0.13052619222005157,-0.9914448613738104,0.97745754,32.317808071428566,63.14558157142857,268838.82143
2020-05-17 11:45:00,0.06540312923014312,-0.9978589232386035,0.8699089559999998,32.5278644,61.8019916,236420.660706
2020-05-17 12:00:00,1.2246467991473532e-16,-1.0,0.635450962,32.495967666666665,56.101076266666674,179601.339283
2020-05-17 12:15:00,-0.06540312923014287,-0.9978589232386035,0.7835893886666667,32.98554906666667,55.0942282,232526.089289
2020-05-17 12:30:00,-0.13052619222005132,-0.9914448613738105,0.6696705126666667,33.10833713333334,56.4158632,183652.232143
2020-05-17 12:45:00,-0.19509032201612792,-0.9807852804032305,0.8371243526666667,33.64918780000001,56.55667753333333,230469.857144
2020-05-17 13:00:00,-0.25881904510252035,-0.9659258262890684,0.4224988753333333,33.88692626666666,53.80755813333333,129220.892857
2020-05-17 13:15:00,-0.3214394653031611,-0.9469301294951058,0.4517712339999999,33.053440333333334,43.3909484,141976.303573
2020-05-17 13:30:00,-0.3826834323650892,-0.923879532511287,0.7428897426666669,33.727413,54.2896504,225256.089284
2020-05-17 13:45:00,-0.44228869021900147,-0.8968727415326883,0.6250849942857142,34.05229864285714,52.027917142857135,186896.553571
2020-05-17 14:00:00,-0.5000000000000001,-0.8660254037844386,0.6977725753333333,34.48483913333333,55.32990506666667,195425.267851
2020-05-17 14:15:00,-0.5555702330196023,-0.8314696123025452,0.4311784306666666,34.304164533333335,47.85390453333333,127088.571429
2020-05-17 14:30:00,-0.6087614290087207,-0.7933533402912352,0.3150899026666667,34.02411533333334,44.905969266666666,87466.928572
2020-05-17 14:45:00,-0.6593458151000688,-0.7518398074789774,0.6598271179999999,34.147082733333335,47.63582766666666,209780.767856
2020-05-17 15:00:00,-0.7071067811865475,-0.7071067811865477,0.6836362013333332,35.109771733333325,54.05481966666666,203799.660711
2020-05-17 15:15:00,-0.7518398074789773,-0.6593458151000691,0.5102416726666666,35.25248613333334,49.98867166666666,157427.55357
2020-05-17 15:30:00,-0.7933533402912349,-0.6087614290087209,0.5909004857142856,34.98165257142857,49.418605214285726,174269.928572
2020-05-17 15:45:00,-0.8314696123025448,-0.555570233019603,0.289312882,34.6127872,43.38971593333332,92518.624999
2020-05-17 16:00:00,-0.8660254037844385,-0.5000000000000004,0.4533658826666666,34.73750799999999,44.045326466666666,140131.178571
2020-05-17 16:15:00,-0.8968727415326883,-0.44228869021900136,0.3384331157142856,31.03193885714285,39.526938357142846,102908.54762
2020-05-17 16:30:00,-0.9238795325112868,-0.3826834323650895,0.2913128866666666,29.56562293333333,36.276623400000005,93120.178572
2020-05-17 16:45:00,-0.9469301294951056,-0.3214394653031618,0.257869254,29.363769533333336,35.604502399999994,81902.267858
2020-05-17 17:00:00,-0.9659258262890683,-0.25881904510252063,0.1410015502666666,28.750748666666663,32.94330453333333,44835.803573
2020-05-17 17:15:00,-0.9807852804032303,-0.19509032201612866,0.1170341706666666,28.2966472,30.6336732,36720.339286
2020-05-17 17:30:00,-0.9914448613738104,-0.13052619222005163,0.0945128417142857,27.601739071428565,29.478367428571428,30144.785715
2020-05-17 17:45:00,-0.9978589232386035,-0.06540312923014362,0.0617229363333333,26.728900000000007,27.917517000000007,19238.3214285
2020-05-17 18:00:00,-1.0,-1.8369701987210297e-16,0.0236255477666666,26.354187066666668,26.4137554,6983.2678571
2020-05-17 18:15:00,-0.9978589232386036,0.06540312923014237,0.0103677880266666,26.136122600000007,25.373767200000007,2879.6964287
2020-05-17 18:30:00,-0.9914448613738104,0.13052619222005213,0.0008371204092466,26.141086733333328,25.04768066666667,0.0
2020-05-17 18:45:00,-0.9807852804032304,0.1950903220161283,0.0,25.99661440000001,24.617095866666663,0.0
2020-05-17 19:00:00,-0.9659258262890682,0.25881904510252113,0.0,25.860237799999997,24.041202800000004,0.0
2020-05-17 19:15:00,-0.9469301294951057,0.3214394653031615,0.0,25.983874333333333,24.02473346666667,0.0
2020-05-17 19:30:00,-0.9238795325112866,0.38268343236509,0.0,25.908121666666663,24.077667266666676,0.0
2020-05-17 19:45:00,-0.8968727415326884,0.442288690219001,0.0,25.816386571428573,24.16028707142857,0.0
2020-05-17 20:00:00,-0.8660254037844386,0.5000000000000001,0.0,25.671177266666668,24.322601266666663,0.0
2020-05-17 20:15:00,-0.8314696123025455,0.5555702330196018,0.0,25.501432266666665,23.83279846666666,0.0
2020-05-17 20:30:00,-0.7933533402912352,0.6087614290087205,0.0,25.29024046666667,23.789335066666663,0.0
2020-05-17 20:45:00,-0.7518398074789777,0.6593458151000684,0.0,25.286080000000002,24.130078200000003,0.0
2020-05-17 21:00:00,-0.7071067811865477,0.7071067811865474,0.0,25.382098400000004,24.566923,0.0
2020-05-17 21:15:00,-0.6593458151000687,0.7518398074789775,0.0,22.50401006666667,21.093290266666667,0.0
2020-05-17 21:30:00,-0.608761429008721,0.7933533402912349,0.0,21.507785933333327,20.427958,0.0
2020-05-17 21:45:00,-0.5555702330196022,0.8314696123025452,0.0,21.294806357142853,20.37712092857143,0.0
2020-05-17 22:00:00,-0.5000000000000004,0.8660254037844384,0.0,21.237546733333332,20.449766,0.0
2020-05-17 22:15:00,-0.4422886902190014,0.8968727415326883,0.0,21.260813466666665,20.511558,0.0
2020-05-17 22:30:00,-0.38268343236508956,0.9238795325112868,0.0,21.314433,20.633658733333327,0.0
2020-05-17 22:45:00,-0.32143946530316186,0.9469301294951056,0.0,21.31589153333333,20.690883266666667,0.0
2020-05-17 23:00:00,-0.2588190451025207,0.9659258262890683,0.0,21.2205322,20.590588399999994,0.0
2020-05-17 23:15:00,-0.19509032201612872,0.9807852804032303,0.0,21.216575066666667,20.6353922,0.0
2020-05-17 23:30:00,-0.13052619222005168,0.9914448613738104,0.0,21.273112,20.632493266666668,0.0
2020-05-17 23:45:00,-0.06540312923014367,0.9978589232386035,0.0,21.209418285714285,20.563114714285717,0.0
2020-05-18 00:00:00,0.0,1.0,0.0,21.1556906,20.599399733333332,0.0
2020-05-18 00:15:00,0.06540312923014306,0.9978589232386035,0.0,21.0414368,20.475962266666667,0.0
2020-05-18 00:30:00,0.13052619222005157,0.9914448613738104,0.0,21.14206753333333,20.531305,0.0
2020-05-18 00:45:00,0.19509032201612825,0.9807852804032304,0.0,21.13725773333333,20.533317066666665,0.0
2020-05-18 01:00:00,0.25881904510252074,0.9659258262890683,0.0,21.070792666666662,20.480647866666665,0.0
2020-05-18 01:15:00,0.3214394653031616,0.9469301294951057,0.0,20.989664666666663,20.38562406666667,0.0
2020-05-18 01:30:00,0.3826834323650898,0.9238795325112867,0.0,20.983842,20.376831,0.0
2020-05-18 01:45:00,0.4422886902190013,0.8968727415326883,0.0,21.027005866666663,20.393176200000003,0.0
2020-05-18 02:00:00,0.49999999999999994,0.8660254037844387,0.0,20.969343142857145,20.333884,0.0
2020-05-18 02:15:00,0.5555702330196022,0.8314696123025452,0.0,21.007230733333337,20.224764,0.0
2020-05-18 02:30:00,0.6087614290087207,0.7933533402912352,0.0,21.13065793333333,20.224632,0.0
2020-05-18 02:45:00,0.6593458151000688,0.7518398074789774,0.0,21.211199999999995,20.258032333333333,0.0
2020-05-18 03:00:00,0.7071067811865476,0.7071067811865476,0.0,21.25834353333333,20.346830266666668,0.0
2020-05-18 03:15:00,0.7518398074789773,0.659345815100069,0.0,21.351094533333328,20.8456686,0.0
2020-05-18 03:30:00,0.7933533402912352,0.6087614290087207,0.0,21.370375666666664,21.00739133333333,0.0
2020-05-18 03:45:00,0.8314696123025452,0.5555702330196023,0.0,21.3891804,20.86159873333333,0.0
2020-05-18 04:00:00,0.8660254037844386,0.5000000000000001,0.0,21.4589906,20.88282673333333,0.0
2020-05-18 04:15:00,0.8968727415326884,0.44228869021900125,0.0,21.187731933333332,20.365230333333333,0.0
2020-05-18 04:30:00,0.9238795325112867,0.38268343236508984,0.0,21.036965428571428,19.75568707142857,0.0
2020-05-18 04:45:00,0.9469301294951057,0.3214394653031615,0.0,20.961525466666664,19.47753106666667,0.0
2020-05-18 05:00:00,0.9659258262890683,0.25881904510252074,0.0,21.00024833333333,19.778517666666666,0.0
2020-05-18 05:15:00,0.9807852804032304,0.19509032201612833,0.0,21.127661266666664,20.065865,0.0
2020-05-18 05:30:00,0.9914448613738104,0.1305261922200517,0.0,21.194393066666667,20.01042266666667,0.0
2020-05-18 05:45:00,0.9978589232386035,0.06540312923014305,0.0005199656633333,21.265387133333327,19.97623313333333,0.0
2020-05-18 06:00:00,1.0,6.123233995736766e-17,0.00859414896,21.30836173333333,20.28832386666667,1591.4107143
2020-05-18 06:15:00,0.9978589232386035,-0.06540312923014292,0.0283668289333333,21.431498266666665,20.859558,8430.1964286
2020-05-18 06:30:00,0.9914448613738105,-0.13052619222005138,0.0539561357142857,21.610323285714287,21.56044657142857,16432.3035713
2020-05-18 06:45:00,0.9807852804032305,-0.19509032201612797,0.0805502275333333,21.672629800000003,22.11884373333333,25202.517858
2020-05-18 07:00:00,0.9659258262890683,-0.25881904510252085,0.1175455726666666,21.834507400000003,23.14069626666667,37087.482142
2020-05-18 07:15:00,0.9469301294951057,-0.3214394653031616,0.187030046,22.19873053333333,25.319020466666665,58659.571429
2020-05-18 07:30:00,0.9238795325112867,-0.3826834323650897,0.24462302933333332,22.696124266666665,28.3609558,75916.124999
2020-05-18 07:45:00,0.8968727415326884,-0.44228869021900113,0.119259876,23.109639466666664,29.0602518,39010.089286
2020-05-18 08:00:00,0.8660254037844387,-0.4999999999999998,0.0829558039333333,23.232289466666664,26.963016799999995,27942.714286000002
2020-05-18 08:15:00,0.8314696123025451,-0.5555702330196023,0.0897481783333333,23.337219066666663,26.206347733333327,30378.553571
2020-05-18 08:30:00,0.7933533402912352,-0.6087614290087207,0.11809229466666661,23.50864866666667,26.829099600000003,40084.678570000004
2020-05-18 08:45:00,0.7518398074789774,-0.6593458151000688,0.1246440646428571,23.5459355,27.599182,42335.142856
2020-05-18 09:00:00,0.7071067811865476,-0.7071067811865475,0.1154349828,23.7412598,27.860758533333332,38993.053572
2020-05-18 09:15:00,0.6593458151000686,-0.7518398074789776,0.1104082978666666,23.763322000000002,27.507177666666667,37807.107143
2020-05-18 09:30:00,0.6087614290087204,-0.7933533402912353,0.09638069039999998,23.76201373333333,27.19713126666666,32844.732142
2020-05-18 09:45:00,0.5555702330196022,-0.8314696123025453,0.09929516179999999,23.76213573333333,26.630550000000003,33617.946427
2020-05-18 10:00:00,0.49999999999999994,-0.8660254037844387,0.112813087,23.8746256,26.81340946666667,38515.714285
2020-05-18 10:15:00,0.4422886902190013,-0.8968727415326883,0.1422467350666666,23.838385000000002,27.240083733333336,48692.642857
2020-05-18 10:30:00,0.3826834323650899,-0.9238795325112867,0.20888875,24.006947666666665,28.83434853333333,70514.946428
2020-05-18 10:45:00,0.32143946530316175,-0.9469301294951056,0.374390925,24.324541357142856,32.964675928571424,124139.857143
2020-05-18 11:00:00,0.258819045102521,-0.9659258262890682,0.4349046853333334,24.86980793333333,37.53728039999999,141221.107143
2020-05-18 11:15:00,0.19509032201612816,-0.9807852804032304,0.4847505873333333,25.1295838,39.552423133333335,156460.589286
2020-05-18 11:30:00,0.13052619222005157,-0.9914448613738104,0.3514650546666666,25.289666666666665,38.92812506666666,114715.142857
2020-05-18 11:45:00,0.06540312923014312,-0.9978589232386035,0.41488319333333323,25.215167266666665,37.6112162,136059.321432
2020-05-18 12:00:00,1.2246467991473532e-16,-1.0,0.5623129906666666,25.70663053333333,41.3690166,179929.214286
2020-05-18 12:15:00,-0.06540312923014287,-0.9978589232386035,0.6032151686666668,26.310502066666665,46.148805933333335,188915.75
2020-05-18 12:30:00,-0.13052619222005132,-0.9914448613738105,0.5932437233333331,26.840596666666666,45.97044666666666,186530.017856
2020-05-18 12:45:00,-0.19509032201612792,-0.9807852804032305,0.5511298453333334,26.932354666666665,44.0610454,174851.910715
2020-05-18 13:00:00,-0.25881904510252035,-0.9659258262890684,0.5673698246666667,27.019004333333328,45.002500266666665,177364.875
2020-05-18 13:15:00,-0.3214394653031611,-0.9469301294951058,0.7228268242857143,27.123125214285718,43.86432764285714,216198.017862
2020-05-18 13:30:00,-0.3826834323650892,-0.923879532511287,0.8068469279999999,27.371872999999997,49.58760180000001,249168.625
2020-05-18 13:45:00,-0.44228869021900147,-0.8968727415326883,0.97148052,27.861279133333326,52.84501126666667,283058.5
2020-05-18 14:00:00,-0.5000000000000001,-0.8660254037844386,0.7235532206666667,28.367100066666662,53.936739200000005,211026.249994
2020-05-18 14:15:00,-0.5555702330196023,-0.8314696123025452,0.344136892,27.717987066666662,42.515350533333326,109092.50000100001
2020-05-18 14:30:00,-0.6087614290087207,-0.7933533402912352,0.453461884,27.390254733333336,39.45489506666667,144934.160714
2020-05-18 14:45:00,-0.6593458151000688,-0.7518398074789774,0.4386813753333332,27.21775093333333,38.819875,139421.55357
2020-05-18 15:00:00,-0.7071067811865475,-0.7071067811865477,0.5478691779999999,27.2929586,41.94669766666666,171790.375
2020-05-18 15:15:00,-0.7518398074789773,-0.6593458151000691,0.555787044,27.22515273333333,42.82454406666666,174604.571428
2020-05-18 15:30:00,-0.7933533402912349,-0.6087614290087209,0.52508064,27.56823728571429,43.82351471428571,165630.178572
2020-05-18 15:45:00,-0.8314696123025448,-0.555570233019603,0.49616946600000006,27.814182533333334,43.054219466666666,154637.589285
2020-05-18 16:00:00,-0.8660254037844385,-0.5000000000000004,0.41279745333333345,27.823516666666663,40.7451396,130217.464287
2020-05-18 16:15:00,-0.8968727415326883,-0.44228869021900136,0.299364092,27.479427066666663,37.63392773333333,93451.303571
2020-05-18 16:30:00,-0.9238795325112868,-0.3826834323650895,0.2568065713333334,27.230830933333333,34.6317082,81507.714284
2020-05-18 16:45:00,-0.9469301294951056,-0.3214394653031618,0.1971915986666666,27.048868933333328,32.782216333333324,63732.375
2020-05-18 17:00:00,-0.9659258262890683,-0.25881904510252063,0.1492800746666666,26.624064000000008,30.85439253333333,48874.107142
2020-05-18 17:15:00,-0.9807852804032303,-0.19509032201612866,0.1109690122,26.434037266666667,29.214530333333332,36544.785714
2020-05-18 17:30:00,-0.9914448613738104,-0.13052619222005163,0.0775804512142857,26.119827357142864,27.814555357142854,25218.446428
2020-05-18 17:45:00,-0.9978589232386035,-0.06540312923014362,0.0509663638,25.672503599999995,26.492338066666665,16172.4642856
2020-05-18 18:00:00,-1.0,-1.8369701987210297e-16,0.0307901562666666,25.250388666666662,25.3468934,9359.9285713
2020-05-18 18:15:00,-0.9978589232386036,0.06540312923014237,0.0139073641466666,24.9734254,24.41195066666667,3645.0357143
2020-05-18 18:30:00,-0.9914448613738104,0.13052619222005213,0.0019180998580666,24.746293133333328,23.715887466666672,17.875
2020-05-18 18:45:00,-0.9807852804032304,0.1950903220161283,0.0,24.62904473333333,23.3245056,0.0
2020-05-18 19:00:00,-0.9659258262890682,0.25881904510252113,0.0,24.541290266666667,23.18553866666667,0.0
2020-05-18 19:15:00,-0.9469301294951057,0.3214394653031615,0.0,24.498402866666662,23.097552533333328,0.0
2020-05-18 19:30:00,-0.9238795325112866,0.38268343236509,0.0,24.466125533333333,23.028159666666667,0.0
2020-05-18 19:45:00,-0.8968727415326884,0.442288690219001,0.0,24.412616,22.996329666666664,0.0
2020-05-18 20:00:00,-0.8660254037844386,0.5000000000000001,0.0,24.3377575,22.61223907142857,0.0
2020-05-18 20:15:00,-0.8314696123025455,0.5555702330196018,0.0,24.169771333333333,21.926884066666663,0.0
2020-05-18 20:30:00,-0.7933533402912352,0.6087614290087205,0.0,24.05134873333333,21.943363466666668,0.0
2020-05-18 20:45:00,-0.7518398074789777,0.6593458151000684,0.0,23.8982564,21.728692533333327,0.0
2020-05-18 21:00:00,-0.7071067811865477,0.7071067811865474,0.0,23.72655033333333,21.563179466666668,0.0
2020-05-18 21:15:00,-0.6593458151000687,0.7518398074789775,0.0,23.63282466666666,21.526403933333327,0.0
2020-05-18 21:30:00,-0.608761429008721,0.7933533402912349,0.0,23.644559666666666,21.496999066666667,0.0
2020-05-18 21:45:00,-0.5555702330196022,0.8314696123025452,0.0,23.303951066666663,21.161399333333332,0.0
2020-05-18 22:00:00,-0.5000000000000004,0.8660254037844384,0.0,23.088842866666667,20.913444,0.0
2020-05-18 22:15:00,-0.4422886902190014,0.8968727415326883,0.0,22.913321142857136,20.759881142857136,0.0
2020-05-18 22:30:00,-0.38268343236508956,0.9238795325112868,0.0,22.8502136,20.73205366666667,0.0
2020-05-18 22:45:00,-0.32143946530316186,0.9469301294951056,0.0,22.8157798,20.72792366666667,0.0
2020-05-18 23:00:00,-0.2588190451025207,0.9659258262890683,0.0,22.787469466666668,20.8693136,0.0
2020-05-18 23:15:00,-0.19509032201612872,0.9807852804032303,0.0,22.8566712,21.085955733333336,0.0
2020-05-18 23:30:00,-0.13052619222005168,0.9914448613738104,0.0,22.750575866666665,20.816385866666668,0.0
2020-05-18 23:45:00,-0.06540312923014367,0.9978589232386035,0.0,22.621004266666663,20.6383708,0.0
2020-05-19 00:00:00,0.0,1.0,0.0,22.6109822,20.609905933333334,0.0
2020-05-19 00:15:00,0.06540312923014306,0.9978589232386035,0.0,22.54899814285714,20.52987657142857,0.0
2020-05-19 00:30:00,0.13052619222005157,0.9914448613738104,0.0,22.553049733333328,20.4879678,0.0
2020-05-19 00:45:00,0.19509032201612825,0.9807852804032304,0.0,22.56621713333333,20.4848938,0.0
2020-05-19 01:00:00,0.25881904510252074,0.9659258262890683,0.0,22.6252198,20.58671073333333,0.0
2020-05-19 01:15:00,0.3214394653031616,0.9469301294951057,0.0,22.595463066666667,20.627077333333336,0.0
2020-05-19 01:30:00,0.3826834323650898,0.9238795325112867,0.0,22.5935506,20.697031866666663,0.0
2020-05-19 01:45:00,0.4422886902190013,0.8968727415326883,0.0,22.701711000000003,20.7254476,0.0
2020-05-19 02:00:00,0.49999999999999994,0.8660254037844387,0.0,22.759263,20.750472,0.0
2020-05-19 02:15:00,0.5555702330196022,0.8314696123025452,0.0,22.814073785714285,20.771355785714285,0.0
2020-05-19 02:30:00,0.6087614290087207,0.7933533402912352,0.0,22.8776184,20.811470600000003,0.0
2020-05-19 02:45:00,0.6593458151000688,0.7518398074789774,0.0,22.93003146666667,20.8492228,0.0
2020-05-19 03:00:00,0.7071067811865476,0.7071067811865476,0.0,22.953436333333336,20.8419148,0.0
2020-05-19 03:15:00,0.7518398074789773,0.659345815100069,0.0,23.002309133333327,20.79196993333333,0.0
2020-05-19 03:30:00,0.7933533402912352,0.6087614290087207,0.0,23.0468344,20.812300666666665,0.0
2020-05-19 03:45:00,0.8314696123025452,0.5555702330196023,0.0,23.070223,20.8081972,0.0
2020-05-19 04:00:00,0.8660254037844386,0.5000000000000001,0.0,23.082743266666665,20.7709128,0.0
2020-05-19 04:15:00,0.8968727415326884,0.44228869021900125,0.0,23.19221278571429,20.853243214285712,0.0
2020-05-19 04:30:00,0.9238795325112867,0.38268343236508984,0.0,23.218198666666662,20.8823874,0.0
2020-05-19 04:45:00,0.9469301294951057,0.3214394653031615,0.0,23.269362399999995,20.983366000000004,0.0
2020-05-19 05:00:00,0.9659258262890683,0.25881904510252074,0.0,23.351676466666664,21.251873733333333,0.0
2020-05-19 05:15:00,0.9807852804032304,0.19509032201612833,0.0,23.34258833333333,21.2198508,0.0
2020-05-19 05:30:00,0.9914448613738104,0.1305261922200517,0.0,23.19291173333333,20.93427533333333,0.0
2020-05-19 05:45:00,0.9978589232386035,0.06540312923014305,0.0003183178168666,23.147200466666668,21.20465293333333,0.0
2020-05-19 06:00:00,1.0,6.123233995736766e-17,0.00431375216,23.281386399999995,21.919765266666666,0.0
2020-05-19 06:15:00,0.9978589232386035,-0.06540312923014292,0.0096971220999999,23.344480214285717,22.342457428571432,2114.67857132
2020-05-19 06:30:00,0.9914448613738105,-0.13052619222005138,0.0126500733333333,23.427264533333332,22.553234866666664,3838.4821428
2020-05-19 06:45:00,0.9807852804032305,-0.19509032201612797,0.0467522423333333,23.587766400000007,22.965578200000003,15942.5892857
2020-05-19 07:00:00,0.9659258262890683,-0.25881904510252085,0.1720124636666667,24.034554,24.976403933333327,54146.571429
2020-05-19 07:15:00,0.9469301294951057,-0.3214394653031616,0.1875066193333333,24.505352933333327,27.033671066666667,58187.821429
2020-05-19 07:30:00,0.9238795325112867,-0.3826834323650897,0.1886549799999999,24.80741786666666,29.581636466666666,58572.232143
2020-05-19 07:45:00,0.8968727415326884,-0.44228869021900113,0.2351156386666667,25.04675513333333,31.10614626666666,71962.410715
2020-05-19 08:00:00,0.8660254037844387,-0.4999999999999998,0.1312115527333333,25.179372266666665,30.782277533333332,40769.553573
2020-05-19 08:15:00,0.8314696123025451,-0.5555702330196023,0.19409154428571426,25.18879692857143,30.107465642857143,59409.678571
2020-05-19 08:30:00,0.7933533402912352,-0.6087614290087207,0.2977888,25.61507166666667,33.972491733333335,93036.732143
2020-05-19 08:45:00,0.7518398074789774,-0.6593458151000688,0.2735150473333333,25.79166053333333,34.815734666666664,87568.196429
2020-05-19 09:00:00,0.7071067811865476,-0.7071067811865475,0.386892012,26.1215332,36.85808506666665,122603.035715
2020-05-19 09:15:00,0.6593458151000686,-0.7518398074789776,0.4241181026666666,26.495521866666664,39.636977133333325,135656.124999
2020-05-19 09:30:00,0.6087614290087204,-0.7933533402912353,0.6465474886666664,27.322759933333337,45.7407144,183718.446428
2020-05-19 09:45:00,0.5555702330196022,-0.8314696123025453,0.5261106153333333,27.519643266666666,46.130108666666665,153898.964285
2020-05-19 10:00:00,0.49999999999999994,-0.8660254037844387,0.4921659633333334,27.605253133333335,43.148862666666666,142343.071429
2020-05-19 10:15:00,0.4422886902190013,-0.8968727415326883,0.5924935807142857,27.712920999999998,43.051186571428566,172335.232143
2020-05-19 10:30:00,0.3826834323650899,-0.9238795325112867,0.5110362213333333,27.89099326666667,44.39553446666666,153579.035714
2020-05-19 10:45:00,0.32143946530316175,-0.9469301294951056,0.601559176,27.815673733333327,43.86323240000001,183547.839287
2020-05-19 11:00:00,0.258819045102521,-0.9659258262890682,0.8130008580000001,28.1994974,48.01419866666666,227860.053575
2020-05-19 11:15:00,0.19509032201612816,-0.9807852804032304,0.49947327399999986,28.478570533333333,47.685272000000005,158922.482143
2020-05-19 11:30:00,0.13052619222005157,-0.9914448613738104,0.283390025,28.08173375,40.725124125,89116.25000100001
2020-05-19 11:45:00,0.06540312923014312,-0.9978589232386035,0.39712455125,28.472466229166667,42.81330309375,121062.770834
2020-05-19 12:00:00,1.2246467991473532e-16,-1.0,0.5108590774999999,28.86319870833333,44.90148206250001,153009.29166699998
2020-05-19 12:15:00,-0.06540312923014287,-0.9978589232386035,0.62459360375,29.253931187499994,46.98966103125001,184955.8125
2020-05-19 12:30:00,-0.13052619222005132,-0.9914448613738105,0.73832813,29.64466366666666,49.07784000000001,216902.333333
2020-05-19 12:45:00,-0.19509032201612792,-0.9807852804032305,0.835832152,29.9514374,51.408309800000005,252043.0
2020-05-19 13:00:00,-0.25881904510252035,-0.9659258262890684,0.7019433013333334,30.105845400000007,51.84774173333333,215824.428591
2020-05-19 13:15:00,-0.3214394653031611,-0.9469301294951058,0.5473548466666667,29.908207199999996,49.46065899999999,169603.5
2020-05-19 13:30:00,-0.3826834323650892,-0.923879532511287,0.5306936493333334,29.603155533333332,44.5125144,167582.142857
2020-05-19 13:45:00,-0.44228869021900147,-0.8968727415326883,0.7212584940000001,29.98547573333333,48.13686326666668,221511.5
2020-05-19 14:00:00,-0.5000000000000001,-0.8660254037844386,0.6448023653333332,29.9116638,49.188905600000005,198758.142857
2020-05-19 14:15:00,-0.5555702330196023,-0.8314696123025452,0.6824211164285713,30.111476357142852,49.456279,209733.625
2020-05-19 14:30:00,-0.6087614290087207,-0.7933533402912352,0.7305787679999999,30.299320466666668,50.35946660000001,223393.142847
2020-05-19 14:45:00,-0.6593458151000688,-0.7518398074789774,0.702796554,30.368632,50.099892,212843.553571
2020-05-19 15:00:00,-0.7071067811865475,-0.7071067811865477,0.5274703919999999,30.220640133333333,46.65866706666667,162192.964287
2020-05-19 15:15:00,-0.7518398074789773,-0.6593458151000691,0.43247106533333324,30.03545133333333,43.3170714,133047.053571
2020-05-19 15:30:00,-0.7933533402912349,-0.6087614290087209,0.4500676046666667,29.785141866666667,40.8995442,143420.875002
2020-05-19 15:45:00,-0.8314696123025448,-0.555570233019603,0.3798659046666666,29.76168613333333,40.82955953333333,119640.107141
2020-05-19 16:00:00,-0.8660254037844385,-0.5000000000000004,0.4615756146666666,29.7693278,40.701816533333336,143051.910714
2020-05-19 16:15:00,-0.8968727415326883,-0.44228869021900136,0.3904150371428571,29.911296071428577,41.1940265,116418.553571
2020-05-19 16:30:00,-0.9238795325112868,-0.3826834323650895,0.3286678413333333,29.6577312,39.18270073333333,82900.875
2020-05-19 16:45:00,-0.9469301294951056,-0.3214394653031618,0.2639367406666666,29.373718266666668,36.96112066666667,66968.428569
2020-05-19 17:00:00,-0.9659258262890683,-0.25881904510252063,0.1892608939999999,29.096531133333333,34.4538818,48030.75
2020-05-19 17:15:00,-0.9807852804032303,-0.19509032201612866,0.1278067490666667,28.59915553333333,31.82115473333333,32798.142858
2020-05-19 17:30:00,-0.9914448613738104,-0.13052619222005163,0.08722808,28.11065073333333,29.98121346666667,22507.625
2020-05-19 17:45:00,-0.9978589232386035,-0.06540312923014362,0.0377508244,27.6489196,28.547047799999998,9634.7142855
2020-05-19 18:00:00,-1.0,-1.8369701987210297e-16,0.0015752938426666,25.0463766,25.426198266666667,18.0
2020-05-19 18:15:00,-0.9978589232386036,0.06540312923014237,0.0003286336506666,23.2004924,22.072212666666665,0.0
2020-05-19 18:30:00,-0.9914448613738104,0.13052619222005213,0.0,22.543171428571423,20.736243071428568,0.0
2020-05-19 18:45:00,-0.9807852804032304,0.1950903220161283,1.5969891733333336e-05,22.475012133333333,20.737575266666667,0.0
2020-05-19 19:00:00,-0.9659258262890682,0.25881904510252113,0.0,22.450284866666667,20.74547933333333,0.0
2020-05-19 19:15:00,-0.9469301294951057,0.3214394653031615,0.0,22.510243666666668,20.685723933333332,0.0
2020-05-19 19:30:00,-0.9238795325112866,0.38268343236509,0.0,22.54768473333333,20.47412926666667,0.0
2020-05-19 19:45:00,-0.8968727415326884,0.442288690219001,0.0,22.490025066666668,20.333485733333337,0.0
2020-05-19 20:00:00,-0.8660254037844386,0.5000000000000001,0.0,22.388783866666664,20.06214393333333,0.0
2020-05-19 20:15:00,-0.8314696123025455,0.5555702330196018,0.0,22.85917553333333,20.228641866666667,0.0
2020-05-19 20:30:00,-0.7933533402912352,0.6087614290087205,0.0,23.40488066666666,20.62076813333333,0.0
2020-05-19 20:45:00,-0.7518398074789777,0.6593458151000684,0.0,23.867262799999995,21.101176,0.0
2020-05-19 21:00:00,-0.7071067811865477,0.7071067811865474,0.0,24.02257421428571,21.449929357142853,0.0
2020-05-19 21:15:00,-0.6593458151000687,0.7518398074789775,0.0,24.0037862,21.4630168,0.0
2020-05-19 21:30:00,-0.608761429008721,0.7933533402912349,0.0,23.942895466666663,21.38899133333333,0.0
2020-05-19 21:45:00,-0.5555702330196022,0.8314696123025452,0.0,23.823187200000003,21.24833566666667,0.0
2020-05-19 22:00:00,-0.5000000000000004,0.8660254037844384,0.0,23.6713298,21.18211053333333,0.0
2020-05-19 22:15:00,-0.4422886902190014,0.8968727415326883,0.0,23.7010498,21.558252,0.0
2020-05-19 22:30:00,-0.38268343236508956,0.9238795325112868,0.0,23.56072993333333,21.31796673333333,0.0
2020-05-19 22:45:00,-0.32143946530316186,0.9469301294951056,0.0,23.3931456,21.10627453333333,0.0
2020-05-19 23:00:00,-0.2588190451025207,0.9659258262890683,0.0,23.23081673333333,20.72144773333333,0.0
2020-05-19 23:15:00,-0.19509032201612872,0.9807852804032303,0.0,22.916650214285717,20.368068142857144,0.0
2020-05-19 23:30:00,-0.13052619222005168,0.9914448613738104,0.0,22.787917200000003,20.3267742,0.0
2020-05-19 23:45:00,-0.06540312923014367,0.9978589232386035,0.0,22.638492866666663,20.2964478,0.0
2020-05-20 00:00:00,0.0,1.0,0.0,22.46528513333333,20.111122666666663,0.0
2020-05-20 00:15:00,0.06540312923014306,0.9978589232386035,0.0,22.2552064,20.1101744,0.0
2020-05-20 00:30:00,0.13052619222005157,0.9914448613738104,0.0,22.217138666666667,20.21119186666667,0.0
2020-05-20 00:45:00,0.19509032201612825,0.9807852804032304,0.0,22.22257086666667,20.012646533333328,0.0
2020-05-20 01:00:00,0.25881904510252074,0.9659258262890683,0.0,22.19119053333333,20.036071733333333,0.0
2020-05-20 01:15:00,0.3214394653031616,0.9469301294951057,0.0,22.181749642857145,19.998057785714288,0.0
2020-05-20 01:30:00,0.3826834323650898,0.9238795325112867,0.0,22.11587533333333,19.7206116,0.0
2020-05-20 01:45:00,0.4422886902190013,0.8968727415326883,0.0,22.155918266666664,19.795170133333333,0.0
2020-05-20 02:00:00,0.49999999999999994,0.8660254037844387,0.0,22.175140333333335,19.728521666666666,0.0
2020-05-20 02:15:00,0.5555702330196022,0.8314696123025452,0.0,21.9675416,19.439959666666667,0.0
2020-05-20 02:30:00,0.6087614290087207,0.7933533402912352,0.0,21.960974199999995,19.382358533333328,0.0
2020-05-20 02:45:00,0.6593458151000688,0.7518398074789774,0.0,21.9418578,19.304392400000005,0.0
2020-05-20 03:00:00,0.7071067811865476,0.7071067811865476,0.0,21.921218,19.330312066666668,0.0
2020-05-20 03:15:00,0.7518398074789773,0.659345815100069,0.0,22.009416857142856,19.45787921428571,0.0
2020-05-20 03:30:00,0.7933533402912352,0.6087614290087207,0.0,22.009790133333333,19.52385046666667,0.0
2020-05-20 03:45:00,0.8314696123025452,0.5555702330196023,0.0,22.108852,19.497703,0.0
2020-05-20 04:00:00,0.8660254037844386,0.5000000000000001,0.0,22.133602066666665,19.5210266,0.0
2020-05-20 04:15:00,0.8968727415326884,0.44228869021900125,0.0,22.156953933333337,19.550769066666668,0.0
2020-05-20 04:30:00,0.9238795325112867,0.38268343236508984,0.0,22.119610666666667,19.46474613333333,0.0
2020-05-20 04:45:00,0.9469301294951057,0.3214394653031615,0.0,22.078857466666665,19.3471294,0.0
2020-05-20 05:00:00,0.9659258262890683,0.25881904510252074,0.0,21.985909,19.168965533333328,0.0
2020-05-20 05:15:00,0.9807852804032304,0.19509032201612833,0.0,22.009881600000003,19.145835333333327,0.0
2020-05-20 05:30:00,0.9914448613738104,0.1305261922200517,0.0,21.883616928571428,18.824543357142858,0.0
2020-05-20 05:45:00,0.9978589232386035,0.06540312923014305,1.4736836000000003e-05,21.506819666666665,18.492340066666667,0.0
2020-05-20 06:00:00,1.0,6.123233995736766e-17,0.0090117260933333,21.3480144,18.811700333333327,2225.85714281
2020-05-20 06:15:00,0.9978589232386035,-0.06540312923014292,0.0321055547333333,21.70994886666666,19.537300666666667,9490.5535713
2020-05-20 06:30:00,0.9914448613738105,-0.13052619222005138,0.051038102733333306,21.996521066666663,20.094380866666672,15588.8035714
2020-05-20 06:45:00,0.9807852804032305,-0.19509032201612797,0.0713916354666666,22.1559958,20.62310193333333,21262.357143
2020-05-20 07:00:00,0.9659258262890683,-0.25881904510252085,0.1320388563333333,22.4990804,21.7430604,35721.500003
2020-05-20 07:15:00,0.9469301294951057,-0.3214394653031616,0.1989128933333333,22.93633213333333,23.896433466666668,55237.607143
2020-05-20 07:30:00,0.9238795325112867,-0.3826834323650897,0.2640124178571428,23.434548428571432,26.33118107142857,75476.571428
2020-05-20 07:45:00,0.8968727415326884,-0.44228869021900113,0.325195026,23.92114046666666,28.7693056,94528.625
2020-05-20 08:00:00,0.8660254037844387,-0.4999999999999998,0.3905848053333332,24.471148666666668,31.939571,114844.089286
2020-05-20 08:15:00,0.8314696123025451,-0.5555702330196023,0.4379202793333333,25.124652066666666,35.99217126666667,129962.62500100001
2020-05-20 08:30:00,0.7933533402912352,-0.6087614290087207,0.49836780199999997,25.56246340000001,38.252356133333336,149227.517857
2020-05-20 08:45:00,0.7518398074789774,-0.6593458151000688,0.5104697813333334,26.212556866666663,40.39654946666667,153696.125001
2020-05-20 09:00:00,0.7071067811865476,-0.7071067811865475,0.5750738046666666,26.4731404,41.65764953333333,173085.285714
2020-05-20 09:15:00,0.6593458151000686,-0.7518398074789776,0.6102461506666667,26.9201314,43.72293526666667,185002.839285
2020-05-20 09:30:00,0.6087614290087204,-0.7933533402912353,0.6374122793333333,27.20111693333333,44.107206266666665,191898.232143
2020-05-20 09:45:00,0.5555702330196022,-0.8314696123025453,0.7001427807142858,27.843497142857142,46.54200971428571,210226.392859
2020-05-20 10:00:00,0.49999999999999994,-0.8660254037844387,0.7516814453333333,28.077587800000003,48.34034806666668,224394.98215
2020-05-20 10:15:00,0.4422886902190013,-0.8968727415326883,0.8096695786666664,28.283062799999996,49.191477533333334,241515.67857
2020-05-20 10:30:00,0.3826834323650899,-0.9238795325112867,0.8091504293333334,28.752504466666664,51.54958113333333,240522.35714
2020-05-20 10:45:00,0.32143946530316175,-0.9469301294951056,0.8148198200000002,28.985984333333327,51.476499200000006,242660.4107
2020-05-20 11:00:00,0.258819045102521,-0.9659258262890682,0.8488509206666666,29.315938266666663,52.12607433333333,253123.5
2020-05-20 11:15:00,0.19509032201612816,-0.9807852804032304,0.9000696606666666,29.735261933333334,53.64847206666666,265878.41072
2020-05-20 11:30:00,0.13052619222005157,-0.9914448613738104,0.93859401,29.882983266666667,54.3455892,275921.82143
2020-05-20 11:45:00,0.06540312923014312,-0.9978589232386035,0.9129294213333332,30.19451906666667,56.65431326666666,269093.1607
2020-05-20 12:00:00,1.2246467991473532e-16,-1.0,0.9661854566666667,30.521348066666665,56.800533133333346,278431.64287
2020-05-20 12:15:00,-0.06540312923014287,-0.9978589232386035,0.9751613035714286,30.929116214285717,58.69564164285714,282200.7857
2020-05-20 12:30:00,-0.13052619222005132,-0.9914448613738105,0.9678900893333334,31.299159800000005,59.367140466666655,280843.83928
2020-05-20 12:45:00,-0.19509032201612792,-0.9807852804032305,0.9669222093333332,31.342490666666666,58.6883928,279474.25
2020-05-20 13:00:00,-0.25881904510252035,-0.9659258262890684,0.8978028199999998,31.39369706666667,56.83325393333334,254341.5357
2020-05-20 13:15:00,-0.3214394653031611,-0.9469301294951058,0.9024616809090908,31.52517981818181,56.27651418181819,267673.96666
2020-05-20 13:30:00,-0.3826834323650892,-0.923879532511287,0.8573853558556149,31.39484627005347,54.83904322994653,254321.08626823526
2020-05-20 13:45:00,-0.44228869021900147,-0.8968727415326883,0.812309030802139,31.26451272192513,53.40157227807487,240968.20587647057
2020-05-20 14:00:00,-0.5000000000000001,-0.8660254037844386,0.7672327057486631,31.134179173796785,51.96410132620322,227615.32548470586
2020-05-20 14:15:00,-0.5555702330196023,-0.8314696123025452,0.7221563806951872,31.003845625668443,50.52663037433156,214262.44509294117
2020-05-20 14:30:00,-0.6087614290087207,-0.7933533402912352,0.6770800556417111,30.873512077540102,49.0891594224599,200909.56470117645
2020-05-20 14:45:00,-0.6593458151000688,-0.7518398074789774,0.6320037305882353,30.74317852941176,47.65168847058824,187556.68430941174
2020-05-20 15:00:00,-0.7071067811865475,-0.7071067811865477,0.5869274055347593,30.61284498128342,46.21421751871658,174203.80391764705
2020-05-20 15:15:00,-0.7518398074789773,-0.6593458151000691,0.5418510804812835,30.48251143315508,44.77674656684492,160850.92352588236
2020-05-20 15:30:00,-0.7933533402912349,-0.6087614290087209,0.49677475542780747,30.352177885026734,43.33927561497327,147498.04313411764
2020-05-20 15:45:00,-0.8314696123025448,-0.555570233019603,0.45169843037433155,30.221844336898393,41.90180466310161,134145.16274235293
2020-05-20 16:00:00,-0.8660254037844385,-0.5000000000000004,0.40662210532085563,30.09151078877005,40.46433371122995,120792.28235058824
2020-05-20 16:15:00,-0.8968727415326883,-0.44228869021900136,0.3615457802673797,29.96117724064171,39.026862759358295,107439.40195882352
2020-05-20 16:30:00,-0.9238795325112868,-0.3826834323650895,0.3164694552139038,29.83084369251337,37.589391807486635,94086.52156705881
2020-05-20 16:45:00,-0.9469301294951056,-0.3214394653031618,0.2713931301604279,29.700510144385028,36.151920855614975,80733.64117529412
2020-05-20 17:00:00,-0.9659258262890683,-0.25881904510252063,0.22631680510695196,29.570176596256683,34.714449903743315,67380.7607835294
2020-05-20 17:15:00,-0.9807852804032303,-0.19509032201612866,0.18124048005347604,29.439843048128342,33.276978951871655,54027.88039176472
2020-05-20 17:30:00,-0.9914448613738104,-0.13052619222005163,0.136164155,29.3095095,31.839508,40675.0
2020-05-20 17:45:00,-0.9978589232386035,-0.06540312923014362,0.11193249133333329,28.99113573333333,31.093729600000003,34105.928571
2020-05-20 18:00:00,-1.0,-1.8369701987210297e-16,0.0601320612666666,28.524298066666667,29.694879200000003,18219.9285714
2020-05-20 18:15:00,-0.9978589232386036,0.06540312923014237,0.0263529064666666,27.9674928,27.485015733333338,7914.9999999
2020-05-20 18:30:00,-0.9914448613738104,0.13052619222005213,0.0047339318343333,27.510428933333333,25.83340653333333,1118.58928571
2020-05-20 18:45:00,-0.9807852804032304,0.1950903220161283,9.920095742857139e-05,27.11209978571429,24.688794642857143,0.0
2020-05-20 19:00:00,-0.9659258262890682,0.25881904510252113,0.0,26.715221999999997,24.047064133333333,0.0
2020-05-20 19:15:00,-0.9469301294951057,0.3214394653031615,0.0,26.32090453333333,23.7664206,0.0
2020-05-20 19:30:00,-0.9238795325112866,0.38268343236509,0.0,26.058491933333336,23.3778504,0.0
2020-05-20 19:45:00,-0.8968727415326884,0.442288690219001,0.0,25.84102366666667,23.00669146666667,0.0
2020-05-20 20:00:00,-0.8660254037844386,0.5000000000000001,0.0,25.68150633333333,22.6908204,0.0
2020-05-20 20:15:00,-0.8314696123025455,0.5555702330196018,0.0,25.516223133333327,22.429024266666666,0.0
2020-05-20 20:30:00,-0.7933533402912352,0.6087614290087205,0.0,25.282519466666667,22.43654993333333,0.0
2020-05-20 20:45:00,-0.7518398074789777,0.6593458151000684,0.0,25.09930633333333,22.31530366666667,0.0
2020-05-20 21:00:00,-0.7071067811865477,0.7071067811865474,0.0,24.91609842857143,22.040122,0.0
2020-05-20 21:15:00,-0.6593458151000687,0.7518398074789775,0.0,24.820863733333336,22.009299599999995,0.0
2020-05-20 21:30:00,-0.608761429008721,0.7933533402912349,0.0,24.700486200000004,21.877602133333337,0.0
2020-05-20 21:45:00,-0.5555702330196022,0.8314696123025452,0.0,24.499195642857146,21.57032992857143,0.0
2020-05-20 22:00:00,-0.5000000000000004,0.8660254037844384,0.0,24.3762818,21.520674666666668,0.0
2020-05-20 22:15:00,-0.4422886902190014,0.8968727415326883,0.0,24.23611046666667,21.519643,0.0
2020-05-20 22:30:00,-0.38268343236508956,0.9238795325112868,0.0,24.145490357142855,21.462666,0.0
2020-05-20 22:45:00,-0.32143946530316186,0.9469301294951056,0.0,24.003129,21.269993266666663,0.0
2020-05-20 23:00:00,-0.2588190451025207,0.9659258262890683,0.0,23.830852,21.02411757142857,0.0
2020-05-20 23:15:00,-0.19509032201612872,0.9807852804032303,0.0,23.701161666666668,20.786399266666667,0.0
2020-05-20 23:30:00,-0.13052619222005168,0.9914448613738104,0.0,23.589625571428574,20.5728825,0.0
2020-05-20 23:45:00,-0.06540312923014367,0.9978589232386035,0.0,23.56900885714285,20.62210292857143,0.0
2020-05-21 00:00:00,0.0,1.0,0.0,23.4973816,20.584137,0.0
2020-05-21 00:15:00,0.06540312923014306,0.9978589232386035,0.0,23.228943,20.230347,0.0
2020-05-21 00:30:00,0.13052619222005157,0.9914448613738104,0.0,23.204518333333333,20.179941666666668,0.0
2020-05-21 00:45:00,0.19509032201612825,0.9807852804032304,0.01111710514106583,23.21576092998955,20.53246928631139,0.0
2020-05-21 01:00:00,0.25881904510252074,0.9659258262890683,0.02223421028213166,23.227003526645767,20.884996905956115,0.0
2020-05-21 01:15:00,0.3214394653031616,0.9469301294951057,0.03335131542319749,23.238246123301984,21.237524525600836,0.0
2020-05-21 01:30:00,0.3826834323650898,0.9238795325112867,0.04446842056426332,23.2494887199582,21.59005214524556,0.0
2020-05-21 01:45:00,0.4422886902190013,0.8968727415326883,0.05558552570532915,23.26073131661442,21.942579764890283,0.0
2020-05-21 02:00:00,0.49999999999999994,0.8660254037844387,0.06670263084639498,23.27197391327064,22.295107384535008,0.0
2020-05-21 02:15:00,0.5555702330196022,0.8314696123025452,0.07781973598746081,23.283216509926856,22.64763500417973,0.0
2020-05-21 02:30:00,0.6087614290087207,0.7933533402912352,0.08893684112852664,23.294459106583073,23.00016262382445,0.0
2020-05-21 02:45:00,0.6593458151000688,0.7518398074789774,0.10005394626959246,23.30570170323929,23.352690243469176,0.0
2020-05-21 03:00:00,0.7071067811865476,0.7071067811865476,0.1111710514106583,23.316944299895507,23.705217863113898,0.0
2020-05-21 03:15:00,0.7518398074789773,0.659345815100069,0.12228815655172413,23.328186896551724,24.057745482758623,0.0
2020-05-21 03:30:00,0.7933533402912352,0.6087614290087207,0.13340526169278996,23.33942949320794,24.410273102403345,0.0
2020-05-21 03:45:00,0.8314696123025452,0.5555702330196023,0.1445223668338558,23.350672089864158,24.76280072204807,0.0
2020-05-21 04:00:00,0.8660254037844386,0.5000000000000001,0.15563947197492162,23.361914686520375,25.11532834169279,0.0
2020-05-21 04:15:00,0.8968727415326884,0.44228869021900125,0.16675657711598746,23.373157283176596,25.467855961337516,0.0
2020-05-21 04:30:00,0.9238795325112867,0.38268343236508984,0.17787368225705327,23.384399879832813,25.820383580982238,0.0
2020-05-21 04:45:00,0.9469301294951057,0.3214394653031615,0.18899078739811911,23.39564247648903,26.172911200626963,0.0
2020-05-21 05:00:00,0.9659258262890683,0.25881904510252074,0.20010789253918493,23.406885073145247,26.525438820271685,0.0
2020-05-21 05:15:00,0.9807852804032304,0.19509032201612833,0.21122499768025077,23.418127669801464,26.877966439916406,0.0
2020-05-21 05:30:00,0.9914448613738104,0.1305261922200517,0.2223421028213166,23.42937026645768,27.23049405956113,0.0
2020-05-21 05:45:00,0.9978589232386035,0.06540312923014305,0.23345920796238243,23.4406128631139,27.583021679205853,0.0
2020-05-21 06:00:00,1.0,6.123233995736766e-17,0.24457631310344827,23.451855459770115,27.935549298850578,66368.51367924472
2020-05-21 06:15:00,0.9978589232386035,-0.06540312923014292,0.2556934182445141,23.463098056426333,28.2880769184953,67786.99029649547
2020-05-21 06:30:00,0.9914448613738105,-0.13052619222005138,0.2668105233855799,23.47434065308255,28.640604538140025,69205.46691374623
2020-05-21 06:45:00,0.9807852804032305,-0.19509032201612797,0.27792762852664576,23.48558324973877,28.993132157784746,70623.94353099698
2020-05-21 07:00:00,0.9659258262890683,-0.25881904510252085,0.2890447336677116,23.496825846394987,29.345659777429468,72042.42014824774
2020-05-21 07:15:00,0.9469301294951057,-0.3214394653031616,0.3001618388087774,23.508068443051204,29.698187397074193,73460.89676549849
2020-05-21 07:30:00,0.9238795325112867,-0.3826834323650897,0.31127894394984323,23.51931103970742,30.050715016718918,74879.37338274925
2020-05-21 07:45:00,0.8968727415326884,-0.44228869021900113,0.3223960490909091,23.53055363636364,30.40324263636364,76297.85
2020-05-21 08:00:00,0.8660254037844387,-0.4999999999999998,0.36467818133333324,23.96825553333333,33.11916906666667,94341.833333
2020-05-21 08:15:00,0.8314696123025451,-0.5555702330196023,0.396035358,24.447705066666664,36.010386000000004,125416.714286
2020-05-21 08:30:00,0.7933533402912352,-0.6087614290087207,0.4540012586666666,25.058563266666667,39.48617746666665,142573.35714100001
2020-05-21 08:45:00,0.7518398074789774,-0.6593458151000688,0.5583109086666667,25.483345600000003,42.19290773333333,165187.410715
2020-05-21 09:00:00,0.7071067811865476,-0.7071067811865475,0.6302828366666666,26.1862182,45.974644000000005,180044.125001
2020-05-21 09:15:00,0.6593458151000686,-0.7518398074789776,0.6764482221428572,26.824288428571432,48.745747214285714,192497.142856
2020-05-21 09:30:00,0.6087614290087204,-0.7933533402912353,0.7325971326666667,27.489748066666667,49.733945999999996,216186.33929
2020-05-21 09:45:00,0.5555702330196022,-0.8314696123025453,0.7722379753333333,27.690804,51.029305,220058.44641899999
2020-05-21 10:00:00,0.49999999999999994,-0.8660254037844387,0.70056636,28.20780033333333,53.51720186666666,133977.30476199999
2020-05-21 10:15:00,0.4422886902190013,-0.8968727415326883,0.5043223273333332,28.129876866666663,46.86501033333332,156213.071427
2020-05-21 10:30:00,0.3826834323650899,-0.9238795325112867,0.8154269713333332,28.657090266666668,51.68042806666666,211775.964282
2020-05-21 10:45:00,0.32143946530316175,-0.9469301294951056,0.754716712,28.854164533333332,51.79728806666665,232255.982147
2020-05-21 11:00:00,0.258819045102521,-0.9659258262890682,0.7235343293333333,29.207836999999998,53.292307533333336,227503.428562
2020-05-21 11:15:00,0.19509032201612816,-0.9807852804032304,1.0389913628571428,29.597730428571428,56.443897500000006,281954.94642
2020-05-21 11:30:00,0.13052619222005157,-0.9914448613738104,1.033489496666667,30.12836306666667,61.4558144,274796.82142
2020-05-21 11:45:00,0.06540312923014312,-0.9978589232386035,0.8877618960000002,30.494291133333334,60.050757,261127.78571
2020-05-21 12:00:00,1.2246467991473532e-16,-1.0,0.892777234,30.676135400000007,57.41643880000001,235841.267845
2020-05-21 12:15:00,-0.06540312923014287,-0.9978589232386035,0.8879575373333334,30.804624466666667,58.6477848,246090.28571999999
2020-05-21 12:30:00,-0.13052619222005132,-0.9914448613738105,0.5801343633333333,30.550409,50.88379926666665,174020.410723
2020-05-21 12:45:00,-0.19509032201612792,-0.9807852804032305,0.7466439013333332,30.864174466666668,51.88567106666667,219852.5
2020-05-21 13:00:00,-0.25881904510252035,-0.9659258262890684,0.8004696066666667,31.3942708,54.491442600000006,222422.210721
2020-05-21 13:15:00,-0.3214394653031611,-0.9469301294951058,0.9618199573333333,31.3498148,55.91095173333333,282772.29167
2020-05-21 13:30:00,-0.3826834323650892,-0.923879532511287,0.7764669535714287,31.723678357142855,57.42826607142857,234033.76786
2020-05-21 13:45:00,-0.44228869021900147,-0.8968727415326883,0.8612832686666665,31.688391,55.696510800000006,237779.071417
2020-05-21 14:00:00,-0.5000000000000001,-0.8660254037844386,0.741254446,32.05471386666667,56.430047733333325,220906.964293
2020-05-21 14:15:00,-0.5555702330196023,-0.8314696123025452,0.632901332,31.86826353333333,50.850927733333336,180643.357143
2020-05-21 14:30:00,-0.6087614290087207,-0.7933533402912352,0.4585606919999999,31.819928,47.850404733333335,155589.946428
2020-05-21 14:45:00,-0.6593458151000688,-0.7518398074789774,0.613399808,31.724595200000007,46.1821414,182315.642858
2020-05-21 15:00:00,-0.7071067811865475,-0.7071067811865477,0.7409205246666666,32.33336766666667,52.991542466666665,219721.160712
2020-05-21 15:15:00,-0.7518398074789773,-0.6593458151000691,0.3559129373333332,31.9338582,46.44251506666667,113635.958334
2020-05-21 15:30:00,-0.7933533402912349,-0.6087614290087209,0.563544357142857,32.07216542857143,46.25483692857144,163751.607142
2020-05-21 15:45:00,-0.8314696123025448,-0.555570233019603,0.3742929606666667,32.14568913333334,45.14951980000001,117273.732141
2020-05-21 16:00:00,-0.8660254037844385,-0.5000000000000004,0.273557416,31.600370266666665,40.34497666666666,86612.589286
2020-05-21 16:15:00,-0.8968727415326883,-0.44228869021900136,0.23968286333333333,31.0340474,37.6285684,74587.696426
2020-05-21 16:30:00,-0.9238795325112868,-0.3826834323650895,0.3015704806666667,30.70997933333334,37.02485793333333,95422.714286
2020-05-21 16:45:00,-0.9469301294951056,-0.3214394653031618,0.1652971236,30.43691006666666,36.399023133333344,54294.678569
2020-05-21 17:00:00,-0.9659258262890683,-0.25881904510252063,0.0705414855,29.904103,31.909513214285713,23437.732143
2020-05-21 17:15:00,-0.9807852804032303,-0.19509032201612866,0.0500169534,29.53365073333333,29.722025533333337,16700.2678569
2020-05-21 17:30:00,-0.9914448613738104,-0.13052619222005163,0.039089017,29.038175466666665,28.573687866666663,12960.5357142
2020-05-21 17:45:00,-0.9978589232386035,-0.06540312923014362,0.0293719444666666,28.658781133333324,27.826387666666665,9592.0714285
2020-05-21 18:00:00,-1.0,-1.8369701987210297e-16,0.0212870691999999,27.727758666666663,26.892470266666667,6804.8928572
2020-05-21 18:15:00,-0.9978589232386036,0.06540312923014237,0.01005088592,27.694161,26.27160233333333,1796.2678571000001
2020-05-21 18:30:00,-0.9914448613738104,0.13052619222005213,0.0015678459913333,27.578023266666666,25.854665200000003,0.0
2020-05-21 18:45:00,-0.9807852804032304,0.1950903220161283,0.0,27.19961753333333,25.1958414,0.0
2020-05-21 19:00:00,-0.9659258262890682,0.25881904510252113,0.0,26.84853057142857,24.62852907142857,0.0
2020-05-21 19:15:00,-0.9469301294951057,0.3214394653031615,0.0,26.45617473333333,24.164711333333333,0.0
2020-05-21 19:30:00,-0.9238795325112866,0.38268343236509,0.0,26.023022466666667,23.832366933333336,0.0
2020-05-21 19:45:00,-0.8968727415326884,0.442288690219001,0.0,25.766520133333334,23.48216953333333,0.0
2020-05-21 20:00:00,-0.8660254037844386,0.5000000000000001,0.0,25.5864014,23.286395266666663,0.0
2020-05-21 20:15:00,-0.8314696123025455,0.5555702330196018,0.0,25.35796506666667,23.092466200000004,0.0
2020-05-21 20:30:00,-0.7933533402912352,0.6087614290087205,0.0,25.098463733333336,22.87989926666667,0.0
2020-05-21 20:45:00,-0.7518398074789777,0.6593458151000684,0.0,24.871917800000002,22.620530266666663,0.0
2020-05-21 21:00:00,-0.7071067811865477,0.7071067811865474,0.0,24.680324266666663,22.335959933333328,0.0
2020-05-21 21:15:00,-0.6593458151000687,0.7518398074789775,0.0,24.478779357142855,22.165891285714284,0.0
2020-05-21 21:30:00,-0.608761429008721,0.7933533402912349,0.0,24.406392466666663,22.096169133333333,0.0
2020-05-21 21:45:00,-0.5555702330196022,0.8314696123025452,0.0,24.369700133333332,22.03935133333333,0.0
2020-05-21 22:00:00,-0.5000000000000004,0.8660254037844384,0.0,24.263679933333325,21.819816066666665,0.0
2020-05-21 22:15:00,-0.4422886902190014,0.8968727415326883,0.0,24.19905,21.67491866666667,0.0
2020-05-21 22:30:00,-0.38268343236508956,0.9238795325112868,0.0,24.088734866666673,21.486199866666663,0.0
2020-05-21 22:45:00,-0.32143946530316186,0.9469301294951056,0.0,24.00257386666667,21.370762266666667,0.0
2020-05-21 23:00:00,-0.2588190451025207,0.9659258262890683,0.0,23.978326266666667,21.3030558,0.0
2020-05-21 23:15:00,-0.19509032201612872,0.9807852804032303,0.0,23.922380642857146,21.196879785714284,0.0
2020-05-21 23:30:00,-0.13052619222005168,0.9914448613738104,0.0,23.8922364,21.126922666666665,0.0
2020-05-21 23:45:00,-0.06540312923014367,0.9978589232386035,0.0,23.856805466666664,21.1551208,0.0
2020-05-22 00:00:00,0.0,1.0,0.0,23.760593466666663,21.23520506666667,0.0
2020-05-22 00:15:00,0.06540312923014306,0.9978589232386035,0.0,23.6751994,21.1929544,0.0
2020-05-22 00:30:00,0.13052619222005157,0.9914448613738104,0.0,23.59409386666667,21.1975178,0.0
2020-05-22 00:45:00,0.19509032201612825,0.9807852804032304,0.0,23.483290666666672,21.23848886666666,0.0
2020-05-22 01:00:00,0.25881904510252074,0.9659258262890683,0.0,23.470836,21.835551714285717,0.0
2020-05-22 01:15:00,0.3214394653031616,0.9469301294951057,0.0,23.526257066666673,22.2376994,0.0
2020-05-22 01:30:00,0.3826834323650898,0.9238795325112867,0.0,23.541518066666672,22.084086133333333,0.0
2020-05-22 01:45:00,0.4422886902190013,0.8968727415326883,0.0,23.4903992,22.2411336,0.0
2020-05-22 02:00:00,0.49999999999999994,0.8660254037844387,0.0,23.44186193333333,22.392478466666663,0.0
2020-05-22 02:15:00,0.5555702330196022,0.8314696123025452,0.0,23.4516622,22.4551962,0.0
2020-05-22 02:30:00,0.6087614290087207,0.7933533402912352,0.0,23.410870333333325,22.287416466666667,0.0
2020-05-22 02:45:00,0.6593458151000688,0.7518398074789774,0.0,23.41301192857143,22.12250857142857,0.0
2020-05-22 03:00:00,0.7071067811865476,0.7071067811865476,0.0,23.297208666666663,21.8402384,0.0
2020-05-22 03:15:00,0.7518398074789773,0.659345815100069,0.0,23.0816204,21.3520304,0.0
2020-05-22 03:30:00,0.7933533402912352,0.6087614290087207,0.0,23.0801798,21.29458413333333,0.0
2020-05-22 03:45:00,0.8314696123025452,0.5555702330196023,0.0,23.0092528,21.33285306666667,0.0
2020-05-22 04:00:00,0.8660254037844386,0.5000000000000001,0.0,22.94258413333333,21.267515133333337,0.0
2020-05-22 04:15:00,0.8968727415326884,0.44228869021900125,0.0,23.023907466666664,21.393129333333327,0.0
2020-05-22 04:30:00,0.9238795325112867,0.38268343236508984,0.0,22.980336533333336,21.45325513333333,0.0
2020-05-22 04:45:00,0.9469301294951057,0.3214394653031615,0.0,22.941425857142857,21.422938714285717,0.0
2020-05-22 05:00:00,0.9659258262890683,0.25881904510252074,0.0,22.9109844,21.4030904,0.0
2020-05-22 05:15:00,0.9807852804032304,0.19509032201612833,0.0,22.858017933333333,21.447070266666667,0.0
2020-05-22 05:30:00,0.9914448613738104,0.1305261922200517,0.0,22.8197834,21.408598,0.0
2020-05-22 05:45:00,0.9978589232386035,0.06540312923014305,0.0010673070493333,22.802852266666665,21.3380066,0.0
2020-05-22 06:00:00,1.0,6.123233995736766e-17,0.0168548558266666,22.815523266666663,21.6110514,4856.4285715
2020-05-22 06:15:00,0.9978589232386035,-0.06540312923014292,0.0403607207333333,22.981634533333327,22.203200133333333,12535.9285715
2020-05-22 06:30:00,0.9914448613738105,-0.13052619222005138,0.0646610821333333,23.218327,22.82350866666667,19705.7321429
2020-05-22 06:45:00,0.9807852804032305,-0.19509032201612797,0.0858986049285714,23.36693664285714,23.907782357142853,26140.249999
2020-05-22 07:00:00,0.9659258262890683,-0.25881904510252085,0.1108917472,23.4338724,24.744895400000004,35307.446429
2020-05-22 07:15:00,0.9469301294951057,-0.3214394653031616,0.2790037753333333,23.82504073333333,28.026749666666664,77813.892857
2020-05-22 07:30:00,0.9238795325112867,-0.3826834323650897,0.3559949986666666,24.3803284,32.1630228,99356.071428
2020-05-22 07:45:00,0.8968727415326884,-0.44228869021900113,0.3454415426666666,24.829638666666668,33.83913526666666,96299.428574
2020-05-22 08:00:00,0.8660254037844387,-0.4999999999999998,0.3929178906666667,25.088962666666667,35.562813133333336,110637.535714
2020-05-22 08:15:00,0.8314696123025451,-0.5555702330196023,0.3585062726666666,25.26090906666667,37.18839533333334,103632.560714
2020-05-22 08:30:00,0.7933533402912352,-0.6087614290087207,0.1884618071428571,25.14924185714285,32.83658064285714,57482.214285
2020-05-22 08:45:00,0.7518398074789774,-0.6593458151000688,0.2670940773333334,25.3127442,32.38037546666667,84887.488096
2020-05-22 09:00:00,0.7071067811865476,-0.7071067811865475,0.3730011899999999,25.96112293333333,35.6540122,112328.171429
2020-05-22 09:15:00,0.6593458151000686,-0.7518398074789776,0.38608125666666654,26.405902066666666,37.5282734,124451.410714
2020-05-22 09:30:00,0.6087614290087204,-0.7933533402912353,0.43858643933333324,26.92924806666667,39.8739748,141311.964286
2020-05-22 09:45:00,0.5555702330196022,-0.8314696123025453,0.3759219506666666,27.16653653333333,39.336533733333326,118421.642858
2020-05-22 10:00:00,0.49999999999999994,-0.8660254037844387,0.5426874133333333,27.585662733333333,42.06701466666666,151447.303573
2020-05-22 10:15:00,0.4422886902190013,-0.8968727415326883,0.63854485,27.877404733333325,42.96753940000001,207550.821417
2020-05-22 10:30:00,0.3826834323650899,-0.9238795325112867,0.41565164428571416,28.15413335714286,44.68885371428571,125350.589286
2020-05-22 10:45:00,0.32143946530316175,-0.9469301294951056,0.7091465493333333,28.06948846666666,42.7483944,185545.178571
2020-05-22 11:00:00,0.258819045102521,-0.9659258262890682,0.608488516,28.88009853333334,50.248248399999994,177744.589286
2020-05-22 11:15:00,0.19509032201612816,-0.9807852804032304,0.553059376,28.860333333333333,44.390484533333336,169112.007144
2020-05-22 11:30:00,0.13052619222005157,-0.9914448613738104,0.999309628,29.774949133333333,52.5911334,279968.99404
2020-05-22 11:45:00,0.06540312923014312,-0.9978589232386035,1.0477749826666665,30.58406566666667,60.62906306666667,275556.55357
2020-05-22 12:00:00,1.2246467991473532e-16,-1.0,1.0318606821428573,30.824835714285715,62.21209042857143,283826.625
2020-05-22 12:15:00,-0.06540312923014287,-0.9978589232386035,0.8117554566666668,30.75217286666667,57.92557780000001,221449.339293
2020-05-22 12:30:00,-0.13052619222005132,-0.9914448613738105,0.7624467326666665,30.91771053333333,54.40039266666667,207784.178565
2020-05-22 12:45:00,-0.19509032201612792,-0.9807852804032305,0.917253122,31.413285266666666,55.89338740000001,248848.678574
2020-05-22 13:00:00,-0.25881904510252035,-0.9659258262890684,0.8148439080000002,31.318955399999997,54.857409866666664,235013.61905
2020-05-22 13:15:00,-0.3214394653031611,-0.9469301294951058,0.8256647073333334,31.90281766666666,58.44529793333333,246269.05358
2020-05-22 13:30:00,-0.3826834323650892,-0.923879532511287,0.814901278,31.85407093333333,57.859224333333344,240790.48216
2020-05-22 13:45:00,-0.44228869021900147,-0.8968727415326883,0.6930570186666666,31.63322353333333,53.52987266666667,198059.982143
2020-05-22 14:00:00,-0.5000000000000001,-0.8660254037844386,0.7605472914285714,31.882248142857144,54.65764728571428,218127.446429
2020-05-22 14:15:00,-0.5555702330196023,-0.8314696123025452,0.6065786866666667,32.30898653333334,55.088293600000014,184814.089285
2020-05-22 14:30:00,-0.6087614290087207,-0.7933533402912352,0.809865482,32.15423573333334,52.96810093333332,238468.78571999999
2020-05-22 14:45:00,-0.6593458151000688,-0.7518398074789774,0.7798724033333335,32.80111693333333,56.02008653333333,230378.303573
2020-05-22 15:00:00,-0.7071067811865475,-0.7071067811865477,0.727937437333333,33.00463246666666,55.63306693333334,210988.160714
2020-05-22 15:15:00,-0.7518398074789773,-0.6593458151000691,0.46839836200000007,32.574084400000004,51.29624213333332,142292.607143
2020-05-22 15:30:00,-0.7933533402912349,-0.6087614290087209,0.3465496533333333,32.31323666666667,43.588924266666666,94029.053571
2020-05-22 15:45:00,-0.8314696123025448,-0.555570233019603,0.3180874907142857,32.0070125,43.13004007142857,100138.928571
2020-05-22 16:00:00,-0.8660254037844385,-0.5000000000000004,0.223404308,31.29693813333333,39.07873533333333,70111.839287
2020-05-22 16:15:00,-0.8968727415326883,-0.44228869021900136,0.1951342519999999,30.797410133333333,37.0259216,61082.535716
2020-05-22 16:30:00,-0.9238795325112868,-0.3826834323650895,0.1562854073333333,30.207747400000002,34.96258519999999,49037.875001
2020-05-22 16:45:00,-0.9469301294951056,-0.3214394653031618,0.1358759986666666,29.84666753333333,33.62270493333333,42450.035714
2020-05-22 17:00:00,-0.9659258262890683,-0.25881904510252063,0.1132172194666666,29.571081533333327,32.47774066666667,35424.017857
2020-05-22 17:15:00,-0.9807852804032303,-0.19509032201612866,0.0837732949333333,29.301833066666667,31.361376800000002,26301.160714999998
2020-05-22 17:30:00,-0.9914448613738104,-0.13052619222005163,0.0560736594,29.1003866,30.14926346666667,17627.3571428
2020-05-22 17:45:00,-0.9978589232386035,-0.06540312923014362,0.0369035885714285,28.826326714285713,29.096067142857144,11269.3392858
2020-05-22 18:00:00,-1.0,-1.8369701987210297e-16,0.0214036318666666,28.510609933333328,28.12322593333333,6197.7321428
2020-05-22 18:15:00,-0.9978589232386036,0.06540312923014237,0.0099927644066666,28.18459053333333,27.252742533333333,2459.07142869
2020-05-22 18:30:00,-0.9914448613738104,0.13052619222005213,0.0020025813973333,28.03802473333333,26.626117,0.0
2020-05-22 18:45:00,-0.9807852804032304,0.1950903220161283,2.7608272399999994e-05,27.857527666666662,26.235675000000004,0.0
2020-05-22 19:00:00,-0.9659258262890682,0.25881904510252113,0.0,27.59022626666667,25.9145488,0.0
2020-05-22 19:15:00,-0.9469301294951057,0.3214394653031615,0.0,27.355753666666665,25.700897399999995,0.0
2020-05-22 19:30:00,-0.9238795325112866,0.38268343236509,0.0,27.137475466666665,25.587719733333333,0.0
2020-05-22 19:45:00,-0.8968727415326884,0.442288690219001,0.0,26.94103806666667,25.36680293333333,0.0
2020-05-22 20:00:00,-0.8660254037844386,0.5000000000000001,0.0,26.85772928571429,25.154514857142857,0.0
2020-05-22 20:15:00,-0.8314696123025455,0.5555702330196018,0.0,26.768762066666664,25.0066142,0.0
2020-05-22 20:30:00,-0.7933533402912352,0.6087614290087205,0.0,26.6451172,24.92873313333333,0.0
2020-05-22 20:45:00,-0.7518398074789777,0.6593458151000684,0.0,26.527557466666664,24.90883806666666,0.0
2020-05-22 21:00:00,-0.7071067811865477,0.7071067811865474,0.0,26.475219733333333,24.957104533333336,0.0
2020-05-22 21:15:00,-0.6593458151000687,0.7518398074789775,0.0,26.42065646666667,25.20817046666667,0.0
2020-05-22 21:30:00,-0.608761429008721,0.7933533402912349,0.0,26.349790400000003,25.225801600000008,0.0
2020-05-22 21:45:00,-0.5555702330196022,0.8314696123025452,0.0,24.900353999999997,24.77943313333333,0.0
2020-05-22 22:00:00,-0.5000000000000004,0.8660254037844384,0.0,23.9790038,23.404168866666666,0.0
2020-05-22 22:15:00,-0.4422886902190014,0.8968727415326883,0.0,23.55884221428571,22.71218,0.0
2020-05-22 22:30:00,-0.38268343236508956,0.9238795325112868,0.0,23.5472046,22.64883013333333,0.0
2020-05-22 22:45:00,-0.32143946530316186,0.9469301294951056,0.0,23.2145264,21.719091866666663,0.0
2020-05-22 23:00:00,-0.2588190451025207,0.9659258262890683,0.0,22.361055333333333,20.86307993333333,0.0
2020-05-22 23:15:00,-0.19509032201612872,0.9807852804032303,0.0,21.64112766666667,20.3276652,0.0
2020-05-22 23:30:00,-0.13052619222005168,0.9914448613738104,0.0,21.5649028,20.2063374,0.0
2020-05-22 23:45:00,-0.06540312923014367,0.9978589232386035,0.0,21.6055196,20.350038666666663,0.0
2020-05-23 00:00:00,0.0,1.0,0.0,21.7191894,20.4714396,0.0
2020-05-23 00:15:00,0.06540312923014306,0.9978589232386035,0.0,21.708895,20.602031142857147,0.0
2020-05-23 00:30:00,0.13052619222005157,0.9914448613738104,0.0,21.620870000000004,20.551786266666664,0.0
2020-05-23 00:45:00,0.19509032201612825,0.9807852804032304,0.0,21.575026533333336,20.511413666666662,0.0
2020-05-23 01:00:00,0.25881904510252074,0.9659258262890683,0.0,21.45861,20.4058044,0.0
2020-05-23 01:15:00,0.3214394653031616,0.9469301294951057,0.0,21.471038799999995,20.32331333333333,0.0
2020-05-23 01:30:00,0.3826834323650898,0.9238795325112867,0.0,21.5340616,20.320503666666664,0.0
2020-05-23 01:45:00,0.4422886902190013,0.8968727415326883,0.0,21.669055266666668,20.444116133333328,0.0
2020-05-23 02:00:00,0.49999999999999994,0.8660254037844387,0.0,21.74084266666667,20.4955098,0.0
2020-05-23 02:15:00,0.5555702330196022,0.8314696123025452,0.0,21.769862571428572,20.55575542857143,0.0
2020-05-23 02:30:00,0.6087614290087207,0.7933533402912352,0.0,21.851713066666665,20.587019999999995,0.0
2020-05-23 02:45:00,0.6593458151000688,0.7518398074789774,0.0,21.8916116,20.52848733333333,0.0
2020-05-23 03:00:00,0.7071067811865476,0.7071067811865476,0.0,21.884334266666663,20.389685066666665,0.0
2020-05-23 03:15:00,0.7518398074789773,0.659345815100069,0.0,21.896366266666668,20.634684266666667,0.0
2020-05-23 03:30:00,0.7933533402912352,0.6087614290087207,0.0,21.963966933333328,20.9058836,0.0
2020-05-23 03:45:00,0.8314696123025452,0.5555702330196023,0.0,22.0309366,21.0314534,0.0
2020-05-23 04:00:00,0.8660254037844386,0.5000000000000001,0.0,22.128173866666668,21.08964233333333,0.0
2020-05-23 04:15:00,0.8968727415326884,0.44228869021900125,0.0,22.1400958,21.1670512,0.0
2020-05-23 04:30:00,0.9238795325112867,0.38268343236508984,0.0,22.049833,21.143541571428567,0.0
2020-05-23 04:45:00,0.9469301294951057,0.3214394653031615,0.0,21.974959266666666,21.07260333333333,0.0
2020-05-23 05:00:00,0.9659258262890683,0.25881904510252074,0.0,21.92008673333333,21.012809266666665,0.0
2020-05-23 05:15:00,0.9807852804032304,0.19509032201612833,0.0,21.900024,20.994995,0.0
2020-05-23 05:30:00,0.9914448613738104,0.1305261922200517,0.007574047361111099,21.97412498611111,21.176939569444443,0.0
2020-05-23 05:45:00,0.9978589232386035,0.06540312923014305,0.015148094722222198,22.04822597222222,21.35888413888889,0.0
2020-05-23 06:00:00,1.0,6.123233995736766e-17,0.0227221420833333,22.122326958333332,21.540828708333336,13758.412244991838
2020-05-23 06:15:00,0.9978589232386035,-0.06540312923014292,0.030296189444444396,22.196427944444444,21.72277327777778,14057.508163361224
2020-05-23 06:30:00,0.9914448613738105,-0.13052619222005138,0.0378702368055555,22.270528930555553,21.904717847222223,14356.604081730613
2020-05-23 06:45:00,0.9807852804032305,-0.19509032201612797,0.0454442841666666,22.344629916666666,22.08666241666667,14655.7000001
2020-05-23 07:00:00,0.9659258262890683,-0.25881904510252085,0.0697883706,22.4054382,22.988533466666667,22367.5357149
2020-05-23 07:15:00,0.9469301294951057,-0.3214394653031616,0.14642804,22.7378764,24.896301400000002,45620.821429
2020-05-23 07:30:00,0.9238795325112867,-0.3826834323650897,0.2291173557142857,23.204709714285716,27.90720492857143,70359.75
2020-05-23 07:45:00,0.8968727415326884,-0.44228869021900113,0.2691330578571429,23.517870071428572,30.984898285714284,82024.410716
2020-05-23 08:00:00,0.8660254037844387,-0.4999999999999998,0.3245409046666666,23.89814073333333,33.29091186666667,97364.946429
2020-05-23 08:15:00,0.8314696123025451,-0.5555702330196023,0.49456159266666666,24.705782066666668,38.037754333333325,146181.678571
2020-05-23 08:30:00,0.7933533402912352,-0.6087614290087207,0.5895070206666666,25.810009866666668,43.5907308,172697.839286
2020-05-23 08:45:00,0.7518398074789774,-0.6593458151000688,0.569132588,26.365627066666665,43.806378,168447.5
2020-05-23 09:00:00,0.7071067811865476,-0.7071067811865475,0.6137954226666666,26.8544944,44.581498066666654,180673.160714
2020-05-23 09:15:00,0.6593458151000686,-0.7518398074789776,0.6625689086666668,27.272131400000003,46.693650133333335,195359.42857000002
2020-05-23 09:30:00,0.6087614290087204,-0.7933533402912353,0.6174629526666667,27.64303786666667,47.786619,178540.517857
2020-05-23 09:45:00,0.5555702330196022,-0.8314696123025453,0.710976275,27.7038965,45.23483278571429,200807.535708
2020-05-23 10:00:00,0.49999999999999994,-0.8660254037844387,0.6737647459999999,28.074165800000003,48.95802620000001,198754.696429
2020-05-23 10:15:00,0.4422886902190013,-0.8968727415326883,0.6361480606666667,28.02329086666667,47.408421,193530.767857
2020-05-23 10:30:00,0.3826834323650899,-0.9238795325112867,0.6136754333333333,28.123655266666663,48.692805666666665,192341.75
2020-05-23 10:45:00,0.32143946530316175,-0.9469301294951056,0.8168375646666667,28.602547133333328,49.08473493333334,216072.571427
2020-05-23 11:00:00,0.258819045102521,-0.9659258262890682,0.8011747426666667,28.8662964,52.90175399999999,230190.660707
2020-05-23 11:15:00,0.19509032201612816,-0.9807852804032304,0.968808626,29.49615866666666,56.45879506666666,275524.19641
2020-05-23 11:30:00,0.13052619222005157,-0.9914448613738104,0.9841918673333332,30.03040366666667,59.877591933333335,279175.89285
2020-05-23 11:45:00,0.06540312923014312,-0.9978589232386035,1.0037044035714286,30.45237292857143,60.19193785714287,282893.58929
2020-05-23 12:00:00,1.2246467991473532e-16,-1.0,0.9624232940000002,30.6108378,58.55042526666668,276528.28573
2020-05-23 12:15:00,-0.06540312923014287,-0.9978589232386035,1.112296618,31.265509066666667,63.34182940000001,292463.33928
2020-05-23 12:30:00,-0.13052619222005132,-0.9914448613738105,0.954939324,31.129654933333327,65.54571366666664,262909.53572
2020-05-23 12:45:00,-0.19509032201612792,-0.9807852804032305,0.6678877380000001,31.10980833333333,58.53033853333332,197767.500001
2020-05-23 13:00:00,-0.25881904510252035,-0.9659258262890684,0.7916552700000001,31.30430726666667,55.53702406666668,236972.03573
2020-05-23 13:15:00,-0.3214394653031611,-0.9469301294951058,0.8927996999999999,32.26669699999999,58.0866006,256147.39286
2020-05-23 13:30:00,-0.3826834323650892,-0.923879532511287,0.9360600806666665,32.174080466666666,59.10431306666667,264777.30359
2020-05-23 13:45:00,-0.44228869021900147,-0.8968727415326883,0.9900849466666665,32.819391,62.576479333333346,275449.71428
2020-05-23 14:00:00,-0.5000000000000001,-0.8660254037844386,0.7815910821428571,33.13893985714286,60.39023078571429,227347.05356
2020-05-23 14:15:00,-0.5555702330196023,-0.8314696123025452,0.5945410246666665,32.61264433333333,53.1639342,177404.732143
2020-05-23 14:30:00,-0.6087614290087207,-0.7933533402912352,0.545487636,32.7458558,51.32743773333333,165497.946427
2020-05-23 14:45:00,-0.6593458151000688,-0.7518398074789774,0.5062324326666667,32.598390733333325,48.281022,157248.785715
2020-05-23 15:00:00,-0.7071067811865475,-0.7071067811865477,0.40408207133333335,32.41062673333334,46.36569013333333,130365.803571
2020-05-23 15:15:00,-0.7518398074789773,-0.6593458151000691,0.485598238,32.6603392,46.35074433333333,166923.160714
2020-05-23 15:30:00,-0.7933533402912349,-0.6087614290087209,0.6299917373333332,33.28802473333333,49.761794,196541.982143
2020-05-23 15:45:00,-0.8314696123025448,-0.555570233019603,0.5362176506666668,33.335693266666674,49.512721933333324,164185.196428
2020-05-23 16:00:00,-0.8660254037844385,-0.5000000000000004,0.49096055,33.424020071428565,48.9096767142857,142984.875
2020-05-23 16:15:00,-0.8968727415326883,-0.44228869021900136,0.4451593266666665,32.66607666666668,47.123696133333326,129104.75
2020-05-23 16:30:00,-0.9238795325112868,-0.3826834323650895,0.3890966946666666,32.16037606666667,43.64397813333333,121329.0
2020-05-23 16:45:00,-0.9469301294951056,-0.3214394653031618,0.2978837853333333,31.885878333333327,41.18470279999999,88899.267857
2020-05-23 17:00:00,-0.9659258262890683,-0.25881904510252063,0.24621591799999998,31.265974933333336,37.7911072,72905.017857
2020-05-23 17:15:00,-0.9807852804032303,-0.19509032201612866,0.20811804333333328,30.808199066666667,35.76615826666667,61653.142855
2020-05-23 17:30:00,-0.9914448613738104,-0.13052619222005163,0.1451273186666666,30.171648933333334,33.8750304,44697.232143
2020-05-23 17:45:00,-0.9978589232386035,-0.06540312923014362,0.11224097093333331,29.63169753333333,32.23251346666666,34506.714284
2020-05-23 18:00:00,-1.0,-1.8369701987210297e-16,0.0927983004,29.4934264,31.516186533333336,28668.089286
2020-05-23 18:15:00,-0.9978589232386036,0.06540312923014237,0.0412472248571428,29.02422,29.90827521428572,12637.0535711
2020-05-23 18:30:00,-0.9914448613738104,0.13052619222005213,0.0050579441066666,28.469494600000004,27.9880758,717.32142856
2020-05-23 18:45:00,-0.9807852804032304,0.1950903220161283,9.44485646e-05,28.136104133333337,26.83467813333333,0.0
2020-05-23 19:00:00,-0.9659258262890682,0.25881904510252113,0.0,27.82643613333333,26.217763333333327,0.0
2020-05-23 19:15:00,-0.9469301294951057,0.3214394653031615,0.0,27.58875313333333,25.794478133333328,0.0
2020-05-23 19:30:00,-0.9238795325112866,0.38268343236509,0.0,27.35458573333333,25.633465600000008,0.0
2020-05-23 19:45:00,-0.8968727415326884,0.442288690219001,0.0,27.17084366666667,25.5926656,0.0
2020-05-23 20:00:00,-0.8660254037844386,0.5000000000000001,0.0,26.9254904,25.39993486666667,0.0
2020-05-23 20:15:00,-0.8314696123025455,0.5555702330196018,0.0,26.74023646666667,25.143351399999997,0.0
2020-05-23 20:30:00,-0.7933533402912352,0.6087614290087205,0.0,26.542621999999998,24.715713500000003,0.0
2020-05-23 20:45:00,-0.7518398074789777,0.6593458151000684,0.0,26.380535800000004,24.4444234,0.0
2020-05-23 21:00:00,-0.7071067811865477,0.7071067811865474,0.0,26.2500794,24.092059266666663,0.0
2020-05-23 21:15:00,-0.6593458151000687,0.7518398074789775,0.0,26.093941200000003,23.791683066666668,0.0
2020-05-23 21:30:00,-0.608761429008721,0.7933533402912349,0.0,26.035589666666667,24.02270506666667,0.0
2020-05-23 21:45:00,-0.5555702330196022,0.8314696123025452,0.0,25.904594833333334,23.877777033333338,0.0
2020-05-23 22:00:00,-0.5000000000000004,0.8660254037844384,0.0,25.7736,23.732849,0.0
2020-05-23 22:15:00,-0.4422886902190014,0.8968727415326883,0.0,25.65490106666667,23.449275533333324,0.0
2020-05-23 22:30:00,-0.38268343236508956,0.9238795325112868,0.0,25.488665666666666,23.103936733333327,0.0
2020-05-23 22:45:00,-0.32143946530316186,0.9469301294951056,0.0,25.33885486666667,22.979264466666667,0.0
2020-05-23 23:00:00,-0.2588190451025207,0.9659258262890683,0.0,25.1337626,22.6813252,0.0
2020-05-23 23:15:00,-0.19509032201612872,0.9807852804032303,0.0,24.969697999999998,22.494120266666663,0.0
2020-05-23 23:30:00,-0.13052619222005168,0.9914448613738104,0.0,24.838093428571423,22.509726357142856,0.0
2020-05-23 23:45:00,-0.06540312923014367,0.9978589232386035,0.0,24.81882946666667,22.467185466666667,0.0
2020-05-24 00:00:00,0.0,1.0,0.0,24.6906805,22.17558057142857,0.0
2020-05-24 00:15:00,0.06540312923014306,0.9978589232386035,0.0,24.538547666666663,21.8853208,0.0
2020-05-24 00:30:00,0.13052619222005157,0.9914448613738104,0.0,24.327402866666663,21.633982266666667,0.0
2020-05-24 00:45:00,0.19509032201612825,0.9807852804032304,0.0,24.253961200000003,21.66131586666667,0.0
2020-05-24 01:00:00,0.25881904510252074,0.9659258262890683,0.0,24.218198599999997,21.775756733333328,0.0
2020-05-24 01:15:00,0.3214394653031616,0.9469301294951057,0.0,24.211336266666663,21.765153,0.0
2020-05-24 01:30:00,0.3826834323650898,0.9238795325112867,0.0,24.305967,22.219170642857147,0.0
2020-05-24 01:45:00,0.4422886902190013,0.8968727415326883,0.0,24.47437553333333,22.922821066666668,0.0
2020-05-24 02:00:00,0.49999999999999994,0.8660254037844387,0.0,24.566530333333333,23.147521933333334,0.0
2020-05-24 02:15:00,0.5555702330196022,0.8314696123025452,0.0,24.612695400000003,22.74956053333333,0.0
2020-05-24 02:30:00,0.6087614290087207,0.7933533402912352,0.0,24.401302066666663,22.162550733333337,0.0
2020-05-24 02:45:00,0.6593458151000688,0.7518398074789774,0.0,24.0961324,21.322037666666663,0.0
2020-05-24 03:00:00,0.7071067811865476,0.7071067811865476,0.0,24.006599999999995,21.193375733333337,0.0
2020-05-24 03:15:00,0.7518398074789773,0.659345815100069,0.0,23.984708733333324,21.2534078,0.0
2020-05-24 03:30:00,0.7933533402912352,0.6087614290087207,0.0,23.969868428571427,21.364536928571425,0.0
2020-05-24 03:45:00,0.8314696123025452,0.5555702330196023,0.0,23.9593852,21.597076466666667,0.0
2020-05-24 04:00:00,0.8660254037844386,0.5000000000000001,0.0,23.917812133333328,21.46754153333333,0.0
2020-05-24 04:15:00,0.8968727415326884,0.44228869021900125,0.0,23.900878866666673,21.493794800000007,0.0
2020-05-24 04:30:00,0.9238795325112867,0.38268343236508984,0.0,23.7752706,21.237825333333333,0.0
2020-05-24 04:45:00,0.9469301294951057,0.3214394653031615,0.0,23.661442000000008,20.761668,0.0
2020-05-24 05:00:00,0.9659258262890683,0.25881904510252074,0.0,23.62378546666667,20.635243733333333,0.0
2020-05-24 05:15:00,0.9807852804032304,0.19509032201612833,0.0,23.49081826666667,20.40563353333333,0.0
2020-05-24 05:30:00,0.9914448613738104,0.1305261922200517,0.0,23.31950378571429,20.1904755,0.0
2020-05-24 05:45:00,0.9978589232386035,0.06540312923014305,0.0006199202026666,23.2451844,20.093800666666667,0.0
2020-05-24 06:00:00,1.0,6.123233995736766e-17,0.00961781414,23.151116866666666,20.113913933333333,2377.94642861
2020-05-24 06:15:00,0.9978589232386035,-0.06540312923014292,0.0291135531333333,23.35637213333333,20.837968,8805.8392858
2020-05-24 06:30:00,0.9914448613738105,-0.13052619222005138,0.052356912000000005,23.665861000000003,22.093613866666672,16364.6607144
2020-05-24 06:45:00,0.9807852804032305,-0.19509032201612797,0.086237195,24.0184102,23.685199,26223.142857
2020-05-24 07:00:00,0.9659258262890683,-0.25881904510252085,0.1536853939999999,24.41668486666667,25.75373739999999,38834.142858
2020-05-24 07:15:00,0.9469301294951057,-0.3214394653031616,0.2052391053333333,24.857926333333328,28.00296626666666,53582.571428
2020-05-24 07:30:00,0.9238795325112867,-0.3826834323650897,0.26604703,25.389813333333336,30.644789666666664,70595.035713
2020-05-24 07:45:00,0.8968727415326884,-0.44228869021900113,0.323376125,25.920839642857143,33.56302542857142,88050.142858
2020-05-24 08:00:00,0.8660254037844387,-0.4999999999999998,0.37273643533333334,26.23174233333333,35.39754653333333,105709.053573
2020-05-24 08:15:00,0.8314696123025451,-0.5555702330196023,0.361205644,26.307944800000005,35.30504146666667,115020.142856
2020-05-24 08:30:00,0.7933533402912352,-0.6087614290087207,0.5357404813333333,26.6822978,38.64299933333333,153380.410714
2020-05-24 08:45:00,0.7518398074789774,-0.6593458151000688,0.3637049406666666,26.76338493333333,39.07146406666667,114169.464285
2020-05-24 09:00:00,0.7071067811865476,-0.7071067811865475,0.5656625413333333,27.152537133333336,40.39757686666666,165905.160714
2020-05-24 09:15:00,0.6593458151000686,-0.7518398074789776,0.4188771033333332,27.404044666666664,41.316923333333335,151049.107144
2020-05-24 09:30:00,0.6087614290087204,-0.7933533402912353,0.56387132,27.864129466666668,43.693817200000005,179945.374999
2020-05-24 09:45:00,0.5555702330196022,-0.8314696123025453,0.51719428,27.86592971428571,42.949353714285714,138602.357143
2020-05-24 10:00:00,0.49999999999999994,-0.8660254037844387,0.5804646173333333,28.242586266666663,43.05883393333334,159661.589284
2020-05-24 10:15:00,0.4422886902190013,-0.8968727415326883,0.585474618,28.488832533333333,43.78831386666667,186227.107147
2020-05-24 10:30:00,0.3826834323650899,-0.9238795325112867,0.7167022733333334,28.98237106666667,47.528133,205638.517861
2020-05-24 10:45:00,0.32143946530316175,-0.9469301294951056,0.8833871893333332,29.528405733333333,52.172778066666666,257417.196416
2020-05-24 11:00:00,0.258819045102521,-0.9659258262890682,0.7758027066666667,29.893628,56.5491456,236075.232134
2020-05-24 11:15:00,0.19509032201612816,-0.9807852804032304,0.8679127513333333,30.166768533333336,54.67960166666667,245811.23214
2020-05-24 11:30:00,0.13052619222005157,-0.9914448613738104,0.9587208273333332,30.64815266666666,58.192274733333335,255182.66071
2020-05-24 11:45:00,0.06540312923014312,-0.9978589232386035,0.8568886550000001,31.08613807142857,57.58173707142858,255212.87501
2020-05-24 12:00:00,1.2246467991473532e-16,-1.0,0.966907858,30.96598713333333,58.3223184,261993.64287
2020-05-24 12:15:00,-0.06540312923014287,-0.9978589232386035,0.9758267626666666,31.85976966666667,60.33080693333334,276448.26787
2020-05-24 12:30:00,-0.13052619222005132,-0.9914448613738105,0.9489071126666666,31.858768666666663,60.43083146666666,256224.94643
2020-05-24 12:45:00,-0.19509032201612792,-0.9807852804032305,0.9421417826666668,32.268751599999995,61.34530853333335,265186.10715
2020-05-24 13:00:00,-0.25881904510252035,-0.9659258262890684,0.9393533653333335,32.5261004,61.743723933333335,267671.32143
2020-05-24 13:15:00,-0.3214394653031611,-0.9469301294951058,0.9193798739999998,32.848590333333334,60.95937106666667,261246.0
2020-05-24 13:30:00,-0.3826834323650892,-0.923879532511287,0.7931582364285714,33.08275935714286,61.57563135714286,209572.089284
2020-05-24 13:45:00,-0.44228869021900147,-0.8968727415326883,0.847597544,33.321887266666664,57.5274762,257489.46428000001
2020-05-24 14:00:00,-0.5000000000000001,-0.8660254037844386,0.833392598,33.68083073333334,59.17385453333333,196984.374998
2020-05-24 14:15:00,-0.5555702330196023,-0.8314696123025452,0.8323255766666668,33.551989866666666,58.270271933333326,239015.82141
2020-05-24 14:30:00,-0.6087614290087207,-0.7933533402912352,0.6665665693333332,33.78651526666667,56.12368146666666,178910.839286
2020-05-24 14:45:00,-0.6593458151000688,-0.7518398074789774,0.6782424946666668,33.41605233333334,52.4764444,204194.321424
2020-05-24 15:00:00,-0.7071067811865475,-0.7071067811865477,0.6847007353333333,33.76234939999999,52.985213,192523.857142
2020-05-24 15:15:00,-0.7518398074789773,-0.6593458151000691,0.476600342,33.761303733333335,54.006864266666646,131077.625001
2020-05-24 15:30:00,-0.7933533402912349,-0.6087614290087209,0.238672855,33.279722071428566,45.374740642857134,85289.749999
2020-05-24 15:45:00,-0.8314696123025448,-0.555570233019603,0.21446764,32.816959600000004,40.0954304,67334.62500100001
2020-05-24 16:00:00,-0.8660254037844385,-0.5000000000000004,0.2873007813333333,32.72800313333334,38.61097186666667,92390.57143
2020-05-24 16:15:00,-0.8968727415326883,-0.44228869021900136,0.2895850273333333,33.25120033333334,42.48199053333333,88096.678571
2020-05-24 16:30:00,-0.9238795325112868,-0.3826834323650895,0.2425447946666666,32.82929440000001,40.124707066666666,76882.857144
2020-05-24 16:45:00,-0.9469301294951056,-0.3214394653031618,0.3035469626666667,32.72574673333334,39.121545600000005,88822.089286
2020-05-24 17:00:00,-0.9659258262890683,-0.25881904510252063,0.2947314606666666,32.85508646666668,40.3697468,88017.499998
2020-05-24 17:15:00,-0.9807852804032303,-0.19509032201612866,0.199998688,32.515638933333335,38.29546746666666,57869.821429
2020-05-24 17:30:00,-0.9914448613738104,-0.13052619222005163,0.1373132696428571,31.9316625,35.02001971428571,38298.660715
2020-05-24 17:45:00,-0.9978589232386035,-0.06540312923014362,0.0881270817333333,31.36695346666667,32.592636866666666,24003.3928567
2020-05-24 18:00:00,-1.0,-1.8369701987210297e-16,0.0456077094,30.75914113333333,30.545615666666663,13463.5892857
2020-05-24 18:15:00,-0.9978589232386036,0.06540312923014237,0.026994182600000003,30.156076999999996,29.0945292,8205.9285715
2020-05-24 18:30:00,-0.9914448613738104,0.13052619222005213,0.0112836303666666,29.691412400000004,28.060636333333324,3298.7857142
2020-05-24 18:45:00,-0.9807852804032304,0.1950903220161283,0.0012658659466666,29.193908666666665,27.260127866666668,0.0
2020-05-24 19:00:00,-0.9659258262890682,0.25881904510252113,0.0,28.8050252,26.648636866666667,0.0
2020-05-24 19:15:00,-0.9469301294951057,0.3214394653031615,0.0,28.41945813333333,26.357106600000005,0.0
2020-05-24 19:30:00,-0.9238795325112866,0.38268343236509,0.0,28.041340357142857,26.156620571428565,0.0
2020-05-24 19:45:00,-0.8968727415326884,0.442288690219001,0.0,27.721820066666666,25.952933733333335,0.0
2020-05-24 20:00:00,-0.8660254037844386,0.5000000000000001,0.0,27.463893733333336,26.059515466666667,0.0
2020-05-24 20:15:00,-0.8314696123025455,0.5555702330196018,0.0,27.122413933333334,25.596382866666662,0.0
2020-05-24 20:30:00,-0.7933533402912352,0.6087614290087205,0.0,26.938661666666665,25.4765034,0.0
2020-05-24 20:45:00,-0.7518398074789777,0.6593458151000684,0.0,26.813499,25.441148066666667,0.0
2020-05-24 21:00:00,-0.7071067811865477,0.7071067811865474,0.0,26.721419200000003,24.9726014,0.0
2020-05-24 21:15:00,-0.6593458151000687,0.7518398074789775,0.0,26.061617,23.810306800000003,0.0
2020-05-24 21:30:00,-0.608761429008721,0.7933533402912349,0.0,25.324238285714287,23.218586714285717,0.0
2020-05-24 21:45:00,-0.5555702330196022,0.8314696123025452,0.0,25.055564333333333,23.1519184,0.0
2020-05-24 22:00:00,-0.5000000000000004,0.8660254037844384,0.0,24.842502866666667,23.14363193333333,0.0
2020-05-24 22:15:00,-0.4422886902190014,0.8968727415326883,0.0,24.762579399999996,23.2487568,0.0
2020-05-24 22:30:00,-0.38268343236508956,0.9238795325112868,0.0,24.650606400000004,23.19892173333333,0.0
2020-05-24 22:45:00,-0.32143946530316186,0.9469301294951056,0.0,24.4036906,23.266341066666666,0.0
2020-05-24 23:00:00,-0.2588190451025207,0.9659258262890683,0.0,24.308990466666668,23.166595600000004,0.0
2020-05-24 23:15:00,-0.19509032201612872,0.9807852804032303,0.0,24.175543133333335,22.930407733333336,0.0
2020-05-24 23:30:00,-0.13052619222005168,0.9914448613738104,0.0,24.169597214285712,22.926810357142852,0.0
2020-05-24 23:45:00,-0.06540312923014367,0.9978589232386035,0.0,23.777931866666663,22.760666866666668,0.0
2020-05-25 00:00:00,0.0,1.0,0.0,23.523980866666662,22.53725386666667,0.0
2020-05-25 00:15:00,0.06540312923014306,0.9978589232386035,0.0,23.576312266666665,22.5190776,0.0
2020-05-25 00:30:00,0.13052619222005157,0.9914448613738104,0.0,23.793988066666667,22.6662274,0.0
2020-05-25 00:45:00,0.19509032201612825,0.9807852804032304,0.0,23.82386273333333,22.74333293333333,0.0
2020-05-25 01:00:00,0.25881904510252074,0.9659258262890683,0.0,23.813157266666668,22.72366926666666,0.0
2020-05-25 01:15:00,0.3214394653031616,0.9469301294951057,0.0,23.8431722,22.72266246666667,0.0
2020-05-25 01:30:00,0.3826834323650898,0.9238795325112867,0.0,23.769666500000003,22.556241714285715,0.0
2020-05-25 01:45:00,0.4422886902190013,0.8968727415326883,0.0,23.749446666666667,22.52036333333333,0.0
2020-05-25 02:00:00,0.49999999999999994,0.8660254037844387,0.0,23.745253333333327,22.562904666666668,0.0
2020-05-25 02:15:00,0.5555702330196022,0.8314696123025452,0.0,23.723101799999995,22.5175476,0.0
2020-05-25 02:30:00,0.6087614290087207,0.7933533402912352,0.0,23.660424866666663,22.528680466666668,0.0
2020-05-25 02:45:00,0.6593458151000688,0.7518398074789774,0.0,23.564792866666664,22.4498474,0.0
2020-05-25 03:00:00,0.7071067811865476,0.7071067811865476,0.0,23.53508313333333,22.328715,0.0
2020-05-25 03:15:00,0.7518398074789773,0.659345815100069,0.0,23.552939733333336,22.281717866666664,0.0
2020-05-25 03:30:00,0.7933533402912352,0.6087614290087207,0.0,23.565649399999998,22.254783333333336,0.0
2020-05-25 03:45:00,0.8314696123025452,0.5555702330196023,0.0,23.539119142857142,22.201566357142852,0.0
2020-05-25 04:00:00,0.8660254037844386,0.5000000000000001,0.0,23.4719544,22.1696574,0.0
2020-05-25 04:15:00,0.8968727415326884,0.44228869021900125,0.0,23.386020999999996,22.073919666666665,0.0
2020-05-25 04:30:00,0.9238795325112867,0.38268343236508984,0.0,23.424011199999995,22.17654226666667,0.0
2020-05-25 04:45:00,0.9469301294951057,0.3214394653031615,0.0,23.452626466666672,22.164961733333328,0.0
2020-05-25 05:00:00,0.9659258262890683,0.25881904510252074,0.0,23.358255866666664,21.58138833333333,0.0
2020-05-25 05:15:00,0.9807852804032304,0.19509032201612833,0.0,23.182582533333328,21.200907266666665,0.0
2020-05-25 05:30:00,0.9914448613738104,0.1305261922200517,0.0,23.065572,20.990049333333328,0.0
2020-05-25 05:45:00,0.9978589232386035,0.06540312923014305,0.0019075597822666,22.93050333333333,21.10439453333333,0.0
2020-05-25 06:00:00,1.0,6.123233995736766e-17,0.0142718304615384,22.90438138461538,21.018923153846156,0.0
2020-05-25 06:15:00,0.9978589232386035,-0.06540312923014292,0.0331407035,23.016544857142858,21.453314571428567,9018.8928572
2020-05-25 06:30:00,0.9914448613738105,-0.13052619222005138,0.050611544,23.31243286666667,22.078063866666664,15892.0714286
2020-05-25 06:45:00,0.9807852804032305,-0.19509032201612797,0.0832185890666666,23.515736933333333,22.768512,25885.642856
2020-05-25 07:00:00,0.9659258262890683,-0.25881904510252085,0.1486546339999999,23.78894046666666,23.575608266666663,37963.892856
2020-05-25 07:15:00,0.9469301294951057,-0.3214394653031616,0.20363394933333326,24.0009094,25.62175893333333,53687.178572
2020-05-25 07:30:00,0.9238795325112867,-0.3826834323650897,0.2028929653333333,24.311606799999996,28.332320066666668,60435.0
2020-05-25 07:45:00,0.8968727415326884,-0.44228869021900113,0.2812749706666666,24.44554646666667,30.010496,79574.125
2020-05-25 08:00:00,0.8660254037844387,-0.4999999999999998,0.2420931633333333,24.688751333333336,31.77211313333333,76654.428571
2020-05-25 08:15:00,0.8314696123025451,-0.5555702330196023,0.4445730093333333,24.93150013333333,34.9920044,129853.625
2020-05-25 08:30:00,0.7933533402912352,-0.6087614290087207,0.5047311078571429,25.73379057142857,40.25765564285714,146843.285717
2020-05-25 08:45:00,0.7518398074789774,-0.6593458151000688,0.5570171753333333,26.3876404,43.30431733333333,163322.875
2020-05-25 09:00:00,0.7071067811865476,-0.7071067811865475,0.6182257626666666,26.970560666666664,45.55024,181661.99999799998
2020-05-25 09:15:00,0.6593458151000686,-0.7518398074789776,0.6704487179999999,27.714882333333332,48.363682,196268.875
2020-05-25 09:30:00,0.6087614290087204,-0.7933533402912353,0.7147616046666667,28.173484266666676,49.31059400000001,209238.142854
2020-05-25 09:45:00,0.5555702330196022,-0.8314696123025453,0.7630363573333334,28.5507568,51.143084733333346,222074.857139
2020-05-25 10:00:00,0.49999999999999994,-0.8660254037844387,0.8024272126666667,28.685182600000005,52.744712666666665,230920.05359
2020-05-25 10:15:00,0.4422886902190013,-0.8968727415326883,0.8341566393333332,29.217750933333324,53.501413800000016,230873.2143
2020-05-25 10:30:00,0.3826834323650899,-0.9238795325112867,0.8627664733333336,29.56794646666667,55.37232273333334,245928.66073
2020-05-25 10:45:00,0.32143946530316175,-0.9469301294951056,0.8917315042857143,29.84079428571429,58.034288714285715,255876.85716
2020-05-25 11:00:00,0.258819045102521,-0.9659258262890682,0.9131820933333334,30.38230993333333,59.35841486666666,261314.67857
2020-05-25 11:15:00,0.19509032201612816,-0.9807852804032304,0.9288445293333332,30.986580466666666,60.1309834,265383.46428
2020-05-25 11:30:00,0.13052619222005157,-0.9914448613738104,0.947984686,31.036269066666662,60.58494866666667,270079.57142
2020-05-25 11:45:00,0.06540312923014312,-0.9978589232386035,0.9587958633333332,31.56218266666667,58.13640526666666,274643.16068
2020-05-25 12:00:00,1.2246467991473532e-16,-1.0,0.9652258986666667,31.597302133333333,58.96815806666666,274985.44643
2020-05-25 12:15:00,-0.06540312923014287,-0.9978589232386035,0.970586436,32.02379753333333,58.25814226666666,277025.85713
2020-05-25 12:30:00,-0.13052619222005132,-0.9914448613738105,0.9666168293333331,32.30198566666667,58.666117466666655,276426.625
2020-05-25 12:45:00,-0.19509032201612792,-0.9807852804032305,0.9600062992857142,32.36792450000001,60.75254,273846.99999
2020-05-25 13:00:00,-0.25881904510252035,-0.9659258262890684,0.9453285046666667,32.788692133333335,60.10255926666667,270429.0
2020-05-25 13:15:00,-0.3214394653031611,-0.9469301294951058,0.9130500964285715,33.254821857142865,60.86849728571429,262416.73809
2020-05-25 13:30:00,-0.3826834323650892,-0.923879532511287,0.8658357226666666,33.4319154,60.258821466666674,250835.07143
2020-05-25 13:45:00,-0.44228869021900147,-0.8968727415326883,0.8793472179999999,33.4819584,59.38402526666668,255962.4107
2020-05-25 14:00:00,-0.5000000000000001,-0.8660254037844386,0.8607233646666667,33.32365333333333,58.80879913333334,250431.51786
2020-05-25 14:15:00,-0.5555702330196023,-0.8314696123025452,0.7999019353333332,33.540535600000005,59.1779296,231765.10713
2020-05-25 14:30:00,-0.6087614290087207,-0.7933533402912352,0.7431429239999999,33.7554728,56.660072933333325,222678.089281
2020-05-25 14:45:00,-0.6593458151000688,-0.7518398074789774,0.760303092142857,34.09684771428572,54.98997742857143,206287.821428
2020-05-25 15:00:00,-0.7071067811865475,-0.7071067811865477,0.7549121526666667,34.382596666666664,57.54735093333332,222198.285723
2020-05-25 15:15:00,-0.7518398074789773,-0.6593458151000691,0.6773567373333333,34.232936733333325,54.87144166666666,195367.892857
2020-05-25 15:30:00,-0.7933533402912349,-0.6087614290087209,0.5049492813333333,34.278066,49.94577213333333,173667.803571
2020-05-25 15:45:00,-0.8314696123025448,-0.555570233019603,0.6294453433333332,34.629477933333334,50.88533153333333,187186.910713
2020-05-25 16:00:00,-0.8660254037844385,-0.5000000000000004,0.5514050859999999,34.7056704,51.99498913333333,168689.57143
2020-05-25 16:15:00,-0.8968727415326883,-0.44228869021900136,0.306095652,34.31009746666667,46.1497108,95108.875
2020-05-25 16:30:00,-0.9238795325112868,-0.3826834323650895,0.1337362736666667,33.7051188,39.0915042,43466.428572
2020-05-25 16:45:00,-0.9469301294951056,-0.3214394653031618,0.0878115582857142,32.85124421428571,34.75786921428571,29196.0
2020-05-25 17:00:00,-0.9659258262890683,-0.25881904510252063,0.0755440882,32.63336773333333,33.21449166666667,24905.142859
2020-05-25 17:15:00,-0.9807852804032303,-0.19509032201612866,0.0674540515333333,32.45497006666667,32.520924533333336,21416.5
2020-05-25 17:30:00,-0.9914448613738104,-0.13052619222005163,0.050618351066666595,32.222483600000004,31.91202193333333,15363.8571429
2020-05-25 17:45:00,-0.9978589232386035,-0.06540312923014362,0.0367549387333333,30.906561266666667,30.832251133333333,10723.5535714
2020-05-25 18:00:00,-1.0,-1.8369701987210297e-16,0.0324079431333333,29.405578533333337,28.884993533333333,9479.5535719
2020-05-25 18:15:00,-0.9978589232386036,0.06540312923014237,0.0165713633,28.774715333333333,27.363647333333333,4963.5357143
2020-05-25 18:30:00,-0.9914448613738104,0.13052619222005213,0.0038019427373333,27.8907064,26.16618666666667,745.96428572
2020-05-25 18:45:00,-0.9807852804032304,0.1950903220161283,4.9854124400000006e-05,27.1471252,25.1309936,0.0
2020-05-25 19:00:00,-0.9659258262890682,0.25881904510252113,0.0,26.844663285714287,24.81299035714285,0.0
2020-05-25 19:15:00,-0.9469301294951057,0.3214394653031615,0.0,26.80380246666667,24.55861206666667,0.0
2020-05-25 19:30:00,-0.9238795325112866,0.38268343236509,0.0,26.529679400000006,23.8296754,0.0
2020-05-25 19:45:00,-0.8968727415326884,0.442288690219001,0.0,26.139196733333332,23.174355066666667,0.0
2020-05-25 20:00:00,-0.8660254037844386,0.5000000000000001,0.0,25.98317053333333,22.6132344,0.0
2020-05-25 20:15:00,-0.8314696123025455,0.5555702330196018,0.0,25.92591346666667,22.996138533333333,0.0
2020-05-25 20:30:00,-0.7933533402912352,0.6087614290087205,0.0,26.3512246,24.133376066666667,0.0
2020-05-25 20:45:00,-0.7518398074789777,0.6593458151000684,0.0,26.67003993333333,25.027766933333336,0.0
2020-05-25 21:00:00,-0.7071067811865477,0.7071067811865474,0.0,26.74988007142857,25.323394642857146,0.0
2020-05-25 21:15:00,-0.6593458151000687,0.7518398074789775,0.0,26.74337146666666,25.45649006666667,0.0
2020-05-25 21:30:00,-0.608761429008721,0.7933533402912349,0.0,25.059989266666665,25.027827933333324,0.0
2020-05-25 21:45:00,-0.5555702330196022,0.8314696123025452,0.0,23.2322306,23.09873853333333,0.0
2020-05-25 22:00:00,-0.5000000000000004,0.8660254037844384,0.0,22.50070593333333,21.93613866666667,0.0
2020-05-25 22:15:00,-0.4422886902190014,0.8968727415326883,0.0,22.444230133333328,21.5962768,0.0
2020-05-25 22:30:00,-0.38268343236508956,0.9238795325112868,0.0,22.482853266666663,21.490083933333327,0.0
2020-05-25 22:45:00,-0.32143946530316186,0.9469301294951056,0.0,22.546732533333333,21.027425333333337,0.0
2020-05-25 23:00:00,-0.2588190451025207,0.9659258262890683,0.0,22.538633333333337,20.3957946,0.0
2020-05-25 23:15:00,-0.19509032201612872,0.9807852804032303,0.0,22.499492000000004,20.065861428571427,0.0
2020-05-25 23:30:00,-0.13052619222005168,0.9914448613738104,0.0,22.470717400000005,19.818194466666668,0.0
2020-05-25 23:45:00,-0.06540312923014367,0.9978589232386035,0.0,22.384967,19.720330800000003,0.0
2020-05-26 00:00:00,0.0,1.0,0.0,22.329964133333338,19.769138533333333,0.0
2020-05-26 00:15:00,0.06540312923014306,0.9978589232386035,0.0,22.266125533333334,19.9242026,0.0
2020-05-26 00:30:00,0.13052619222005157,0.9914448613738104,0.0,22.277128066666663,19.96756606666667,0.0
2020-05-26 00:45:00,0.19509032201612825,0.9807852804032304,0.0,22.151906400000005,19.948490333333336,0.0
2020-05-26 01:00:00,0.25881904510252074,0.9659258262890683,0.0,22.209784,19.795607666666665,0.0
2020-05-26 01:15:00,0.3214394653031616,0.9469301294951057,0.0,22.266959666666665,19.688240466666667,0.0
2020-05-26 01:30:00,0.3826834323650898,0.9238795325112867,0.0,22.238921999999995,19.587624571428574,0.0
2020-05-26 01:45:00,0.4422886902190013,0.8968727415326883,0.0,22.17399293333333,19.648162866666667,0.0
2020-05-26 02:00:00,0.49999999999999994,0.8660254037844387,0.0,22.08363446666667,19.61325486666667,0.0
2020-05-26 02:15:00,0.5555702330196022,0.8314696123025452,0.0,21.980529733333327,19.47120353333333,0.0
2020-05-26 02:30:00,0.6087614290087207,0.7933533402912352,0.0,21.735559066666667,19.13982333333333,0.0
2020-05-26 02:45:00,0.6593458151000688,0.7518398074789774,0.0,21.402293,18.911025,0.0
2020-05-26 03:00:00,0.7071067811865476,0.7071067811865476,0.0,21.34014086666667,18.893041933333333,0.0
2020-05-26 03:15:00,0.7518398074789773,0.659345815100069,0.0,21.357849266666665,19.0029684,0.0
2020-05-26 03:30:00,0.7933533402912352,0.6087614290087207,0.0,21.37924393333333,19.249369266666665,0.0
2020-05-26 03:45:00,0.8314696123025452,0.5555702330196023,0.0,21.381364,19.323044733333333,0.0
2020-05-26 04:00:00,0.8660254037844386,0.5000000000000001,0.0,21.259425642857135,19.017571500000003,0.0
2020-05-26 04:15:00,0.8968727415326884,0.44228869021900125,0.0,21.066817333333333,18.7768678,0.0
2020-05-26 04:30:00,0.9238795325112867,0.38268343236508984,0.0,21.374348866666665,18.972381733333336,0.0
2020-05-26 04:45:00,0.9469301294951057,0.3214394653031615,0.0,21.55023393333333,19.259316,0.0
2020-05-26 05:00:00,0.9659258262890683,0.25881904510252074,0.0,21.640612933333333,19.093664466666667,0.0
2020-05-26 05:15:00,0.9807852804032304,0.19509032201612833,0.0,21.899794533333328,19.312314866666664,0.0
2020-05-26 05:30:00,0.9914448613738104,0.1305261922200517,0.0,22.3387368,19.757601,0.0
2020-05-26 05:45:00,0.9978589232386035,0.06540312923014305,0.0008254361254,22.401477000000003,19.994679733333328,0.0
2020-05-26 06:00:00,1.0,6.123233995736766e-17,0.0105634890714285,22.495716785714286,20.229721071428568,2755.7678572
2020-05-26 06:15:00,0.9978589232386035,-0.06540312923014292,0.0287589122,22.62713006666667,20.668404133333333,8637.2857145
2020-05-26 06:30:00,0.9914448613738105,-0.13052619222005138,0.0506818596,22.841064466666666,21.282033466666665,16522.6785714
2020-05-26 06:45:00,0.9807852804032305,-0.19509032201612797,0.084808915,23.171523066666666,22.294864933333333,26664.303571
2020-05-26 07:00:00,0.9659258262890683,-0.25881904510252085,0.1582885586666666,23.54695426666667,23.86682333333334,40151.767858
2020-05-26 07:15:00,0.9469301294951057,-0.3214394653031616,0.21528912,23.94607946666667,26.170033866666667,56277.464285
2020-05-26 07:30:00,0.9238795325112867,-0.3826834323650897,0.2717468766666666,24.41617833333333,29.170227,73354.767856
2020-05-26 07:45:00,0.8968727415326884,-0.44228869021900113,0.330588588,24.91252433333333,32.155680466666674,92124.339285
2020-05-26 08:00:00,0.8660254037844387,-0.4999999999999998,0.39576236733333325,25.354199066666663,35.498592200000004,111467.178573
2020-05-26 08:15:00,0.8314696123025451,-0.5555702330196023,0.4513733507142856,26.096950071428576,39.086399571428565,129811.517856
2020-05-26 08:30:00,0.7933533402912352,-0.6087614290087207,0.5080059100000001,26.634405399999995,41.77922546666666,147847.250001
2020-05-26 08:45:00,0.7518398074789774,-0.6593458151000688,0.5608459200000001,26.999525933333327,43.4644392,164710.446428
2020-05-26 09:00:00,0.7071067811865476,-0.7071067811865475,0.6152906573333333,27.205737133333333,45.212386133333325,180598.874999
2020-05-26 09:15:00,0.6593458151000686,-0.7518398074789776,0.666398724,27.668807,48.98255793333335,194568.999999
2020-05-26 09:30:00,0.6087614290087204,-0.7933533402912353,0.7201458673333331,27.950823933333325,51.05456966666667,208863.910715
2020-05-26 09:45:00,0.5555702330196022,-0.8314696123025453,0.7660080266666666,28.3790078,53.2701114,215653.982146
2020-05-26 10:00:00,0.49999999999999994,-0.8660254037844387,0.8155462639999999,28.9688944,54.07523426666665,234480.42857
2020-05-26 10:15:00,0.4422886902190013,-0.8968727415326883,0.719329505,29.61952421428572,55.34798971428572,216227.10714
2020-05-26 10:30:00,0.3826834323650899,-0.9238795325112867,0.9841090573333332,29.580118799999994,57.320167999999995,259007.642869
2020-05-26 10:45:00,0.32143946530316175,-0.9469301294951056,0.8521106573333334,29.96776533333333,59.424285733333335,246529.25001
2020-05-26 11:00:00,0.258819045102521,-0.9659258262890682,0.988618098666667,30.10053313333333,56.944523066666655,268067.80357
2020-05-26 11:15:00,0.19509032201612816,-0.9807852804032304,0.580431214,30.313747133333337,55.35706793333332,170245.303569
2020-05-26 11:30:00,0.13052619222005157,-0.9914448613738104,0.838770058,30.505511533333333,57.031303066666666,241034.91071
2020-05-26 11:45:00,0.06540312923014312,-0.9978589232386035,0.7052639533333332,30.716996333333327,52.6329488,215185.464279
2020-05-26 12:00:00,1.2246467991473532e-16,-1.0,0.6880905792857142,30.900615071428568,53.41279399999999,231785.232143
2020-05-26 12:15:00,-0.06540312923014287,-0.9978589232386035,1.0541559813333337,31.35813793333333,59.133261999999995,278563.46427
2020-05-26 12:30:00,-0.13052619222005132,-0.9914448613738105,0.5448555493333334,31.578393466666668,54.042319733333336,172118.142853
2020-05-26 12:45:00,-0.19509032201612792,-0.9807852804032305,1.008637932,32.030253133333325,59.7176536,268710.58929
2020-05-26 13:00:00,-0.25881904510252035,-0.9659258262890684,0.6823728553333333,32.626951000000005,60.1761166,180054.482144
2020-05-26 13:15:00,-0.3214394653031611,-0.9469301294951058,0.5918467893333333,32.06863799999999,50.04413893333333,189248.482147
2020-05-26 13:30:00,-0.3826834323650892,-0.923879532511287,0.818109888,32.80097026666667,58.15341173333332,236891.482145
2020-05-26 13:45:00,-0.44228869021900147,-0.8968727415326883,0.9566406293333333,33.185274066666665,61.564326866666654,270711.21429
2020-05-26 14:00:00,-0.5000000000000001,-0.8660254037844386,0.7188153760000001,33.488021,59.663859200000005,182414.75
2020-05-26 14:15:00,-0.5555702330196023,-0.8314696123025452,0.24348246000000004,32.707593357142855,48.42773878571429,75814.44643
2020-05-26 14:30:00,-0.6087614290087207,-0.7933533402912352,0.445260018,32.27215373333334,44.45963126666666,158090.5
2020-05-26 14:45:00,-0.6593458151000688,-0.7518398074789774,0.302484416,32.34491993333334,43.7751686,100082.696429
2020-05-26 15:00:00,-0.7071067811865475,-0.7071067811865477,0.327377192,32.281588,41.69365866666666,99247.660714
2020-05-26 15:15:00,-0.7518398074789773,-0.6593458151000691,0.319140978,32.39553246666666,42.82737193333334,93425.50000100001
2020-05-26 15:30:00,-0.7933533402912349,-0.6087614290087209,0.5361376973333333,32.8598512,46.55671166666666,177462.785715
2020-05-26 15:45:00,-0.8314696123025448,-0.555570233019603,0.5286599566666667,33.26259353333333,48.231889,166088.589285
2020-05-26 16:00:00,-0.8660254037844385,-0.5000000000000004,0.37085346,33.40587706666668,46.34387413333334,112561.125
2020-05-26 16:15:00,-0.8968727415326883,-0.44228869021900136,0.45157641642857144,33.265648642857144,44.920237928571424,139076.321429
2020-05-26 16:30:00,-0.9238795325112868,-0.3826834323650895,0.3930785846666666,33.16755933333334,43.82860906666667,117984.017859
2020-05-26 16:45:00,-0.9469301294951056,-0.3214394653031618,0.4251206693333333,33.059299933333335,42.801250933333336,130992.982143
2020-05-26 17:00:00,-0.9659258262890683,-0.25881904510252063,0.3109964793333333,33.04103613333332,42.6021344,93045.892856
2020-05-26 17:15:00,-0.9807852804032303,-0.19509032201612866,0.0699064925333333,32.083526600000006,36.04578060000001,22259.6607144
2020-05-26 17:30:00,-0.9914448613738104,-0.13052619222005163,0.0440678129333333,31.256394333333333,31.672898466666663,14232.5000001
2020-05-26 17:45:00,-0.9978589232386035,-0.06540312923014362,0.0352655896,30.519482466666663,30.251395666666667,11071.9107142
2020-05-26 18:00:00,-1.0,-1.8369701987210297e-16,0.0265550992666666,29.59416113333333,29.093566866666663,8128.0535714
2020-05-26 18:15:00,-0.9978589232386036,0.06540312923014237,0.0245060392,29.093019666666667,28.168933133333333,1854.0
2020-05-26 18:30:00,-0.9914448613738104,0.13052619222005213,0.012341525507142799,28.737600999999998,27.428604214285716,0.0
2020-05-26 18:45:00,-0.9807852804032304,0.1950903220161283,0.0006909272933333,28.444854666666668,26.5186422,0.0
2020-05-26 19:00:00,-0.9659258262890682,0.25881904510252113,0.0,28.23783153333333,26.15416266666666,0.0
2020-05-26 19:15:00,-0.9469301294951057,0.3214394653031615,0.0,28.0495422,25.891577066666674,0.0
2020-05-26 19:30:00,-0.9238795325112866,0.38268343236509,0.0,27.280301933333337,25.317612800000003,0.0
2020-05-26 19:45:00,-0.8968727415326884,0.442288690219001,0.0,26.344228133333328,24.456264266666665,0.0
2020-05-26 20:00:00,-0.8660254037844386,0.5000000000000001,0.0,25.80482786666667,23.43174233333333,0.0
2020-05-26 20:15:00,-0.8314696123025455,0.5555702330196018,0.0,25.6798888,22.87546186666667,0.0
2020-05-26 20:30:00,-0.7933533402912352,0.6087614290087205,0.0,26.317622866666667,23.06435553333333,0.0
2020-05-26 20:45:00,-0.7518398074789777,0.6593458151000684,0.0,26.73703435714286,23.771536714285716,0.0
2020-05-26 21:00:00,-0.7071067811865477,0.7071067811865474,0.0,26.739679,24.4989238,0.0
2020-05-26 21:15:00,-0.6593458151000687,0.7518398074789775,0.0,26.860953933333334,25.539577266666665,0.0
2020-05-26 21:30:00,-0.608761429008721,0.7933533402912349,0.0,26.751902266666665,25.910893,0.0
2020-05-26 21:45:00,-0.5555702330196022,0.8314696123025452,0.0,25.950315533333335,24.791290333333336,0.0
2020-05-26 22:00:00,-0.5000000000000004,0.8660254037844384,0.0,25.97059126666666,24.29259233333333,0.0
2020-05-26 22:15:00,-0.4422886902190014,0.8968727415326883,0.0,25.966420599999996,24.102557466666664,0.0
2020-05-26 22:30:00,-0.38268343236508956,0.9238795325112868,0.0,25.976723266666667,23.806612266666665,0.0
2020-05-26 22:45:00,-0.32143946530316186,0.9469301294951056,0.0,25.810259142857145,23.5601895,0.0
2020-05-26 23:00:00,-0.2588190451025207,0.9659258262890683,0.0,25.312601666666662,23.815649266666664,0.0
2020-05-26 23:15:00,-0.19509032201612872,0.9807852804032303,0.0,23.959344400000006,23.300472066666668,0.0
2020-05-26 23:30:00,-0.13052619222005168,0.9914448613738104,0.0,23.662758399999998,22.656899,0.0
2020-05-26 23:45:00,-0.06540312923014367,0.9978589232386035,0.0,23.458341533333336,22.1916648,0.0
2020-05-27 00:00:00,0.0,1.0,0.0,23.350636733333328,21.8250304,0.0
2020-05-27 00:15:00,0.06540312923014306,0.9978589232386035,0.0,23.3878704,21.7501342,0.0
2020-05-27 00:30:00,0.13052619222005157,0.9914448613738104,0.0,23.41160473333333,21.652988533333332,0.0
2020-05-27 00:45:00,0.19509032201612825,0.9807852804032304,0.0,23.439538533333334,21.8520548,0.0
2020-05-27 01:00:00,0.25881904510252074,0.9659258262890683,0.0,23.478940714285716,22.0078015,0.0
2020-05-27 01:15:00,0.3214394653031616,0.9469301294951057,0.0,23.5569438,22.1949502,0.0
2020-05-27 01:30:00,0.3826834323650898,0.9238795325112867,0.0,23.609700400000005,22.218638066666667,0.0
2020-05-27 01:45:00,0.4422886902190013,0.8968727415326883,0.0,23.595737733333337,22.002624466666667,0.0
2020-05-27 02:00:00,0.49999999999999994,0.8660254037844387,0.0,23.378357000000005,21.570123533333334,0.0
2020-05-27 02:15:00,0.5555702330196022,0.8314696123025452,0.0,23.295308333333324,21.209047466666668,0.0
2020-05-27 02:30:00,0.6087614290087207,0.7933533402912352,0.0,23.3853394,21.54802453333333,0.0
2020-05-27 02:45:00,0.6593458151000688,0.7518398074789774,0.0,24.11521193333333,22.05081173333333,0.0
2020-05-27 03:00:00,0.7071067811865476,0.7071067811865476,0.0,24.209280785714284,22.253919357142856,0.0
2020-05-27 03:15:00,0.7518398074789773,0.659345815100069,0.0,24.113977066666667,21.963254733333336,0.0
2020-05-27 03:30:00,0.7933533402912352,0.6087614290087207,0.0,24.007735066666665,21.68212693333333,0.0
2020-05-27 03:45:00,0.8314696123025452,0.5555702330196023,0.0,23.8672546,21.50230326666667,0.0
2020-05-27 04:00:00,0.8660254037844386,0.5000000000000001,0.0,23.618619666666667,21.469712333333334,0.0
2020-05-27 04:15:00,0.8968727415326884,0.44228869021900125,0.0,23.4968382,21.601784133333336,0.0
2020-05-27 04:30:00,0.9238795325112867,0.38268343236508984,0.0,23.55595913333333,21.48046053333333,0.0
2020-05-27 04:45:00,0.9469301294951057,0.3214394653031615,0.0,23.599875933333337,21.486816399999995,0.0
2020-05-27 05:00:00,0.9659258262890683,0.25881904510252074,0.0,23.591532466666663,21.53707273333333,0.0
2020-05-27 05:15:00,0.9807852804032304,0.19509032201612833,0.0,23.456994428571424,21.577333857142857,0.0
2020-05-27 05:30:00,0.9914448613738104,0.1305261922200517,0.0,23.406447400000005,21.700998933333334,0.0
2020-05-27 05:45:00,0.9978589232386035,0.06540312923014305,0.0008405371983333,23.3181456,21.41036373333333,0.0
2020-05-27 06:00:00,1.0,6.123233995736766e-17,0.011790448319999898,23.21604600000001,21.406390466666668,3120.9821426
2020-05-27 06:15:00,0.9978589232386035,-0.06540312923014292,0.0275747859333333,23.13891793333333,21.6591104,8243.95
2020-05-27 06:30:00,0.9914448613738105,-0.13052619222005138,0.0606357090666666,23.3408814,22.568992,18215.482143
2020-05-27 06:45:00,0.9807852804032305,-0.19509032201612797,0.1112899762666666,24.0415672,23.861043266666663,33365.607142
2020-05-27 07:00:00,0.9659258262890683,-0.25881904510252085,0.1616571346666666,24.46488453333333,24.944256533333338,42938.190476
2020-05-27 07:15:00,0.9469301294951057,-0.3214394653031616,0.1542123409333333,24.711029066666665,25.490907733333334,43057.089284
2020-05-27 07:30:00,0.9238795325112867,-0.3826834323650897,0.2542998135714285,25.215722142857143,29.4314075,74281.732143
2020-05-27 07:45:00,0.8968727415326884,-0.44228869021900113,0.302042678,25.711328266666666,33.471195333333334,86378.928571
2020-05-27 08:00:00,0.8660254037844387,-0.4999999999999998,0.3424570506666667,26.1143576,35.96729740000001,102644.125001
2020-05-27 08:15:00,0.8314696123025451,-0.5555702330196023,0.453155868,26.739856,38.96813346666666,127223.011904
2020-05-27 08:30:00,0.7933533402912352,-0.6087614290087207,0.4485121606666667,27.1763814,40.5386984,124004.571429
2020-05-27 08:45:00,0.7518398074789774,-0.6593458151000688,0.5601515626666665,27.553778,41.08350839999999,158182.47619000002
2020-05-27 09:00:00,0.7071067811865476,-0.7071067811865475,0.6134782713333334,27.842344266666668,44.2842408,177142.107142
2020-05-27 09:15:00,0.6593458151000686,-0.7518398074789776,0.63148828,28.183992466666663,47.58702806666667,182864.089285
2020-05-27 09:30:00,0.6087614290087204,-0.7933533402912353,0.690779268,28.570597266666667,49.2665142,189068.672619
2020-05-27 09:45:00,0.5555702330196022,-0.8314696123025453,0.6264925335714285,29.14159064285714,50.962236928571436,184712.675
2020-05-27 10:00:00,0.49999999999999994,-0.8660254037844387,0.66640501,29.011586333333334,47.639289111111104,179902.3
2020-05-27 10:15:00,0.4422886902190013,-0.8968727415326883,0.4552519278571428,29.150216214285717,46.96144335714286,135950.660714
2020-05-27 10:30:00,0.3826834323650899,-0.9238795325112867,0.611992378,29.157197866666664,47.721988933333336,186942.041668
2020-05-27 10:45:00,0.32143946530316175,-0.9469301294951056,0.563158282,29.738852999999995,47.41822319999999,161357.499999
2020-05-27 11:00:00,0.258819045102521,-0.9659258262890682,0.562169516,29.9996884,49.968572866666655,168393.964286
2020-05-27 11:15:00,0.19509032201612816,-0.9807852804032304,0.8336664386666666,30.1848064,50.71409700000001,248979.09525
2020-05-27 11:30:00,0.13052619222005157,-0.9914448613738104,0.965868116,31.295017400000003,60.84368073333333,268791.66666
2020-05-27 11:45:00,0.06540312923014312,-0.9978589232386035,0.754565452,31.858074933333327,61.51417646666666,213991.24999799998
2020-05-27 12:00:00,1.2246467991473532e-16,-1.0,1.0365607706666664,31.9470338,62.420866,266222.5
2020-05-27 12:15:00,-0.06540312923014287,-0.9978589232386035,0.5983157728571428,32.10408907142858,59.94949335714285,173560.821433
2020-05-27 12:30:00,-0.13052619222005132,-0.9914448613738105,0.5748687466666667,32.095951199999995,51.93161206666666,153139.910714
2020-05-27 12:45:00,-0.19509032201612792,-0.9807852804032305,0.6274043513333333,32.27157786666667,53.3307006,171476.785713
2020-05-27 13:00:00,-0.25881904510252035,-0.9659258262890684,0.7174661713333332,32.52562053333333,52.57054206666666,202277.624999
2020-05-27 13:15:00,-0.3214394653031611,-0.9469301294951058,0.3488823366666666,32.66443473333334,48.46199133333334,107412.892856
2020-05-27 13:30:00,-0.3826834323650892,-0.923879532511287,0.2994810686666667,32.20655313333332,42.755688333333325,95533.113096
2020-05-27 13:45:00,-0.44228869021900147,-0.8968727415326883,0.3057066466666666,32.32926846666666,42.2032632,97894.12499899999
2020-05-27 14:00:00,-0.5000000000000001,-0.8660254037844386,0.3037400713333333,32.31917286666666,41.912998266666655,93571.267855
2020-05-27 14:15:00,-0.5555702330196023,-0.8314696123025452,0.2856979239999999,32.301509666666675,42.75711873333334,90297.410715
2020-05-27 14:30:00,-0.6087614290087207,-0.7933533402912352,0.6554787686666667,32.7693424,47.220991733333335,208009.125003
2020-05-27 14:45:00,-0.6593458151000688,-0.7518398074789774,0.3612557564285714,32.97901057142858,49.883756,110749.452382
2020-05-27 15:00:00,-0.7071067811865475,-0.7071067811865477,0.3312335933333333,32.9282166,45.9347556,110966.982141
2020-05-27 15:15:00,-0.7518398074789773,-0.6593458151000691,0.2769386199999999,32.6388932,43.367417200000006,93367.589284
2020-05-27 15:30:00,-0.7933533402912349,-0.6087614290087209,0.615993176,31.76597893333333,44.435286533333326,184323.392856
2020-05-27 15:45:00,-0.8314696123025448,-0.555570233019603,0.462262998,32.458738266666664,48.128287933333326,137104.749999
2020-05-27 16:00:00,-0.8660254037844385,-0.5000000000000004,0.47626358800000007,32.22288606666666,44.19463313333334,141093.660715
2020-05-27 16:15:00,-0.8968727415326883,-0.44228869021900136,0.36505636533333335,32.06696146666666,43.23507873333333,113226.339287
2020-05-27 16:30:00,-0.9238795325112868,-0.3826834323650895,0.3655789026666666,32.060280266666666,42.74383126666667,108788.035715
2020-05-27 16:45:00,-0.9469301294951056,-0.3214394653031618,0.2224269813333333,31.461081866666667,39.37515073333333,67808.017857
2020-05-27 17:00:00,-0.9659258262890683,-0.25881904510252063,0.1805451735714285,30.931368071428565,35.767237857142845,58180.232143
2020-05-27 17:15:00,-0.9807852804032303,-0.19509032201612866,0.1241333933333333,30.445636066666676,33.627032533333335,39244.142858
2020-05-27 17:30:00,-0.9914448613738104,-0.13052619222005163,0.0632720198666666,30.095953266666665,31.55705773333333,20198.982143
2020-05-27 17:45:00,-0.9978589232386035,-0.06540312923014362,0.042321342,29.846213866666663,30.149639866666664,13355.7321428
2020-05-27 18:00:00,-1.0,-1.8369701987210297e-16,0.0208843500333333,29.454140199999998,28.8870646,6594.4047619
2020-05-27 18:15:00,-0.9978589232386036,0.06540312923014237,0.0098169462733333,28.880454466666663,27.785554933333334,1318.2678571000001
2020-05-27 18:30:00,-0.9914448613738104,0.13052619222005213,0.0019553224081999,27.919635066666665,26.451664333333337,59.375
2020-05-27 18:45:00,-0.9807852804032304,0.1950903220161283,0.0,28.1855752,26.008966066666666,0.0
2020-05-27 19:00:00,-0.9659258262890682,0.25881904510252113,0.0,28.091544142857135,25.528405357142855,0.0
2020-05-27 19:15:00,-0.9469301294951057,0.3214394653031615,6.4555534e-05,27.561787866666663,25.778186133333328,0.0
2020-05-27 19:30:00,-0.9238795325112866,0.38268343236509,2.4998420000000013e-05,24.259470533333328,24.534897866666665,0.0
2020-05-27 19:45:00,-0.8968727415326884,0.442288690219001,0.0,23.18479406666667,22.366939266666662,0.0
2020-05-27 20:00:00,-0.8660254037844386,0.5000000000000001,0.0,23.055761666666665,21.543813,0.0
2020-05-27 20:15:00,-0.8314696123025455,0.5555702330196018,0.0,22.88948166666666,21.416206933333328,0.0
2020-05-27 20:30:00,-0.7933533402912352,0.6087614290087205,0.0,22.825628666666667,21.130249133333333,0.0
2020-05-27 20:45:00,-0.7518398074789777,0.6593458151000684,0.0,22.96097606666667,21.154176733333337,0.0
2020-05-27 21:00:00,-0.7071067811865477,0.7071067811865474,0.0,23.148819000000003,21.301618428571437,0.0
2020-05-27 21:15:00,-0.6593458151000687,0.7518398074789775,0.0,23.238674,21.1259462,0.0
2020-05-27 21:30:00,-0.608761429008721,0.7933533402912349,0.0,23.172168,20.79120886666667,0.0
2020-05-27 21:45:00,-0.5555702330196022,0.8314696123025452,0.0,23.009366933333336,20.558011866666664,0.0
2020-05-27 22:00:00,-0.5000000000000004,0.8660254037844384,0.0,22.935736066666664,20.534486933333334,0.0
2020-05-27 22:15:00,-0.4422886902190014,0.8968727415326883,0.0,22.89959913333333,20.5220438,0.0
2020-05-27 22:30:00,-0.38268343236508956,0.9238795325112868,0.0,22.904701733333336,20.862552933333337,0.0
2020-05-27 22:45:00,-0.32143946530316186,0.9469301294951056,0.0,22.901389466666668,21.32351266666667,0.0
2020-05-27 23:00:00,-0.2588190451025207,0.9659258262890683,0.0,23.19335942857143,22.037168214285717,0.0
2020-05-27 23:15:00,-0.19509032201612872,0.9807852804032303,0.0,23.445365266666666,22.402492266666663,0.0
2020-05-27 23:30:00,-0.13052619222005168,0.9914448613738104,0.0,23.4742208,22.3474202,0.0
2020-05-27 23:45:00,-0.06540312923014367,0.9978589232386035,0.0,23.370049866666662,22.21977766666667,0.0
2020-05-28 00:00:00,0.0,1.0,0.0,23.34788806666667,22.0466448,0.0
2020-05-28 00:15:00,0.06540312923014306,0.9978589232386035,0.0,23.154077266666665,21.732902066666668,0.0
2020-05-28 00:30:00,0.13052619222005157,0.9914448613738104,0.0,23.14515773333333,21.689501933333336,0.0
2020-05-28 00:45:00,0.19509032201612825,0.9807852804032304,0.0,23.120672733333333,21.7263734,0.0
2020-05-28 01:00:00,0.25881904510252074,0.9659258262890683,0.0,23.027730200000004,21.05123893333333,0.0
2020-05-28 01:15:00,0.3214394653031616,0.9469301294951057,0.0,22.74159678571429,20.341541785714288,0.0
2020-05-28 01:30:00,0.3826834323650898,0.9238795325112867,0.0,22.544309466666668,20.22720133333333,0.0
2020-05-28 01:45:00,0.4422886902190013,0.8968727415326883,0.0,22.4315856,20.403196200000004,0.0
2020-05-28 02:00:00,0.49999999999999994,0.8660254037844387,0.0,22.5432046,20.551021333333335,0.0
2020-05-28 02:15:00,0.5555702330196022,0.8314696123025452,0.0,22.5473002,20.59141633333333,0.0
2020-05-28 02:30:00,0.6087614290087207,0.7933533402912352,0.0,22.398087533333335,20.536779733333333,0.0
2020-05-28 02:45:00,0.6593458151000688,0.7518398074789774,0.0,22.4661296,20.652756666666665,0.0
2020-05-28 03:00:00,0.7071067811865476,0.7071067811865476,0.0,22.416562866666663,20.6208456,0.0
2020-05-28 03:15:00,0.7518398074789773,0.659345815100069,0.0,22.443714642857135,20.575374142857143,0.0
2020-05-28 03:30:00,0.7933533402912352,0.6087614290087207,0.0,22.5855528,20.9133688,0.0
2020-05-28 03:45:00,0.8314696123025452,0.5555702330196023,0.0,22.70174173333333,21.1886312,0.0
2020-05-28 04:00:00,0.8660254037844386,0.5000000000000001,0.0,22.623174933333328,20.723331733333332,0.0
2020-05-28 04:15:00,0.8968727415326884,0.44228869021900125,0.0,22.6158384,20.25167433333333,0.0
2020-05-28 04:30:00,0.9238795325112867,0.38268343236508984,0.0,22.5532246,20.274528066666665,0.0
2020-05-28 04:45:00,0.9469301294951057,0.3214394653031615,0.0,22.43520106666667,19.97839766666667,0.0
2020-05-28 05:00:00,0.9659258262890683,0.25881904510252074,0.0,22.137520266666662,19.745314466666663,0.0
2020-05-28 05:15:00,0.9807852804032304,0.19509032201612833,0.0,21.98794553333333,19.99453113333333,0.0
2020-05-28 05:30:00,0.9914448613738104,0.1305261922200517,0.0,21.8506328,19.853891933333333,0.0
2020-05-28 05:45:00,0.9978589232386035,0.06540312923014305,0.0003840421982142,21.656358857142852,19.201869428571428,0.0
2020-05-28 06:00:00,1.0,6.123233995736766e-17,0.0112265629133333,21.6234394,19.321281066666668,3314.7857141
2020-05-28 06:15:00,0.9978589232386035,-0.06540312923014292,0.030798331333333304,21.681390466666667,19.693007533333333,9504.7857143
2020-05-28 06:30:00,0.9914448613738105,-0.13052619222005138,0.0525764360666666,21.9106464,20.365659666666662,17514.7857143
2020-05-28 06:45:00,0.9807852804032305,-0.19509032201612797,0.09204136593333329,22.472273666666663,21.5067932,28744.696428
2020-05-28 07:00:00,0.9659258262890683,-0.25881904510252085,0.1743799119999999,23.251910266666663,23.56722206666667,42800.232143
2020-05-28 07:15:00,0.9469301294951057,-0.3214394653031616,0.22934130066666658,23.520062199999998,27.5222758,58807.892858
2020-05-28 07:30:00,0.9238795325112867,-0.3826834323650897,0.2846431906666666,24.100400866666668,31.043286133333336,75355.642857
2020-05-28 07:45:00,0.8968727415326884,-0.44228869021900113,0.3392979014285714,24.590855285714284,33.98376064285714,93389.00000100001
2020-05-28 08:00:00,0.8660254037844387,-0.4999999999999998,0.3905541093333334,25.104416866666664,36.957327933333325,110366.339286
2020-05-28 08:15:00,0.8314696123025451,-0.5555702330196023,0.4474868786666667,25.93090606666667,39.14253953333334,128930.464286
2020-05-28 08:30:00,0.7933533402912352,-0.6087614290087207,0.5072556953333333,26.5218384,40.79867733333334,147952.392857
2020-05-28 08:45:00,0.7518398074789774,-0.6593458151000688,0.5679321226666665,27.13689166666666,43.47980553333333,166723.464287
2020-05-28 09:00:00,0.7071067811865476,-0.7071067811865475,0.6186352253333331,27.544490533333327,44.7877972,181022.767858
2020-05-28 09:15:00,0.6593458151000686,-0.7518398074789776,0.6627551926666667,27.934765733333332,46.073250533333336,194474.053572
2020-05-28 09:30:00,0.6087614290087204,-0.7933533402912353,0.7142683660000001,28.210111600000005,48.59591266666667,208171.35714500002
2020-05-28 09:45:00,0.5555702330196022,-0.8314696123025453,0.7337398671428571,28.67243964285714,49.257720857142864,212358.333334
2020-05-28 10:00:00,0.49999999999999994,-0.8660254037844387,0.8090980026666666,28.899194400000003,50.217022533333335,225418.446426
2020-05-28 10:15:00,0.4422886902190013,-0.8968727415326883,0.8295752813333332,29.420182333333333,51.9404828,233272.07142
2020-05-28 10:30:00,0.3826834323650899,-0.9238795325112867,0.8182360253333333,29.4800944,54.2505046,216263.535715
2020-05-28 10:45:00,0.32143946530316175,-0.9469301294951056,0.7252745073333334,29.966066466666664,55.059627,207863.160718
2020-05-28 11:00:00,0.258819045102521,-0.9659258262890682,0.807332034,29.914223333333336,51.16156006666666,242176.553585
2020-05-28 11:15:00,0.19509032201612816,-0.9807852804032304,0.9597508193333332,30.556133933333328,57.9774638,274505.26785
2020-05-28 11:30:00,0.13052619222005157,-0.9914448613738104,1.009763066,31.312459333333326,59.503814466666654,283830.53572
2020-05-28 11:45:00,0.06540312923014312,-0.9978589232386035,0.9627888220000002,31.614807133333333,59.99013253333333,276006.14285
2020-05-28 12:00:00,1.2246467991473532e-16,-1.0,0.9274572886666668,31.7778442,59.60229933333334,265214.03572
2020-05-28 12:15:00,-0.06540312923014287,-0.9978589232386035,1.0637222583333332,32.29975366666667,60.04074324999999,284571.65237
2020-05-28 12:30:00,-0.13052619222005132,-0.9914448613738105,0.8011804564285714,32.15694978571428,58.43889107142857,242437.874991
2020-05-28 12:45:00,-0.19509032201612792,-0.9807852804032305,0.90865983,32.250663066666675,58.209017133333326,265731.67857
2020-05-28 13:00:00,-0.25881904510252035,-0.9659258262890684,1.0082438753333332,32.9157552,60.92674346666666,282757.28571
2020-05-28 13:15:00,-0.3214394653031611,-0.9469301294951058,0.87740903,33.30490126666667,61.48070286666666,227630.35716
2020-05-28 13:30:00,-0.3826834323650892,-0.923879532511287,0.5136740935714285,32.802505857142854,49.77019207142857,159009.964286
2020-05-28 13:45:00,-0.44228869021900147,-0.8968727415326883,0.7417442313333334,32.92808646666667,49.820072333333336,218978.124997
2020-05-28 14:00:00,-0.5000000000000001,-0.8660254037844386,0.718638987,33.757623499999994,56.5494842,207014.458337
2020-05-28 14:15:00,-0.5555702330196023,-0.8314696123025452,0.4033134171428571,32.78992792857142,46.81591135714286,105308.642857
2020-05-28 14:30:00,-0.6087614290087207,-0.7933533402912352,0.5518274599999999,32.84624806666667,48.51458733333333,179159.12499799998
2020-05-28 14:45:00,-0.6593458151000688,-0.7518398074789774,0.5377807876923076,32.96533184615384,46.83451484615386,177523.452382
2020-05-28 15:00:00,-0.7071067811865475,-0.7071067811865477,0.7397700273333334,33.397930933333335,51.453865333333326,220541.982138
2020-05-28 15:15:00,-0.7518398074789773,-0.6593458151000691,0.642219944,33.418438800000004,50.9835652,188854.428571
2020-05-28 15:30:00,-0.7933533402912349,-0.6087614290087209,0.5725103686666667,33.45063293333333,49.209210333333324,176704.136904
2020-05-28 15:45:00,-0.8314696123025448,-0.555570233019603,0.47938924071428574,33.09783492857143,47.057438571428584,135039.910715
2020-05-28 16:00:00,-0.8660254037844385,-0.5000000000000004,0.206959974,32.85396113333333,42.799833,64711.886905
2020-05-28 16:15:00,-0.8968727415326883,-0.44228869021900136,0.3152401926666667,32.72757773333334,40.30443513333333,97503.321428
2020-05-28 16:30:00,-0.9238795325112868,-0.3826834323650895,0.3207225406666667,32.866440600000004,40.0736208,95317.874999
2020-05-28 16:45:00,-0.9469301294951056,-0.3214394653031618,0.2912888885714286,32.67632835714286,38.693878142857145,81726.809524
2020-05-28 17:00:00,-0.9659258262890683,-0.25881904510252063,0.2348828546666666,32.671417266666666,38.58448679999999,71692.446429
2020-05-28 17:15:00,-0.9807852804032303,-0.19509032201612866,0.19593779428571423,32.512230571428574,37.494888142857135,57515.214285
2020-05-28 17:30:00,-0.9914448613738104,-0.13052619222005163,0.0836154068666666,31.958078800000006,34.10791773333333,24810.803573
2020-05-28 17:45:00,-0.9978589232386035,-0.06540312923014362,0.05179872406666661,31.476942933333337,31.634830733333327,15151.0892857
2020-05-28 18:00:00,-1.0,-1.8369701987210297e-16,0.0359229087333333,31.00580053333334,30.528898000000005,10506.0892858
2020-05-28 18:15:00,-0.9978589232386036,0.06540312923014237,0.0206756249642857,30.42119707142857,29.995760357142856,5899.3214285
2020-05-28 18:30:00,-0.9914448613738104,0.13052619222005213,0.007399102092857101,29.723270928571427,29.320794285714285,1316.49285715
2020-05-28 18:45:00,-0.9807852804032304,0.1950903220161283,0.0012636806146,28.561309999999995,27.98389913333333,0.0
2020-05-28 19:00:00,-0.9659258262890682,0.25881904510252113,0.0,28.059818466666663,27.340474333333336,0.0
2020-05-28 19:15:00,-0.9469301294951057,0.3214394653031615,0.0,27.7923808,26.7919168,0.0
2020-05-28 19:30:00,-0.9238795325112866,0.38268343236509,0.0,27.6113422,26.0416464,0.0
2020-05-28 19:45:00,-0.8968727415326884,0.442288690219001,0.0,27.3556456,25.637278066666667,0.0
2020-05-28 20:00:00,-0.8660254037844386,0.5000000000000001,0.0,27.135395642857137,25.529323071428568,0.0
2020-05-28 20:15:00,-0.8314696123025455,0.5555702330196018,0.0,26.931520666666664,25.35537526666667,0.0
2020-05-28 20:30:00,-0.7933533402912352,0.6087614290087205,0.0,26.724784466666662,25.210925266666667,0.0
2020-05-28 20:45:00,-0.7518398074789777,0.6593458151000684,0.0,26.4515138,24.995629866666665,0.0
2020-05-28 21:00:00,-0.7071067811865477,0.7071067811865474,0.0,26.230761799999996,24.619024666666665,0.0
2020-05-28 21:15:00,-0.6593458151000687,0.7518398074789775,0.0,24.983808380952382,24.348965619047625,0.0
2020-05-28 21:30:00,-0.608761429008721,0.7933533402912349,0.0,22.000267692307688,20.651951615384615,0.0
2020-05-28 21:45:00,-0.5555702330196022,0.8314696123025452,0.0,20.613987769230768,19.553316538461537,0.0
2020-05-28 22:00:00,-0.5000000000000004,0.8660254037844384,0.0,20.845003333333327,19.865224266666665,0.0
2020-05-28 22:15:00,-0.4422886902190014,0.8968727415326883,0.0,21.100152466666668,20.133622066666664,0.0
2020-05-28 22:30:00,-0.38268343236508956,0.9238795325112868,0.0,21.25922485714285,20.277036357142855,0.0
2020-05-28 22:45:00,-0.32143946530316186,0.9469301294951056,0.0,21.242073600000005,20.3306824,0.0
2020-05-28 23:00:00,-0.2588190451025207,0.9659258262890683,0.0,21.21269361538461,20.339630000000003,0.0
2020-05-28 23:15:00,-0.19509032201612872,0.9807852804032303,0.0,21.1957966,20.36386926666667,0.0
2020-05-28 23:30:00,-0.13052619222005168,0.9914448613738104,0.0,21.1990866,20.352065066666665,0.0
2020-05-28 23:45:00,-0.06540312923014367,0.9978589232386035,0.0,21.157242866666667,20.2670472,0.0
2020-05-29 00:00:00,0.0,1.0,0.0,21.095442,20.236613,0.0
2020-05-29 00:15:00,0.06540312923014306,0.9978589232386035,0.0,21.076190266666664,20.20665093333333,0.0
2020-05-29 00:30:00,0.13052619222005157,0.9914448613738104,0.0,21.008919266666663,20.190775666666667,0.0
2020-05-29 00:45:00,0.19509032201612825,0.9807852804032304,0.0,20.7940328,19.9732014,0.0
2020-05-29 01:00:00,0.25881904510252074,0.9659258262890683,0.0,20.708744923076924,19.866868307692307,0.0
2020-05-29 01:15:00,0.3214394653031616,0.9469301294951057,0.0,20.666713266666665,19.794504733333337,0.0
2020-05-29 01:30:00,0.3826834323650898,0.9238795325112867,0.0,20.695155733333337,19.810477733333336,0.0
2020-05-29 01:45:00,0.4422886902190013,0.8968727415326883,0.0,20.7071381,19.7992888,0.0
2020-05-29 02:00:00,0.49999999999999994,0.8660254037844387,0.002272351967592589,20.71443039074074,19.81969797314815,0.0
2020-05-29 02:15:00,0.5555702330196022,0.8314696123025452,0.004544703935185178,20.72172268148148,19.840107146296294,0.0
2020-05-29 02:30:00,0.6087614290087207,0.7933533402912352,0.006817055902777767,20.729014972222224,19.860516319444443,0.0
2020-05-29 02:45:00,0.6593458151000688,0.7518398074789774,0.009089407870370356,20.736307262962963,19.880925492592592,0.0
2020-05-29 03:00:00,0.7071067811865476,0.7071067811865476,0.011361759837962945,20.743599553703703,19.90133466574074,0.0
2020-05-29 03:15:00,0.7518398074789773,0.659345815100069,0.013634111805555535,20.750891844444443,19.921743838888887,0.0
2020-05-29 03:30:00,0.7933533402912352,0.6087614290087207,0.015906463773148125,20.758184135185186,19.942153012037036,0.0
2020-05-29 03:45:00,0.8314696123025452,0.5555702330196023,0.018178815740740713,20.765476425925925,19.962562185185185,0.0
2020-05-29 04:00:00,0.8660254037844386,0.5000000000000001,0.0204511677083333,20.772768716666665,19.98297135833333,0.0
2020-05-29 04:15:00,0.8968727415326884,0.44228869021900125,0.02272351967592589,20.780061007407404,20.00338053148148,0.0
2020-05-29 04:30:00,0.9238795325112867,0.38268343236508984,0.024995871643518477,20.787353298148144,20.02378970462963,0.0
2020-05-29 04:45:00,0.9469301294951057,0.3214394653031615,0.02726822361111107,20.794645588888887,20.044198877777777,0.0
2020-05-29 05:00:00,0.9659258262890683,0.25881904510252074,0.029540575578703657,20.801937879629627,20.064608050925923,0.0
2020-05-29 05:15:00,0.9807852804032304,0.19509032201612833,0.03181292754629625,20.809230170370366,20.085017224074072,0.0
2020-05-29 05:30:00,0.9914448613738104,0.1305261922200517,0.03408527951388884,20.816522461111106,20.10542639722222,0.0
2020-05-29 05:45:00,0.9978589232386035,0.06540312923014305,0.036357631481481426,20.82381475185185,20.12583557037037,0.0
2020-05-29 06:00:00,1.0,6.123233995736766e-17,0.038629983449074014,20.83110704259259,20.146244743518515,10945.996301892554
2020-05-29 06:15:00,0.9978589232386035,-0.06540312923014292,0.0409023354166666,20.838399333333328,20.166653916666665,11155.333333300001
2020-05-29 06:30:00,0.9914448613738105,-0.13052619222005138,0.0663231575714285,21.0031935,20.9889395,21612.4285724
2020-05-29 06:45:00,0.9807852804032305,-0.19509032201612797,0.0998780443333333,21.185152066666664,21.922501733333327,33513.035715
2020-05-29 07:00:00,0.9659258262890683,-0.25881904510252085,0.1301255426666666,21.432889933333332,24.11876633333333,43164.464286
2020-05-29 07:15:00,0.9469301294951057,-0.3214394653031616,0.1339008513333333,21.80819506666667,26.070053999999995,43546.928572
2020-05-29 07:30:00,0.9238795325112867,-0.3826834323650897,0.1528612619999999,22.1382732,26.9603476,48868.946429
2020-05-29 07:45:00,0.8968727415326884,-0.44228869021900113,0.18881998399999997,22.34573353333333,28.182126799999995,59633.767857
2020-05-29 08:00:00,0.8660254037844387,-0.4999999999999998,0.2336446046666666,22.677024466666666,29.930456466666666,73497.732143
2020-05-29 08:15:00,0.8314696123025451,-0.5555702330196023,0.299662534,23.168194600000003,32.699511466666664,93882.303571
2020-05-29 08:30:00,0.7933533402912352,-0.6087614290087207,0.359172322,23.66407273333333,35.258107466666665,110597.321428
2020-05-29 08:45:00,0.7518398074789774,-0.6593458151000688,0.3933412785714285,24.082292928571427,37.545538642857146,122060.678572
2020-05-29 09:00:00,0.7071067811865476,-0.7071067811865475,0.4835685933333334,24.379396666666665,40.127750600000006,151235.571428
2020-05-29 09:15:00,0.6593458151000686,-0.7518398074789776,0.6839935373333333,25.400056866666663,47.31288253333333,199633.089286
2020-05-29 09:30:00,0.6087614290087204,-0.7933533402912353,0.4851745126666666,25.623183200000003,47.156502466666666,142957.214285
2020-05-29 09:45:00,0.5555702330196022,-0.8314696123025453,0.6188715400000001,26.1870668,47.074328799999996,185831.964287
2020-05-29 10:00:00,0.49999999999999994,-0.8660254037844387,0.6259291153333334,26.661142999999996,47.86209886666666,192094.946429
2020-05-29 10:15:00,0.4422886902190013,-0.8968727415326883,0.922471946,27.280598866666665,56.17617786666667,261290.32145
2020-05-29 10:30:00,0.3826834323650899,-0.9238795325112867,0.9426408173333332,27.962141933333328,59.34772946666667,265695.98215
2020-05-29 10:45:00,0.32143946530316175,-0.9469301294951056,0.880648258,28.6902568,57.816648333333326,251875.01785
2020-05-29 11:00:00,0.258819045102521,-0.9659258262890682,0.89846418,28.98941914285714,58.54648692857143,256672.60714
2020-05-29 11:15:00,0.19509032201612816,-0.9807852804032304,0.844823108,29.171191466666667,57.728653933333334,241112.16073
2020-05-29 11:30:00,0.13052619222005157,-0.9914448613738104,0.7256673206666666,29.170436533333337,54.048779599999996,204165.571429
2020-05-29 11:45:00,0.06540312923014312,-0.9978589232386035,1.0518955426666667,29.45211586666666,57.48017959999999,277691.32143
2020-05-29 12:00:00,1.2246467991473532e-16,-1.0,0.875959719333333,30.0820658,61.4289776,261260.41071
2020-05-29 12:15:00,-0.06540312923014287,-0.9978589232386035,0.7119324986666667,29.980607066666668,58.23431193333333,224220.57143
2020-05-29 12:30:00,-0.13052619222005132,-0.9914448613738105,0.9072622120000001,30.22876786666666,58.4341208,262618.35717
2020-05-29 12:45:00,-0.19509032201612792,-0.9807852804032305,0.964028712,30.414278266666667,62.09320066666666,273016.26786
2020-05-29 13:00:00,-0.25881904510252035,-0.9659258262890684,0.9750077606666668,31.0336488,63.14266973333333,275776.57141
2020-05-29 13:15:00,-0.3214394653031611,-0.9469301294951058,0.906359092,31.226418066666668,63.192092066666675,255066.875
2020-05-29 13:30:00,-0.3826834323650892,-0.923879532511287,0.870920262,31.451491266666668,58.442191666666666,241203.96426
2020-05-29 13:45:00,-0.44228869021900147,-0.8968727415326883,0.631655037142857,31.4721985,58.874195642857146,195300.696428
2020-05-29 14:00:00,-0.5000000000000001,-0.8660254037844386,0.4715989833333332,31.294620733333332,50.15845953333333,146673.107142
2020-05-29 14:15:00,-0.5555702330196023,-0.8314696123025452,0.7254104080000001,31.446600466666663,51.540208,204268.42857699998
2020-05-29 14:30:00,-0.6087614290087207,-0.7933533402912352,0.611296238,31.9529074,53.654715866666656,179871.589287
2020-05-29 14:45:00,-0.6593458151000688,-0.7518398074789774,0.6525659726666667,32.07957366666666,53.019840733333325,193773.696429
2020-05-29 15:00:00,-0.7071067811865475,-0.7071067811865477,0.5593601680000001,32.37420473333333,52.76566173333333,169502.499999
2020-05-29 15:15:00,-0.7518398074789773,-0.6593458151000691,0.5192661353333333,32.275811866666665,51.221810066666656,164529.375
2020-05-29 15:30:00,-0.7933533402912349,-0.6087614290087209,0.5249432360000001,32.34201053333333,48.92515073333333,153956.732145
2020-05-29 15:45:00,-0.8314696123025448,-0.555570233019603,0.5348639064285715,32.46573564285715,48.318494571428566,160888.785715
2020-05-29 16:00:00,-0.8660254037844385,-0.5000000000000004,0.4842280460000001,32.45574533333333,47.4088624,148051.303572
2020-05-29 16:15:00,-0.8968727415326883,-0.44228869021900136,0.4571501439999999,31.814784666666664,46.41744406666666,140480.571429
2020-05-29 16:30:00,-0.9238795325112868,-0.3826834323650895,0.3026864813333333,31.6578208,43.54560113333334,91834.392857
2020-05-29 16:45:00,-0.9469301294951056,-0.3214394653031618,0.25664592,30.836218333333328,39.6094684,79403.392857
2020-05-29 17:00:00,-0.9659258262890683,-0.25881904510252063,0.2275632,30.0257304,36.7043906,70533.464286
2020-05-29 17:15:00,-0.9807852804032303,-0.19509032201612866,0.163290324,29.58132926666667,34.95715533333333,50867.499998
2020-05-29 17:30:00,-0.9914448613738104,-0.13052619222005163,0.0869776312666666,29.13962606666667,32.1050026,27273.196429
2020-05-29 17:45:00,-0.9978589232386035,-0.06540312923014362,0.0651276525,28.608535642857145,30.09376085714285,20308.3928572
2020-05-29 18:00:00,-1.0,-1.8369701987210297e-16,0.0333130082666666,28.177933666666664,28.663822533333327,9831.7678572
2020-05-29 18:15:00,-0.9978589232386036,0.06540312923014237,0.0104024432133333,27.792637066666668,27.22354733333333,2790.4702382
2020-05-29 18:30:00,-0.9914448613738104,0.13052619222005213,0.003065661366,27.432686333333333,26.253356733333334,39.125
2020-05-29 18:45:00,-0.9807852804032304,0.1950903220161283,0.0,27.0520792,25.381172666666668,0.0
2020-05-29 19:00:00,-0.9659258262890682,0.25881904510252113,0.0,26.574529866666673,24.8557904,0.0
2020-05-29 19:15:00,-0.9469301294951057,0.3214394653031615,0.0,26.251810733333336,24.422851666666663,0.0
2020-05-29 19:30:00,-0.9238795325112866,0.38268343236509,0.0,25.991561066666662,23.6388794,0.0
2020-05-29 19:45:00,-0.8968727415326884,0.442288690219001,0.0,25.52207653333333,22.866922933333328,0.0
2020-05-29 20:00:00,-0.8660254037844386,0.5000000000000001,0.0,25.53364046666667,23.554854333333324,0.0
2020-05-29 20:15:00,-0.8314696123025455,0.5555702330196018,0.0,25.580923999999996,24.16174314285714,0.0
2020-05-29 20:30:00,-0.7933533402912352,0.6087614290087205,0.0,25.6105834,24.433229466666663,0.0
2020-05-29 20:45:00,-0.7518398074789777,0.6593458151000684,0.0,25.576975733333327,24.29630733333333,0.0
2020-05-29 21:00:00,-0.7071067811865477,0.7071067811865474,0.0,25.569374466666662,24.1769226,0.0
2020-05-29 21:15:00,-0.6593458151000687,0.7518398074789775,0.0,25.5727214,24.305244933333327,0.0
2020-05-29 21:30:00,-0.608761429008721,0.7933533402912349,0.0,25.53245233333333,24.24543453333333,0.0
2020-05-29 21:45:00,-0.5555702330196022,0.8314696123025452,0.0,25.417073599999995,24.084344533333333,0.0
2020-05-29 22:00:00,-0.5000000000000004,0.8660254037844384,0.0,25.315657466666668,24.1501708,0.0
2020-05-29 22:15:00,-0.4422886902190014,0.8968727415326883,0.0,24.6701782,23.417525333333334,0.0
2020-05-29 22:30:00,-0.38268343236508956,0.9238795325112868,0.0,22.479893,21.288265066666668,0.0
2020-05-29 22:45:00,-0.32143946530316186,0.9469301294951056,0.0,21.80762807142857,20.890234857142858,0.0
2020-05-29 23:00:00,-0.2588190451025207,0.9659258262890683,0.0,21.58188473333333,20.800057066666668,0.0
2020-05-29 23:15:00,-0.19509032201612872,0.9807852804032303,0.0,21.44609786666667,20.709676,0.0
2020-05-29 23:30:00,-0.13052619222005168,0.9914448613738104,0.0,21.5154318,20.651177866666668,0.0
2020-05-29 23:45:00,-0.06540312923014367,0.9978589232386035,0.0,21.5897746,20.9075114,0.0
2020-05-30 00:00:00,0.0,1.0,0.0,21.52715873333333,20.8601236,0.0
2020-05-30 00:15:00,0.06540312923014306,0.9978589232386035,0.0,21.492806,20.699059866666666,0.0
2020-05-30 00:30:00,0.13052619222005157,0.9914448613738104,0.0,21.3664144,20.529703666666663,0.0
2020-05-30 00:45:00,0.19509032201612825,0.9807852804032304,0.0,21.3732096,20.504990666666664,0.0
2020-05-30 01:00:00,0.25881904510252074,0.9659258262890683,0.0,21.3210645,20.41563628571429,0.0
2020-05-30 01:15:00,0.3214394653031616,0.9469301294951057,0.0,21.295438733333327,20.294574,0.0
2020-05-30 01:30:00,0.3826834323650898,0.9238795325112867,0.0,21.305418000000003,20.40134893333333,0.0
2020-05-30 01:45:00,0.4422886902190013,0.8968727415326883,0.0,21.262144,20.473541333333333,0.0
2020-05-30 02:00:00,0.49999999999999994,0.8660254037844387,0.0,21.25114333333333,20.463403266666663,0.0
2020-05-30 02:15:00,0.5555702330196022,0.8314696123025452,0.0,21.316385866666668,20.49529,0.0
2020-05-30 02:30:00,0.6087614290087207,0.7933533402912352,0.0,21.313004600000003,20.61629026666667,0.0
2020-05-30 02:45:00,0.6593458151000688,0.7518398074789774,0.0,21.401043666666663,20.689916933333333,0.0
2020-05-30 03:00:00,0.7071067811865476,0.7071067811865476,0.0,21.4183166,20.60063273333333,0.0
2020-05-30 03:15:00,0.7518398074789773,0.659345815100069,0.0,21.398672857142856,20.531991142857144,0.0
2020-05-30 03:30:00,0.7933533402912352,0.6087614290087207,0.0,21.374104733333333,20.533020066666666,0.0
2020-05-30 03:45:00,0.8314696123025452,0.5555702330196023,0.0,21.3664836,20.48927813333333,0.0
2020-05-30 04:00:00,0.8660254037844386,0.5000000000000001,0.0,21.413842733333336,20.515926,0.0
2020-05-30 04:15:00,0.8968727415326884,0.44228869021900125,0.0,21.42423293333333,20.5375876,0.0
2020-05-30 04:30:00,0.9238795325112867,0.38268343236508984,0.0,21.4370606,20.5680806,0.0
2020-05-30 04:45:00,0.9469301294951057,0.3214394653031615,0.0,21.293420333333334,20.270672800000003,0.0
2020-05-30 05:00:00,0.9659258262890683,0.25881904510252074,0.0,21.242486466666666,20.148506666666663,0.0
2020-05-30 05:15:00,0.9807852804032304,0.19509032201612833,0.0,21.276218733333337,20.2370014,0.0
2020-05-30 05:30:00,0.9914448613738104,0.1305261922200517,0.0,21.26208493333333,20.15769046666667,0.0
2020-05-30 05:45:00,0.9978589232386035,0.06540312923014305,0.0010542331467857,21.226811071428568,19.827433928571438,0.0
2020-05-30 06:00:00,1.0,6.123233995736766e-17,0.00783505386,21.150111866666663,19.747505800000003,1637.2857143
2020-05-30 06:15:00,0.9978589232386035,-0.06540312923014292,0.0230068427666666,21.185369800000004,20.100394533333336,6909.9464287
2020-05-30 06:30:00,0.9914448613738105,-0.13052619222005138,0.0503953045333333,21.350661199999998,20.921696,15397.8392857
2020-05-30 06:45:00,0.9807852804032305,-0.19509032201612797,0.0836293638666666,21.591829466666663,21.91393233333333,26429.821429
2020-05-30 07:00:00,0.9659258262890683,-0.25881904510252085,0.1167449068666666,21.786851066666664,22.9464376,37394.5
2020-05-30 07:15:00,0.9469301294951057,-0.3214394653031616,0.15050792,22.16442873333333,24.74910873333334,48355.303572000004
2020-05-30 07:30:00,0.9238795325112867,-0.3826834323650897,0.1371546752,22.4847634,25.541505866666668,44064.107143
2020-05-30 07:45:00,0.8968727415326884,-0.44228869021900113,0.163594894,22.754195266666667,27.12227373333333,51602.964285
2020-05-30 08:00:00,0.8660254037844387,-0.4999999999999998,0.2194022685714285,22.792192642857145,28.886864857142857,67760.339288
2020-05-30 08:15:00,0.8314696123025451,-0.5555702330196023,0.319270414,23.30529986666667,32.51050999999999,95267.696429
2020-05-30 08:30:00,0.7933533402912352,-0.6087614290087207,0.257492758,23.722454733333333,34.3021282,78590.660716
2020-05-30 08:45:00,0.7518398074789774,-0.6593458151000688,0.2414865233333333,23.95977966666666,33.923728333333344,75884.982143
2020-05-30 09:00:00,0.7071067811865476,-0.7071067811865475,0.2588894479999999,24.185119466666663,33.2824116,82920.392856
2020-05-30 09:15:00,0.6593458151000686,-0.7518398074789776,0.37112184933333325,24.408231533333336,34.40989966666667,119132.839285
2020-05-30 09:30:00,0.6087614290087204,-0.7933533402912353,0.43085395866666665,24.94327793333333,37.55877506666666,137766.160716
2020-05-30 09:45:00,0.5555702330196022,-0.8314696123025453,0.31364225,24.95345873333333,35.66078086666666,102428.392857
2020-05-30 10:00:00,0.49999999999999994,-0.8660254037844387,0.304070602,24.923042800000005,32.240460133333336,102686.178572
2020-05-30 10:15:00,0.4422886902190013,-0.8968727415326883,0.2776844828571428,24.95966,30.926380785714283,95839.785715
2020-05-30 10:30:00,0.3826834323650899,-0.9238795325112867,0.3370152366666666,24.808402466666667,30.401300066666668,115928.25
2020-05-30 10:45:00,0.32143946530316175,-0.9469301294951056,0.348691926,24.859464533333327,32.48247873333333,117660.57143
2020-05-30 11:00:00,0.258819045102521,-0.9659258262890682,0.4262679866666666,25.077734466666666,35.4601398,143787.696429
2020-05-30 11:15:00,0.19509032201612816,-0.9807852804032304,0.715572958,25.542982933333327,41.660313,224149.749998
2020-05-30 11:30:00,0.13052619222005157,-0.9914448613738104,0.561617874,26.040903733333334,44.667008466666665,173305.142857
2020-05-30 11:45:00,0.06540312923014312,-0.9978589232386035,0.6239884299999999,26.3615418,46.695184266666665,193834.214286
2020-05-30 12:00:00,1.2246467991473532e-16,-1.0,1.151102274,27.0928548,57.691178466666656,298937.78571
2020-05-30 12:15:00,-0.06540312923014287,-0.9978589232386035,0.7998236226666667,27.6734152,62.91643313333332,218205.857148
2020-05-30 12:30:00,-0.13052619222005132,-0.9914448613738105,1.1225500642857145,28.24220935714285,60.84071814285714,283435.66072
2020-05-30 12:45:00,-0.19509032201612792,-0.9807852804032305,0.771698892,28.96689653333334,62.345989,221611.035718
2020-05-30 13:00:00,-0.25881904510252035,-0.9659258262890684,0.6454755853333334,28.826908466666666,53.6317382,193812.857142
2020-05-30 13:15:00,-0.3214394653031611,-0.9469301294951058,0.9492787793333332,28.9500306,56.032804199999994,255671.99999
2020-05-30 13:30:00,-0.3826834323650892,-0.923879532511287,0.8056238186666665,29.13891813333333,53.3879132,232814.678588
2020-05-30 13:45:00,-0.44228869021900147,-0.8968727415326883,0.8897051446666668,29.40827633333333,55.02622280000002,257948.46426
2020-05-30 14:00:00,-0.5000000000000001,-0.8660254037844386,0.886393536,29.928074066666667,54.66195460000001,253705.89287
2020-05-30 14:15:00,-0.5555702330196023,-0.8314696123025452,0.850795052,30.114007466666667,54.58146206666666,249435.23214
2020-05-30 14:30:00,-0.6087614290087207,-0.7933533402912352,0.7769126840000001,30.26233913333333,52.088154933333335,232198.607136
2020-05-30 14:45:00,-0.6593458151000688,-0.7518398074789774,0.7406104714285712,30.078890214285718,52.509447357142854,221890.339282
2020-05-30 15:00:00,-0.7071067811865475,-0.7071067811865477,0.6983646913333333,30.49638266666667,51.013693999999994,209850.999999
2020-05-30 15:15:00,-0.7518398074789773,-0.6593458151000691,0.6433630186666666,30.8197694,47.813793733333334,195171.500001
2020-05-30 15:30:00,-0.7933533402912349,-0.6087614290087209,0.5930513439999998,30.739146,47.6748986,180580.464286
2020-05-30 15:45:00,-0.8314696123025448,-0.555570233019603,0.5397100973333333,30.839324866666665,46.916251733333326,164980.57143
2020-05-30 16:00:00,-0.8660254037844385,-0.5000000000000004,0.4816808006666666,31.278884,44.566937,147957.589285
2020-05-30 16:15:00,-0.8968727415326883,-0.44228869021900136,0.42274704933333324,31.0069884,42.35145673333333,126189.392859
2020-05-30 16:30:00,-0.9238795325112868,-0.3826834323650895,0.3143966613333332,30.61301473333333,39.94118873333333,91882.357144
2020-05-30 16:45:00,-0.9469301294951056,-0.3214394653031618,0.3052764092857143,30.771809071428564,37.85851378571428,91691.178572
2020-05-30 17:00:00,-0.9659258262890683,-0.25881904510252063,0.2547879166666667,30.710561,36.66297186666667,74672.267859
2020-05-30 17:15:00,-0.9807852804032303,-0.19509032201612866,0.2018936086666666,30.203381266666668,34.472900466666665,57603.160715
2020-05-30 17:30:00,-0.9914448613738104,-0.13052619222005163,0.1410142690666667,30.037693333333333,32.64035633333333,39197.571429
2020-05-30 17:45:00,-0.9978589232386035,-0.06540312923014362,0.0770711165333333,29.534391266666663,30.599279866666677,22575.250001
2020-05-30 18:00:00,-1.0,-1.8369701987210297e-16,0.0478600682,28.9436726,28.7049784,14558.0714286
2020-05-30 18:15:00,-0.9978589232386036,0.06540312923014237,0.0194361867666666,28.536002666666665,27.2036742,6327.3571428
2020-05-30 18:30:00,-0.9914448613738104,0.13052619222005213,0.0034388459133333003,28.10139566666667,25.642771466666673,671.92857143
2020-05-30 18:45:00,-0.9807852804032304,0.1950903220161283,0.0,27.70457366666667,24.644746866666665,0.0
2020-05-30 19:00:00,-0.9659258262890682,0.25881904510252113,0.0,27.338289642857145,23.92244607142857,0.0
2020-05-30 19:15:00,-0.9469301294951057,0.3214394653031615,0.0,26.914204799999997,23.59680393333333,0.0
2020-05-30 19:30:00,-0.9238795325112866,0.38268343236509,0.0,26.376255266666668,24.049322533333335,0.0
2020-05-30 19:45:00,-0.8968727415326884,0.442288690219001,0.0,25.911568266666674,23.508795266666667,0.0
2020-05-30 20:00:00,-0.8660254037844386,0.5000000000000001,0.0,25.644439666666667,23.449232933333334,0.0
2020-05-30 20:15:00,-0.8314696123025455,0.5555702330196018,0.0,25.47801713333333,23.189469400000004,0.0
2020-05-30 20:30:00,-0.7933533402912352,0.6087614290087205,0.0,25.3493976,23.222784466666667,0.0
2020-05-30 20:45:00,-0.7518398074789777,0.6593458151000684,0.0,24.481256200000004,23.4801616,0.0
2020-05-30 21:00:00,-0.7071067811865477,0.7071067811865474,0.0,24.16049421428572,22.467919428571427,0.0
2020-05-30 21:15:00,-0.6593458151000687,0.7518398074789775,0.0,23.783605866666665,21.47575886666667,0.0
2020-05-30 21:30:00,-0.608761429008721,0.7933533402912349,0.0,23.541682933333338,21.23525586666667,0.0
2020-05-30 21:45:00,-0.5555702330196022,0.8314696123025452,0.0,23.33104853333333,21.1661254,0.0
2020-05-30 22:00:00,-0.5000000000000004,0.8660254037844384,0.0,23.26649373333333,21.261847066666665,0.0
2020-05-30 22:15:00,-0.4422886902190014,0.8968727415326883,0.0,23.247796666666662,21.252518866666662,0.0
2020-05-30 22:30:00,-0.38268343236508956,0.9238795325112868,0.0,23.227238,21.093687066666668,0.0
2020-05-30 22:45:00,-0.32143946530316186,0.9469301294951056,0.0,23.368218866666677,21.33069053333333,0.0
2020-05-30 23:00:00,-0.2588190451025207,0.9659258262890683,0.0,23.299794533333337,21.227034600000003,0.0
2020-05-30 23:15:00,-0.19509032201612872,0.9807852804032303,0.0,23.2678135,21.47387485714286,0.0
2020-05-30 23:30:00,-0.13052619222005168,0.9914448613738104,0.0,23.308522466666663,21.4654338,0.0
2020-05-30 23:45:00,-0.06540312923014367,0.9978589232386035,0.0,23.170756,21.07266833333333,0.0
2020-05-31 00:00:00,0.0,1.0,0.0,23.113399266666665,21.02477813333333,0.0
2020-05-31 00:15:00,0.06540312923014306,0.9978589232386035,0.0,23.27762646666667,21.416035866666668,0.0
2020-05-31 00:30:00,0.13052619222005157,0.9914448613738104,0.0,23.66421099999999,22.226295933333336,0.0
2020-05-31 00:45:00,0.19509032201612825,0.9807852804032304,0.0,23.67028613333333,22.42146,0.0
2020-05-31 01:00:00,0.25881904510252074,0.9659258262890683,0.0,23.73268626666667,22.616561,0.0
2020-05-31 01:15:00,0.3214394653031616,0.9469301294951057,0.0,23.739192666666668,22.341609866666666,0.0
2020-05-31 01:30:00,0.3826834323650898,0.9238795325112867,0.0,23.57107114285714,22.014380428571428,0.0
2020-05-31 01:45:00,0.4422886902190013,0.8968727415326883,0.0,23.53009226666666,21.836610933333333,0.0
2020-05-31 02:00:00,0.49999999999999994,0.8660254037844387,0.0,23.439050266666666,21.8317772,0.0
2020-05-31 02:15:00,0.5555702330196022,0.8314696123025452,0.0,23.383164466666667,21.6668702,0.0
2020-05-31 02:30:00,0.6087614290087207,0.7933533402912352,0.0,23.1820678,21.1325806,0.0
2020-05-31 02:45:00,0.6593458151000688,0.7518398074789774,0.0,23.021513,21.1587972,0.0
2020-05-31 03:00:00,0.7071067811865476,0.7071067811865476,0.0,22.88455606666667,20.9923156,0.0
2020-05-31 03:15:00,0.7518398074789773,0.659345815100069,0.0,22.887363666666666,21.125909466666663,0.0
2020-05-31 03:30:00,0.7933533402912352,0.6087614290087207,0.0,22.852510785714287,21.19331814285714,0.0
2020-05-31 03:45:00,0.8314696123025452,0.5555702330196023,0.0,22.62314046666667,20.7485924,0.0
2020-05-31 04:00:00,0.8660254037844386,0.5000000000000001,0.0,22.537526466666662,20.769449866666665,0.0
2020-05-31 04:15:00,0.8968727415326884,0.44228869021900125,0.0,22.425286866666667,20.812656666666665,0.0
2020-05-31 04:30:00,0.9238795325112867,0.38268343236508984,0.0,22.25009353333333,20.68480226666667,0.0
2020-05-31 04:45:00,0.9469301294951057,0.3214394653031615,0.0,22.24558513333333,20.75850213333333,0.0
2020-05-31 05:00:00,0.9659258262890683,0.25881904510252074,0.0,22.04795533333333,20.42230826666667,0.0
2020-05-31 05:15:00,0.9807852804032304,0.19509032201612833,0.0,22.0624776,20.415987200000004,0.0
2020-05-31 05:30:00,0.9914448613738104,0.1305261922200517,0.0,22.021704133333333,20.646187266666665,0.0
2020-05-31 05:45:00,0.9978589232386035,0.06540312923014305,0.0012950159907142,21.99744528571428,20.77739385714285,0.0
2020-05-31 06:00:00,1.0,6.123233995736766e-17,0.0092814357466666,21.98220433333333,20.879634666666668,2197.73214286
2020-05-31 06:15:00,0.9978589232386035,-0.06540312923014292,0.0316197704666666,22.0364666,21.229018066666665,10059.1607141
2020-05-31 06:30:00,0.9914448613738105,-0.13052619222005138,0.0565229884,22.34989833333333,22.100982666666667,17947.875
2020-05-31 06:45:00,0.9807852804032305,-0.19509032201612797,0.0716501757333333,22.65153,22.805830800000003,22841.839285
2020-05-31 07:00:00,0.9659258262890683,-0.25881904510252085,0.0824505469333333,22.765519200000004,23.1308492,26431.642858
2020-05-31 07:15:00,0.9469301294951057,-0.3214394653031616,0.0892736406,22.78110746666666,23.733522600000004,29141.767858
2020-05-31 07:30:00,0.9238795325112867,-0.3826834323650897,0.1332021513333333,22.9010762,24.93784793333333,43598.107143
2020-05-31 07:45:00,0.8968727415326884,-0.44228869021900113,0.15224982,23.244622733333337,26.083353666666667,49989.714286
2020-05-31 08:00:00,0.8660254037844387,-0.4999999999999998,0.1821268135714285,23.507492071428576,26.79229507142857,59689.928572
2020-05-31 08:15:00,0.8314696123025451,-0.5555702330196023,0.2427383993333333,23.899300266666668,29.06023366666667,78343.910713
2020-05-31 08:30:00,0.7933533402912352,-0.6087614290087207,0.3068565886666666,24.37055066666666,32.55040273333334,95956.946428
2020-05-31 08:45:00,0.7518398074789774,-0.6593458151000688,0.509690432,24.738476533333337,36.2081646,152148.946428
2020-05-31 09:00:00,0.7071067811865476,-0.7071067811865475,0.5058525086666666,25.1560954,42.945062333333325,154590.482144
2020-05-31 09:15:00,0.6593458151000686,-0.7518398074789776,0.354595126,25.63316453333333,41.67780593333334,116879.035715
2020-05-31 09:30:00,0.6087614290087204,-0.7933533402912353,0.6364364953333334,26.220489466666667,42.41054713333334,183611.571427
2020-05-31 09:45:00,0.5555702330196022,-0.8314696123025453,0.42816505800000004,26.57203993333333,42.26560886666665,140111.928571
2020-05-31 10:00:00,0.49999999999999994,-0.8660254037844387,0.472579002,26.776078199999997,41.781502133333326,140409.892856
2020-05-31 10:15:00,0.4422886902190013,-0.8968727415326883,0.7297147092857142,27.000671500000006,42.06565842857143,229862.089286
2020-05-31 10:30:00,0.3826834323650899,-0.9238795325112867,1.0191648606666668,27.968046,52.70227280000001,273246.25001
2020-05-31 10:45:00,0.32143946530316175,-0.9469301294951056,0.72428377,28.05637,52.408536733333335,205670.910715
2020-05-31 11:00:00,0.258819045102521,-0.9659258262890682,0.5205349913333333,28.0176412,47.20071226666665,184159.321429
2020-05-31 11:15:00,0.19509032201612816,-0.9807852804032304,0.6365820806666665,28.252118,47.370047933333325,229596.714278
2020-05-31 11:30:00,0.13052619222005157,-0.9914448613738104,0.7692376179999999,28.6178812,48.29328619999999,249415.000002
2020-05-31 11:45:00,0.06540312923014312,-0.9978589232386035,0.5181913166666666,29.273012199999997,51.366605533333335,176738.874999
2020-05-31 12:00:00,1.2246467991473532e-16,-1.0,0.6356642493333334,29.26160693333333,49.6573588,196553.428569
2020-05-31 12:15:00,-0.06540312923014287,-0.9978589232386035,0.6613621766666666,29.223415066666668,51.26099239999999,187612.125001
2020-05-31 12:30:00,-0.13052619222005132,-0.9914448613738105,0.4782781806666666,29.477185066666667,48.671240066666655,154411.464285
2020-05-31 12:45:00,-0.19509032201612792,-0.9807852804032305,1.034329982142857,30.28202614285715,56.95899535714286,285725.94643
2020-05-31 13:00:00,-0.25881904510252035,-0.9659258262890684,0.6815564133333333,30.402663066666666,58.3018188,194684.964286
2020-05-31 13:15:00,-0.3214394653031611,-0.9469301294951058,0.5263585046666664,30.6310384,54.56202766666667,139167.875
2020-05-31 13:30:00,-0.3826834323650892,-0.923879532511287,0.4111925310666667,30.10173753333333,48.065960866666664,120362.35714400001
2020-05-31 13:45:00,-0.44228869021900147,-0.8968727415326883,0.4418567756666667,29.92045486666667,41.76569859999999,123224.446427
2020-05-31 14:00:00,-0.5000000000000001,-0.8660254037844386,0.8758627453333333,30.8515666,55.29098946666667,235536.392865
2020-05-31 14:15:00,-0.5555702330196023,-0.8314696123025452,0.5884872353333334,31.1993794,54.79211026666666,175693.892857
2020-05-31 14:30:00,-0.6087614290087207,-0.7933533402912352,0.155080448,30.053727133333336,40.58806333333334,49582.732142
2020-05-31 14:45:00,-0.6593458151000688,-0.7518398074789774,0.1810435286666666,29.1820414,35.28159566666666,61008.642858
2020-05-31 15:00:00,-0.7071067811865475,-0.7071067811865477,0.1418597668571428,27.56227564285714,31.20222914285715,47858.553572
2020-05-31 15:15:00,-0.7518398074789773,-0.6593458151000691,0.1321317535333333,27.407261199999997,30.09203693333333,45011.607142
2020-05-31 15:30:00,-0.7933533402912349,-0.6087614290087209,0.21616070533333331,27.533612133333335,32.33926173333334,71950.839286
2020-05-31 15:45:00,-0.8314696123025448,-0.555570233019603,0.205583812,27.732061866666673,33.554784733333335,67205.196429
2020-05-31 16:00:00,-0.8660254037844385,-0.5000000000000004,0.1990470293333333,27.55705773333333,33.73647673333334,65927.94643
2020-05-31 16:15:00,-0.8968727415326883,-0.44228869021900136,0.1415173426666666,27.7056072,32.5780582,47166.392857
2020-05-31 16:30:00,-0.9238795325112868,-0.3826834323650895,0.1193123422666666,27.8887166,31.47747386666667,39890.642857
2020-05-31 16:45:00,-0.9469301294951056,-0.3214394653031618,0.1215033461999999,27.969102,31.016943466666667,39844.464287
2020-05-31 17:00:00,-0.9659258262890683,-0.25881904510252063,0.1329208607142857,28.140496428571428,31.05289985714285,43290.982142
2020-05-31 17:15:00,-0.9807852804032303,-0.19509032201612866,0.1223565883333333,28.146706,30.946114066666663,39330.732142
2020-05-31 17:30:00,-0.9914448613738104,-0.13052619222005163,0.0971044788,27.9943766,30.289263866666662,30843.964286
2020-05-31 17:45:00,-0.9978589232386035,-0.06540312923014362,0.0713218832666666,27.8205282,29.2812134,22993.25
2020-05-31 18:00:00,-1.0,-1.8369701987210297e-16,0.0467072187333333,27.548073266666663,28.1415934,14723.7321429
2020-05-31 18:15:00,-0.9978589232386036,0.06540312923014237,0.0192099305333333,27.190853066666662,26.823720333333338,5790.2321429
2020-05-31 18:30:00,-0.9914448613738104,0.13052619222005213,0.0033529643513333,26.81842646666667,25.48914786666666,520.05357144
2020-05-31 18:45:00,-0.9807852804032304,0.1950903220161283,0.0,26.508441199999996,25.07378133333333,0.0
2020-05-31 19:00:00,-0.9659258262890682,0.25881904510252113,0.0,26.167299333333336,24.481744333333328,0.0
2020-05-31 19:15:00,-0.9469301294951057,0.3214394653031615,0.0,25.760654733333325,23.739868133333328,0.0
2020-05-31 19:30:00,-0.9238795325112866,0.38268343236509,0.0,25.51205664285714,23.417770357142853,0.0
2020-05-31 19:45:00,-0.8968727415326884,0.442288690219001,0.0,25.288885533333332,22.996480466666664,0.0
2020-05-31 20:00:00,-0.8660254037844386,0.5000000000000001,0.0,25.099224799999995,22.6188314,0.0
2020-05-31 20:15:00,-0.8314696123025455,0.5555702330196018,0.0,24.926983600000003,22.3128926,0.0
2020-05-31 20:30:00,-0.7933533402912352,0.6087614290087205,0.0,24.734248933333333,22.05540973333333,0.0
2020-05-31 20:45:00,-0.7518398074789777,0.6593458151000684,0.0,24.591292266666663,22.104187,0.0
2020-05-31 21:00:00,-0.7071067811865477,0.7071067811865474,0.0,24.463079733333327,22.180499199999996,0.0
2020-05-31 21:15:00,-0.6593458151000687,0.7518398074789775,0.0,24.313775733333333,22.179577666666667,0.0
2020-05-31 21:30:00,-0.608761429008721,0.7933533402912349,0.0,24.133109533333325,22.0253376,0.0
2020-05-31 21:45:00,-0.5555702330196022,0.8314696123025452,0.0,24.018480500000006,21.83034421428572,0.0
2020-05-31 22:00:00,-0.5000000000000004,0.8660254037844384,0.0,23.910445066666668,21.8468058,0.0
2020-05-31 22:15:00,-0.4422886902190014,0.8968727415326883,0.0,23.797349066666666,21.6842774,0.0
2020-05-31 22:30:00,-0.38268343236508956,0.9238795325112868,0.0,23.67476806666667,21.37980553333333,0.0
2020-05-31 22:45:00,-0.32143946530316186,0.9469301294951056,0.0,23.670292000000003,21.691070533333335,0.0
2020-05-31 23:00:00,-0.2588190451025207,0.9659258262890683,0.0,23.795434466666663,22.067777533333327,0.0
2020-05-31 23:15:00,-0.19509032201612872,0.9807852804032303,0.0,23.727901133333333,21.662972000000003,0.0
2020-05-31 23:30:00,-0.13052619222005168,0.9914448613738104,0.0,23.497284,21.05140173333333,0.0
2020-05-31 23:45:00,-0.06540312923014367,0.9978589232386035,0.0,23.244697866666662,20.774560466666667,0.0
2020-06-01 00:00:00,0.0,1.0,0.0,23.128673000000003,20.46430528571429,0.0
2020-06-01 00:15:00,0.06540312923014306,0.9978589232386035,0.0,23.032562266666663,20.341428533333332,0.0
2020-06-01 00:30:00,0.13052619222005157,0.9914448613738104,0.0,22.96749253333333,20.269492666666668,0.0
2020-06-01 00:45:00,0.19509032201612825,0.9807852804032304,0.0,22.810593666666666,20.19891753333333,0.0
2020-06-01 01:00:00,0.25881904510252074,0.9659258262890683,0.0,22.611436000000005,20.08586626666667,0.0
2020-06-01 01:15:00,0.3214394653031616,0.9469301294951057,0.0,22.497412200000003,20.263627133333337,0.0
2020-06-01 01:30:00,0.3826834323650898,0.9238795325112867,0.0,22.34894813333333,20.2015706,0.0
2020-06-01 01:45:00,0.4422886902190013,0.8968727415326883,0.0,22.151637733333327,20.0454856,0.0
2020-06-01 02:00:00,0.49999999999999994,0.8660254037844387,0.0,21.993119266666667,19.941202666666666,0.0
2020-06-01 02:15:00,0.5555702330196022,0.8314696123025452,0.0,21.974261533333333,20.0685444,0.0
2020-06-01 02:30:00,0.6087614290087207,0.7933533402912352,0.0,21.967161,20.039766642857145,0.0
2020-06-01 02:45:00,0.6593458151000688,0.7518398074789774,0.0,21.9381226,20.0180746,0.0
2020-06-01 03:00:00,0.7071067811865476,0.7071067811865476,0.0,21.76579393333333,19.6118978,0.0
2020-06-01 03:15:00,0.7518398074789773,0.659345815100069,0.0,21.644565866666667,19.6476928,0.0
2020-06-01 03:30:00,0.7933533402912352,0.6087614290087207,0.0,21.570589266666666,19.549098533333336,0.0
2020-06-01 03:45:00,0.8314696123025452,0.5555702330196023,0.0,21.468520066666667,19.54833973333333,0.0
2020-06-01 04:00:00,0.8660254037844386,0.5000000000000001,0.0,21.497992,19.928173933333333,0.0
2020-06-01 04:15:00,0.8968727415326884,0.44228869021900125,0.0,21.513077666666668,19.81860353333333,0.0
2020-06-01 04:30:00,0.9238795325112867,0.38268343236508984,0.0,21.489196866666664,19.8354494,0.0
2020-06-01 04:45:00,0.9469301294951057,0.3214394653031615,0.0,21.301675,19.444033214285717,0.0
2020-06-01 05:00:00,0.9659258262890683,0.25881904510252074,0.0,21.234995533333333,19.2844768,0.0
2020-06-01 05:15:00,0.9807852804032304,0.19509032201612833,0.0,21.34605493333333,19.5410582,0.0
2020-06-01 05:30:00,0.9914448613738104,0.1305261922200517,0.0,21.313677933333334,19.632078133333334,0.0
2020-06-01 05:45:00,0.9978589232386035,0.06540312923014305,0.0001461652226,21.171103933333328,19.48152053333333,0.0
2020-06-01 06:00:00,1.0,6.123233995736766e-17,0.0083067844,21.2783936,19.96554366666667,1710.14285715
2020-06-01 06:15:00,0.9978589232386035,-0.06540312923014292,0.0331196089333333,21.563067533333328,20.756795266666668,9903.9107142
2020-06-01 06:30:00,0.9914448613738105,-0.13052619222005138,0.0685966837333333,21.887721666666664,21.544547666666663,21118.4107143
2020-06-01 06:45:00,0.9807852804032305,-0.19509032201612797,0.1091689054285714,22.247434428571427,22.354954428571432,34080.821429
2020-06-01 07:00:00,0.9659258262890683,-0.25881904510252085,0.1611515566666666,22.773608333333332,23.338553800000003,46438.571428
2020-06-01 07:15:00,0.9469301294951057,-0.3214394653031616,0.24205706666666657,23.262593733333336,24.91429426666667,68382.642858
2020-06-01 07:30:00,0.9238795325112867,-0.3826834323650897,0.3281197973333333,23.855379333333328,28.475939999999994,92247.946429
2020-06-01 07:45:00,0.8968727415326884,-0.44228869021900113,0.38313107066666663,24.361610933333335,32.225032666666664,108556.732141
2020-06-01 08:00:00,0.8660254037844387,-0.4999999999999998,0.4699400059999999,24.85491126666666,35.20188793333334,135282.553571
2020-06-01 08:15:00,0.8314696123025451,-0.5555702330196023,0.4473209473333333,25.21634506666667,37.05501713333334,126527.232144
2020-06-01 08:30:00,0.7933533402912352,-0.6087614290087207,0.4222147773333333,25.806608266666668,40.64385373333334,126915.767857
2020-06-01 08:45:00,0.7518398074789774,-0.6593458151000688,0.507318458,26.15609926666667,40.93814893333334,148096.660714
2020-06-01 09:00:00,0.7071067811865476,-0.7071067811865475,0.5360867057142857,26.705200071428568,45.106050571428575,153987.767857
2020-06-01 09:15:00,0.6593458151000686,-0.7518398074789776,0.4202787366666667,26.586558133333327,42.300410866666674,129989.285713
2020-06-01 09:30:00,0.6087614290087204,-0.7933533402912353,0.4341309313333333,26.98462526666667,43.369055266666656,136186.142857
2020-06-01 09:45:00,0.5555702330196022,-0.8314696123025453,0.5377770619999998,27.534234666666666,43.0649942,161939.017858
2020-06-01 10:00:00,0.49999999999999994,-0.8660254037844387,0.5835384213333334,27.853426133333333,49.001849333333325,170592.321429
2020-06-01 10:15:00,0.4422886902190013,-0.8968727415326883,0.7230391853333333,28.367919866666668,49.108597866666656,192867.482144
2020-06-01 10:30:00,0.3826834323650899,-0.9238795325112867,0.92426021,29.107059533333327,54.622047866666655,259171.33927
2020-06-01 10:45:00,0.32143946530316175,-0.9469301294951056,0.931341062,29.4410646,56.354778933333336,254958.57144
2020-06-01 11:00:00,0.258819045102521,-0.9659258262890682,1.016641412,29.584920266666668,58.597363133333324,234969.160727
2020-06-01 11:15:00,0.19509032201612816,-0.9807852804032304,0.4945148071428571,29.764735642857143,55.351970142857134,222976.51787
2020-06-01 11:30:00,0.13052619222005157,-0.9914448613738104,1.0894755359999997,29.817582266666662,54.120782333333324,270574.482129
2020-06-01 11:45:00,0.06540312923014312,-0.9978589232386035,0.3712747633333333,29.74218546666667,52.615881266666655,124241.267858
2020-06-01 12:00:00,1.2246467991473532e-16,-1.0,0.3569624046666666,28.94091593333333,42.71684573333333,115789.875
2020-06-01 12:15:00,-0.06540312923014287,-0.9978589232386035,0.6197431146666665,29.655045599999998,49.08285720000001,151830.42857
2020-06-01 12:30:00,-0.13052619222005132,-0.9914448613738105,0.580272074,29.979579800000007,49.852821999999996,164690.785714
2020-06-01 12:45:00,-0.19509032201612792,-0.9807852804032305,0.2833920893333333,29.42465813333333,43.14005753333333,88224.732144
2020-06-01 13:00:00,-0.25881904510252035,-0.9659258262890684,0.45793828333333325,28.99520866666666,39.9702698,150720.732144
2020-06-01 13:15:00,-0.3214394653031611,-0.9469301294951058,0.7342295764285715,29.632245714285716,50.96551314285714,206622.732145
2020-06-01 13:30:00,-0.3826834323650892,-0.923879532511287,0.6673560326666667,27.797043799999997,36.62138300000001,214543.107135
2020-06-01 13:45:00,-0.44228869021900147,-0.8968727415326883,0.4803274830769231,28.47627846153846,42.37028861538461,142658.03333099998
2020-06-01 14:00:00,-0.5000000000000001,-0.8660254037844386,0.1937693263333333,28.7127584,40.05736913333333,62677.000003
2020-06-01 14:15:00,-0.5555702330196023,-0.8314696123025452,0.21599301099999987,26.093007466666663,26.907125000000004,73282.375
2020-06-01 14:30:00,-0.6087614290087207,-0.7933533402912352,0.3338253060000001,26.54801433333333,32.771891,110198.142856
2020-06-01 14:45:00,-0.6593458151000688,-0.7518398074789774,0.197582556,26.772544533333328,32.65239666666667,65760.25
2020-06-01 15:00:00,-0.7071067811865475,-0.7071067811865477,0.18362501266666656,26.880639799999997,31.682238933333327,63728.428571
2020-06-01 15:15:00,-0.7518398074789773,-0.6593458151000691,0.1274455812,26.798168933333333,30.744077466666667,43867.875
2020-06-01 15:30:00,-0.7933533402912349,-0.6087614290087209,0.11284379319999999,26.589176466666665,29.478163600000002,38720.85714
2020-06-01 15:45:00,-0.8314696123025448,-0.555570233019603,0.0940941717857142,26.530199499999995,28.573238,31867.0
2020-06-01 16:00:00,-0.8660254037844385,-0.5000000000000004,0.1077558996666666,26.572758,28.46225386666667,37023.428574
2020-06-01 16:15:00,-0.8968727415326883,-0.44228869021900136,0.1279617990666666,26.679449466666657,29.282659866666663,42914.25
2020-06-01 16:30:00,-0.9238795325112868,-0.3826834323650895,0.11446544606666659,26.8031698,29.581585599999997,38237.285716
2020-06-01 16:45:00,-0.9469301294951056,-0.3214394653031618,0.1060586724666666,26.71589153333333,29.159596866666664,35492.160713
2020-06-01 17:00:00,-0.9659258262890683,-0.25881904510252063,0.0866831524666666,26.14214893333333,28.067810066666667,28973.910714999998
2020-06-01 17:15:00,-0.9807852804032303,-0.19509032201612866,0.0639746532,25.8629782,26.99750153333333,21542.7678568
2020-06-01 17:30:00,-0.9914448613738104,-0.13052619222005163,0.0458670224666666,25.6956218,26.355127000000003,15202.8749999
2020-06-01 17:45:00,-0.9978589232386035,-0.06540312923014362,0.0509346373333333,25.624135333333324,25.999684533333333,15365.0892857
2020-06-01 18:00:00,-1.0,-1.8369701987210297e-16,0.0397878830714285,25.591053357142854,25.627179785714283,12071.6607143
2020-06-01 18:15:00,-0.9978589232386036,0.06540312923014237,0.0204065283666666,25.387085133333333,24.887756333333332,5914.9999999
2020-06-01 18:30:00,-0.9914448613738104,0.13052619222005213,0.0029981865437999997,25.1545614,23.882541866666667,498.5
2020-06-01 18:45:00,-0.9807852804032304,0.1950903220161283,0.0,24.999057866666668,23.405692466666665,0.0
2020-06-01 19:00:00,-0.9659258262890682,0.25881904510252113,0.0,24.846169133333333,23.101715066666667,0.0
2020-06-01 19:15:00,-0.9469301294951057,0.3214394653031615,0.0,24.608805333333336,22.68060506666667,0.0
2020-06-01 19:30:00,-0.9238795325112866,0.38268343236509,0.0,24.410335333333332,22.3832622,0.0
2020-06-01 19:45:00,-0.8968727415326884,0.442288690219001,0.0,24.1902162,22.21749673333333,0.0
2020-06-01 20:00:00,-0.8660254037844386,0.5000000000000001,0.0,23.947261533333336,21.9522502,0.0
2020-06-01 20:15:00,-0.8314696123025455,0.5555702330196018,0.0,23.93894078571429,21.795329428571428,0.0
2020-06-01 20:30:00,-0.7933533402912352,0.6087614290087205,0.0,23.8475444,21.392598400000004,0.0
2020-06-01 20:45:00,-0.7518398074789777,0.6593458151000684,0.0,23.6931112,21.093284000000004,0.0
2020-06-01 21:00:00,-0.7071067811865477,0.7071067811865474,0.0,23.645367466666663,21.15811773333333,0.0
2020-06-01 21:15:00,-0.6593458151000687,0.7518398074789775,0.0,23.468129466666667,20.998059,0.0
2020-06-01 21:30:00,-0.608761429008721,0.7933533402912349,0.0,23.392171266666665,21.06486206666667,0.0
2020-06-01 21:45:00,-0.5555702330196022,0.8314696123025452,0.0,23.3535358,20.933164466666664,0.0
2020-06-01 22:00:00,-0.5000000000000004,0.8660254037844384,0.0,23.199686666666665,20.57610073333333,0.0
2020-06-01 22:15:00,-0.4422886902190014,0.8968727415326883,0.0,23.0557068,20.388511133333328,0.0
2020-06-01 22:30:00,-0.38268343236508956,0.9238795325112868,0.0,22.929178933333333,20.3185078,0.0
2020-06-01 22:45:00,-0.32143946530316186,0.9469301294951056,0.0,22.69777992857143,20.19735485714285,0.0
2020-06-01 23:00:00,-0.2588190451025207,0.9659258262890683,0.0,22.48435466666667,20.19821986666667,0.0
2020-06-01 23:15:00,-0.19509032201612872,0.9807852804032303,0.0,22.33361413333333,20.1576844,0.0
2020-06-01 23:30:00,-0.13052619222005168,0.9914448613738104,0.0,22.1236104,20.050547466666668,0.0
2020-06-01 23:45:00,-0.06540312923014367,0.9978589232386035,0.0,22.122522,20.021327733333333,0.0
2020-06-02 00:00:00,0.0,1.0,0.0,22.54657193333333,20.3145366,0.0
2020-06-02 00:15:00,0.06540312923014306,0.9978589232386035,0.0,22.673152733333332,20.379530866666663,0.0
2020-06-02 00:30:00,0.13052619222005157,0.9914448613738104,0.0,22.564072666666664,20.113968933333336,0.0
2020-06-02 00:45:00,0.19509032201612825,0.9807852804032304,0.0,22.329016133333333,20.000305133333327,0.0
2020-06-02 01:00:00,0.25881904510252074,0.9659258262890683,0.0,22.119201642857146,20.14195692857143,0.0
2020-06-02 01:15:00,0.3214394653031616,0.9469301294951057,0.0,21.952612266666662,20.08414726666667,0.0
2020-06-02 01:30:00,0.3826834323650898,0.9238795325112867,0.0,21.824880066666665,19.989398066666663,0.0
2020-06-02 01:45:00,0.4422886902190013,0.8968727415326883,0.0,21.7592834,19.943420266666667,0.0
2020-06-02 02:00:00,0.49999999999999994,0.8660254037844387,0.0,21.683178800000004,19.743534333333333,0.0
2020-06-02 02:15:00,0.5555702330196022,0.8314696123025452,0.0,21.65743613333333,19.616025800000003,0.0
2020-06-02 02:30:00,0.6087614290087207,0.7933533402912352,0.0,21.54586786666667,19.50660173333333,0.0
2020-06-02 02:45:00,0.6593458151000688,0.7518398074789774,0.0,21.469700066666668,19.74697253333333,0.0
2020-06-02 03:00:00,0.7071067811865476,0.7071067811865476,0.0,21.4014854,19.5980612,0.0
2020-06-02 03:15:00,0.7518398074789773,0.659345815100069,0.0,21.200297,19.403820666666665,0.0
2020-06-02 03:30:00,0.7933533402912352,0.6087614290087207,0.0,21.25917921428572,19.736718428571425,0.0
2020-06-02 03:45:00,0.8314696123025452,0.5555702330196023,0.0,21.363769533333336,19.8283386,0.0
2020-06-02 04:00:00,0.8660254037844386,0.5000000000000001,0.0,21.408616066666664,19.79703366666667,0.0
2020-06-02 04:15:00,0.8968727415326884,0.44228869021900125,0.0,21.423315266666663,19.733837800000003,0.0
2020-06-02 04:30:00,0.9238795325112867,0.38268343236508984,0.0,21.5165366,20.011324,0.0
2020-06-02 04:45:00,0.9469301294951057,0.3214394653031615,0.0,21.640098066666663,20.305562266666666,0.0
2020-06-02 05:00:00,0.9659258262890683,0.25881904510252074,0.0,21.7093078,20.37031453333333,0.0
2020-06-02 05:15:00,0.9807852804032304,0.19509032201612833,0.0,21.725348,20.16880693333333,0.0
2020-06-02 05:30:00,0.9914448613738104,0.1305261922200517,0.0,21.639232142857143,20.188685785714288,0.0
2020-06-02 05:45:00,0.9978589232386035,0.06540312923014305,7.79209073e-05,21.658839866666664,19.984273200000004,0.0
2020-06-02 06:00:00,1.0,6.123233995736766e-17,0.0079012560333333,21.586885533333334,20.010978066666667,1699.64285714
2020-06-02 06:15:00,0.9978589232386035,-0.06540312923014292,0.0291271211333333,21.792812133333328,21.38340246666667,8831.8571429
2020-06-02 06:30:00,0.9914448613738105,-0.13052619222005138,0.0350118484,22.081197066666665,22.1293234,10652.9821429
2020-06-02 06:45:00,0.9807852804032305,-0.19509032201612797,0.0563297377333333,22.335227666666665,22.75865906666667,17781.8392857
2020-06-02 07:00:00,0.9659258262890683,-0.25881904510252085,0.117114942,22.607889933333336,23.6078104,37047.446428
2020-06-02 07:15:00,0.9469301294951057,-0.3214394653031616,0.1162776123333333,23.023956333333334,24.594645266666667,38318.982144
2020-06-02 07:30:00,0.9238795325112867,-0.3826834323650897,0.141257299,23.249164,25.248394733333328,46107.232142
2020-06-02 07:45:00,0.8968727415326884,-0.44228869021900113,0.1599368057142857,23.54752671428572,27.405646214285717,51862.910714
2020-06-02 08:00:00,0.8660254037844387,-0.4999999999999998,0.278052918,24.02725413333333,30.348887333333334,92347.285716
2020-06-02 08:15:00,0.8314696123025451,-0.5555702330196023,0.6295824313333332,24.93785393333333,40.45452453333333,181513.464286
2020-06-02 08:30:00,0.7933533402912352,-0.6087614290087207,0.6403686593333334,25.451452599999996,47.50126353333334,180844.160714
2020-06-02 08:45:00,0.7518398074789774,-0.6593458151000688,0.546798932,26.107157266666665,45.982417866666665,162367.642857
2020-06-02 09:00:00,0.7071067811865476,-0.7071067811865475,0.48455418333333333,26.1504356,43.0666302,145043.089285
2020-06-02 09:15:00,0.6593458151000686,-0.7518398074789776,0.6400822713333334,26.43365886666667,45.66096399999999,196786.964292
2020-06-02 09:30:00,0.6087614290087204,-0.7933533402912353,0.717151316,26.79342026666666,47.42133780000001,209640.05358100001
2020-06-02 09:45:00,0.5555702330196022,-0.8314696123025453,0.7472785953333333,27.397644133333333,51.139530400000005,217646.071425
2020-06-02 10:00:00,0.49999999999999994,-0.8660254037844387,0.7029814421428571,27.539448499999995,50.47200221428572,207903.178571
2020-06-02 10:15:00,0.4422886902190013,-0.8968727415326883,0.5029802726666666,27.56285606666667,46.39747086666667,155127.446429
2020-06-02 10:30:00,0.3826834323650899,-0.9238795325112867,0.4806645453333333,27.00929553333333,40.641495866666666,153095.017857
2020-06-02 10:45:00,0.32143946530316175,-0.9469301294951056,0.6438703946666667,27.363865266666664,43.500976533333336,203475.160714
2020-06-02 11:00:00,0.258819045102521,-0.9659258262890682,0.67195934,27.67730706666667,46.2067344,203963.57143
2020-06-02 11:15:00,0.19509032201612816,-0.9807852804032304,0.48330247200000004,27.63629753333333,44.50241260000001,152586.374999
2020-06-02 11:30:00,0.13052619222005157,-0.9914448613738104,0.4341641846666666,27.51463213333333,40.48357553333333,140316.339285
2020-06-02 11:45:00,0.06540312923014312,-0.9978589232386035,0.41609158799999996,27.426420066666665,39.88621046666666,135540.982144
2020-06-02 12:00:00,1.2246467991473532e-16,-1.0,0.5638615457142857,27.466583285714293,40.11592957142858,181179.446429
2020-06-02 12:15:00,-0.06540312923014287,-0.9978589232386035,0.6928162013333334,28.011470400000004,45.227401,211227.285714
2020-06-02 12:30:00,-0.13052619222005132,-0.9914448613738105,0.6629108933333333,27.616939333333335,44.15874253333334,197603.803572
2020-06-02 12:45:00,-0.19509032201612792,-0.9807852804032305,0.7908823293333334,27.77792753333334,47.3377034,240134.37501
2020-06-02 13:00:00,-0.25881904510252035,-0.9659258262890684,0.8852643266666665,27.964561,48.2827824,272950.94643
2020-06-02 13:15:00,-0.3214394653031611,-0.9469301294951058,0.8743407746666668,27.962351466666668,49.06862826666667,264521.07143
2020-06-02 13:30:00,-0.3826834323650892,-0.923879532511287,0.7079364073333333,27.636714733333328,45.63386426666667,223013.05358
2020-06-02 13:45:00,-0.44228869021900147,-0.8968727415326883,0.9342755213333332,27.7742168,49.33662146666668,279887.28569
2020-06-02 14:00:00,-0.5000000000000001,-0.8660254037844386,0.4637642506666667,27.262479733333336,43.4918152,147842.250002
2020-06-02 14:15:00,-0.5555702330196023,-0.8314696123025452,0.5004139214285713,26.947897642857143,39.81178307142858,160173.339288
2020-06-02 14:30:00,-0.6087614290087207,-0.7933533402912352,0.642086792,26.91320206666666,39.42475606666666,196330.928571
2020-06-02 14:45:00,-0.6593458151000688,-0.7518398074789774,0.6382544986666667,27.6148946,45.10698460000001,196410.80357
2020-06-02 15:00:00,-0.7071067811865475,-0.7071067811865477,0.4526467746666667,27.04379893333333,40.5363764,146198.964285
2020-06-02 15:15:00,-0.7518398074789773,-0.6593458151000691,0.3633331566666667,26.544913600000005,36.56665873333333,118655.035715
2020-06-02 15:30:00,-0.7933533402912349,-0.6087614290087209,0.4026979686666666,26.279598133333334,36.349589,131311.553572
2020-06-02 15:45:00,-0.8314696123025448,-0.555570233019603,0.4304919446666666,26.51959033333333,37.54320873333334,143383.107142
2020-06-02 16:00:00,-0.8660254037844385,-0.5000000000000004,0.4788621826666665,26.6184204,38.264609666666665,151051.339287
2020-06-02 16:15:00,-0.8968727415326883,-0.44228869021900136,0.331931245,26.8432725,37.85230385714286,109280.875
2020-06-02 16:30:00,-0.9238795325112868,-0.3826834323650895,0.3038333933333333,26.130885666666668,34.19353846666667,100150.624999
2020-06-02 16:45:00,-0.9469301294951056,-0.3214394653031618,0.21379486000000003,25.798097799999997,31.919557666666662,68394.089285
2020-06-02 17:00:00,-0.9659258262890683,-0.25881904510252063,0.18908679866666664,25.5590068,29.73031406666666,61327.017856
2020-06-02 17:15:00,-0.9807852804032303,-0.19509032201612866,0.10911037626666659,25.315805933333333,28.123463933333326,33945.928571
2020-06-02 17:30:00,-0.9914448613738104,-0.13052619222005163,0.0669730784,25.183624333333327,26.1870504,20496.0714287
2020-06-02 17:45:00,-0.9978589232386035,-0.06540312923014362,0.0453966223333333,25.066615933333324,25.408475800000005,13233.1607142
2020-06-02 18:00:00,-1.0,-1.8369701987210297e-16,0.0277481900666666,24.707338533333328,24.47945966666667,7549.327381
2020-06-02 18:15:00,-0.9978589232386036,0.06540312923014237,0.021369781666666605,24.5652384,23.850461733333333,4171.8571428
2020-06-02 18:30:00,-0.9914448613738104,0.13052619222005213,0.0064823013785714,24.523747071428573,23.540012857142862,887.64285714
2020-06-02 18:45:00,-0.9807852804032304,0.1950903220161283,0.0001651499813333,24.480450466666667,23.12403173333333,0.0
2020-06-02 19:00:00,-0.9659258262890682,0.25881904510252113,0.0,24.41660966666667,22.7959472,0.0
2020-06-02 19:15:00,-0.9469301294951057,0.3214394653031615,0.0,24.300563533333328,22.399615600000004,0.0
2020-06-02 19:30:00,-0.9238795325112866,0.38268343236509,0.0,24.104618333333335,21.834912200000005,0.0
2020-06-02 19:45:00,-0.8968727415326884,0.442288690219001,0.0,24.030802466666668,21.673779266666664,0.0
2020-06-02 20:00:00,-0.8660254037844386,0.5000000000000001,0.0,23.87003586666667,21.517218066666665,0.0
2020-06-02 20:15:00,-0.8314696123025455,0.5555702330196018,0.0,23.69544473333333,21.070044,0.0
2020-06-02 20:30:00,-0.7933533402912352,0.6087614290087205,0.0,23.532930466666656,20.721944066666666,0.0
2020-06-02 20:45:00,-0.7518398074789777,0.6593458151000684,0.0,23.400419,20.67472835714285,0.0
2020-06-02 21:00:00,-0.7071067811865477,0.7071067811865474,0.0,23.181156533333333,20.4064982,0.0
2020-06-02 21:15:00,-0.6593458151000687,0.7518398074789775,0.0,23.0872802,20.397253666666668,0.0
2020-06-02 21:30:00,-0.608761429008721,0.7933533402912349,0.0,23.0178122,20.391391933333328,0.0
2020-06-02 21:45:00,-0.5555702330196022,0.8314696123025452,0.0,23.030607066666665,20.322650133333333,0.0
2020-06-02 22:00:00,-0.5000000000000004,0.8660254037844384,0.0,23.1034912,20.658549266666665,0.0
2020-06-02 22:15:00,-0.4422886902190014,0.8968727415326883,0.0,23.0956054,20.8178508,0.0
2020-06-02 22:30:00,-0.38268343236508956,0.9238795325112868,0.0,23.077539066666667,21.05610346666667,0.0
2020-06-02 22:45:00,-0.32143946530316186,0.9469301294951056,0.0,23.097322666666663,21.322857666666668,0.0
2020-06-02 23:00:00,-0.2588190451025207,0.9659258262890683,0.0,23.029817857142856,21.02276614285714,0.0
2020-06-02 23:15:00,-0.19509032201612872,0.9807852804032303,0.0,23.154599933333333,21.314619866666668,0.0
2020-06-02 23:30:00,-0.13052619222005168,0.9914448613738104,0.0,23.1262676,21.27200126666667,0.0
2020-06-02 23:45:00,-0.06540312923014367,0.9978589232386035,0.0,23.185095266666664,21.173158933333333,0.0
2020-06-03 00:00:00,0.0,1.0,0.0,23.1571288,20.89146513333333,0.0
2020-06-03 00:15:00,0.06540312923014306,0.9978589232386035,0.0,22.974324466666666,20.576291866666665,0.0
2020-06-03 00:30:00,0.13052619222005157,0.9914448613738104,0.0,22.67297173333333,20.458264266666664,0.0
2020-06-03 00:45:00,0.19509032201612825,0.9807852804032304,0.0,22.598681599999995,20.54110713333333,0.0
2020-06-03 01:00:00,0.25881904510252074,0.9659258262890683,0.0,22.704483933333336,21.236881666666665,0.0
2020-06-03 01:15:00,0.3214394653031616,0.9469301294951057,0.0,22.80064392857143,21.723000642857144,0.0
2020-06-03 01:30:00,0.3826834323650898,0.9238795325112867,0.0,22.88334766666667,21.585738133333333,0.0
2020-06-03 01:45:00,0.4422886902190013,0.8968727415326883,0.0,22.937446866666665,21.3681458,0.0
2020-06-03 02:00:00,0.49999999999999994,0.8660254037844387,0.0,22.842895466666665,21.206132000000004,0.0
2020-06-03 02:15:00,0.5555702330196022,0.8314696123025452,0.0,22.660235666666665,20.99209193333333,0.0
2020-06-03 02:30:00,0.6087614290087207,0.7933533402912352,0.0,22.50123506666667,21.111612933333337,0.0
2020-06-03 02:45:00,0.6593458151000688,0.7518398074789774,0.0,22.459503133333328,21.399143466666665,0.0
2020-06-03 03:00:00,0.7071067811865476,0.7071067811865476,0.0,22.44995926666667,21.3038554,0.0
2020-06-03 03:15:00,0.7518398074789773,0.659345815100069,0.0,22.509222928571425,20.78928271428571,0.0
2020-06-03 03:30:00,0.7933533402912352,0.6087614290087207,0.0,22.4485492,20.51603193333333,0.0
2020-06-03 03:45:00,0.8314696123025452,0.5555702330196023,0.0,22.349910333333334,20.45167633333333,0.0
2020-06-03 04:00:00,0.8660254037844386,0.5000000000000001,0.0,22.364552866666667,20.554268266666668,0.0
2020-06-03 04:15:00,0.8968727415326884,0.44228869021900125,0.0,22.34726146666667,20.68842773333333,0.0
2020-06-03 04:30:00,0.9238795325112867,0.38268343236508984,0.0,22.3204386,20.8757264,0.0
2020-06-03 04:45:00,0.9469301294951057,0.3214394653031615,0.0,22.3295206,21.20482786666667,0.0
2020-06-03 05:00:00,0.9659258262890683,0.25881904510252074,0.0,22.29955246666667,21.041841466666664,0.0
2020-06-03 05:15:00,0.9807852804032304,0.19509032201612833,0.0,22.230548066666667,21.1730612,0.0
2020-06-03 05:30:00,0.9914448613738104,0.1305261922200517,0.0,22.029776500000004,21.009530285714284,0.0
2020-06-03 05:45:00,0.9978589232386035,0.06540312923014305,0.000166865986,21.9093404,20.571130533333328,0.0
2020-06-03 06:00:00,1.0,6.123233995736766e-17,0.0066135848333333,21.8664428,20.341811066666665,1264.83928572
2020-06-03 06:15:00,0.9978589232386035,-0.06540312923014292,0.0238564609333333,21.8627444,20.6966776,7380.5535715
2020-06-03 06:30:00,0.9914448613738105,-0.13052619222005138,0.0422210322666666,21.970450733333333,21.57549253333333,13328.3928572
2020-06-03 06:45:00,0.9807852804032305,-0.19509032201612797,0.0625831249333333,22.115535533333336,22.72741286666667,19988.9999998
2020-06-03 07:00:00,0.9659258262890683,-0.25881904510252085,0.099085612,22.39704986666667,24.1448362,31571.660714
2020-06-03 07:15:00,0.9469301294951057,-0.3214394653031616,0.1566565473333333,22.7777608,26.293044066666663,48720.696428
2020-06-03 07:30:00,0.9238795325112867,-0.3826834323650897,0.19671857400000003,23.2902242,28.91189793333333,61366.107141
2020-06-03 07:45:00,0.8968727415326884,-0.44228869021900113,0.2355113593333333,23.853275466666663,30.580067999999997,72749.571428
2020-06-03 08:00:00,0.8660254037844387,-0.4999999999999998,0.3050666364285714,24.27014585714286,31.983365928571427,94628.410714
2020-06-03 08:15:00,0.8314696123025451,-0.5555702330196023,0.3131774186666666,24.698665266666662,34.0502216,98757.017856
2020-06-03 08:30:00,0.7933533402912352,-0.6087614290087207,0.3114204379999999,25.202730200000005,34.808233666666666,99424.750001
2020-06-03 08:45:00,0.7518398074789774,-0.6593458151000688,0.3506713633333333,25.524094533333333,34.50640073333333,112502.25000100001
2020-06-03 09:00:00,0.7071067811865476,-0.7071067811865475,0.4392469226666666,25.790447933333336,36.467413466666656,138657.10714100001
2020-06-03 09:15:00,0.6593458151000686,-0.7518398074789776,0.4313674273333332,25.9910524,37.30622160000001,137880.303571
2020-06-03 09:30:00,0.6087614290087204,-0.7933533402912353,0.39191196666666656,26.019221933333327,36.83065146666666,126995.982144
2020-06-03 09:45:00,0.5555702330196022,-0.8314696123025453,0.4066447513333333,25.796404999999996,36.3065082,130291.49999899999
2020-06-03 10:00:00,0.49999999999999994,-0.8660254037844387,0.40158306799999993,25.976375266666665,36.446625000000004,129318.553572
2020-06-03 10:15:00,0.4422886902190013,-0.8968727415326883,0.4154079433333333,26.170804866666664,36.67445066666666,133436.250001
2020-06-03 10:30:00,0.3826834323650899,-0.9238795325112867,0.615580315,26.661237500000002,39.588428785714285,193996.732143
2020-06-03 10:45:00,0.32143946530316175,-0.9469301294951056,0.77591557,27.45266120000001,45.572745666666655,237416.714286
2020-06-03 11:00:00,0.258819045102521,-0.9659258262890682,0.7143712646666666,27.96947633333333,47.941911000000005,214267.321437
2020-06-03 11:15:00,0.19509032201612816,-0.9807852804032304,0.6610665566666664,27.98884273333333,46.194077866666674,205570.232142
2020-06-03 11:30:00,0.13052619222005157,-0.9914448613738104,0.8066293299999999,27.94122106666667,45.770940866666656,236707.48214
2020-06-03 11:45:00,0.06540312923014312,-0.9978589232386035,1.0191046553333334,28.590588400000005,54.7813884,286506.39286
2020-06-03 12:00:00,1.2246467991473532e-16,-1.0,0.663942404,28.481665066666665,50.63946126666667,205396.607142
2020-06-03 12:15:00,-0.06540312923014287,-0.9978589232386035,0.7152714659999999,28.058274466666663,47.815446,222223.196433
2020-06-03 12:30:00,-0.13052619222005132,-0.9914448613738105,0.8113028464285713,28.570162142857143,49.94027492857143,247843.55358
2020-06-03 12:45:00,-0.19509032201612792,-0.9807852804032305,0.8961615320000003,28.792797866666664,51.43322746666667,275618.51785
2020-06-03 13:00:00,-0.25881904510252035,-0.9659258262890684,0.7998929533333332,29.06769213333333,51.64617686666667,241384.85712
2020-06-03 13:15:00,-0.3214394653031611,-0.9469301294951058,0.711361128,28.88484266666666,48.98813886666667,217896.303578
2020-06-03 13:30:00,-0.3826834323650892,-0.923879532511287,0.7504526286666667,28.5592814,48.776688333333325,226154.51786
2020-06-03 13:45:00,-0.44228869021900147,-0.8968727415326883,0.6152726233333333,27.862187833333333,46.631439500000006,183598.0
2020-06-03 14:00:00,-0.5000000000000001,-0.8660254037844386,0.6659765388095238,28.11209034523809,48.62924114285714,199168.580359
2020-06-03 14:15:00,-0.5555702330196023,-0.8314696123025452,0.7166804542857143,28.36199285714285,50.62704278571428,214739.160718
2020-06-03 14:30:00,-0.6087614290087207,-0.7933533402912352,0.673311722,28.30935666666666,47.377396733333335,205743.035707
2020-06-03 14:45:00,-0.6593458151000688,-0.7518398074789774,0.73095554,28.27815892857143,45.06816992857143,219961.857153
2020-06-03 15:00:00,-0.7071067811865475,-0.7071067811865477,0.867350566,28.8466328,50.68633446666667,262008.32144
2020-06-03 15:15:00,-0.7518398074789773,-0.6593458151000691,0.7781302413333333,28.85288293333333,50.806604,241593.23214
2020-06-03 15:30:00,-0.7933533402912349,-0.6087614290087209,0.5263113173333333,28.367865,46.1937744,152544.214286
2020-06-03 15:45:00,-0.8314696123025448,-0.555570233019603,0.4154654033333333,28.200909666666668,40.34545073333332,123982.785714
2020-06-03 16:00:00,-0.8660254037844385,-0.5000000000000004,0.3453362106666667,27.40643306666667,36.756546933333325,113119.785714
2020-06-03 16:15:00,-0.8968727415326883,-0.44228869021900136,0.2754312246666665,27.123667466666664,35.691247399999995,84684.446428
2020-06-03 16:30:00,-0.9238795325112868,-0.3826834323650895,0.1812308813333333,26.773728333333327,32.29846993333332,56646.035714
2020-06-03 16:45:00,-0.9469301294951056,-0.3214394653031618,0.2930501007142857,26.6105695,32.19503142857143,96084.535715
2020-06-03 17:00:00,-0.9659258262890683,-0.25881904510252063,0.39389064799999995,27.07719326666667,36.6476562,120070.250001
2020-06-03 17:15:00,-0.9807852804032303,-0.19509032201612866,0.2100267246666666,26.4934388,33.26473993333333,61668.178572000004
2020-06-03 17:30:00,-0.9914448613738104,-0.13052619222005163,0.1741178993333333,26.160349600000004,29.8308308,46231.392858
2020-06-03 17:45:00,-0.9978589232386035,-0.06540312923014362,0.1089596830666666,25.955641666666665,27.818965666666667,26128.464284
2020-06-03 18:00:00,-1.0,-1.8369701987210297e-16,0.0555260570666666,25.628292,26.26652213333333,14761.2500001
2020-06-03 18:15:00,-0.9978589232386036,0.06540312923014237,0.027632039466666595,25.138563999999995,24.52836306666666,7999.5535713
2020-06-03 18:30:00,-0.9914448613738104,0.13052619222005213,0.00798223048,24.8869608,23.35773320000001,2083.39285718
2020-06-03 18:45:00,-0.9807852804032304,0.1950903220161283,8.352672366666667e-05,24.68722533333333,22.586967066666663,0.0
2020-06-03 19:00:00,-0.9659258262890682,0.25881904510252113,0.0,24.479286733333325,21.997491533333328,0.0
2020-06-03 19:15:00,-0.9469301294951057,0.3214394653031615,0.0,24.196650928571422,21.709464,0.0
2020-06-03 19:30:00,-0.9238795325112866,0.38268343236509,0.0,23.983721866666667,21.4879578,0.0
2020-06-03 19:45:00,-0.8968727415326884,0.442288690219001,0.0,23.86744786666667,21.385422733333336,0.0
2020-06-03 20:00:00,-0.8660254037844386,0.5000000000000001,0.0,23.735534599999998,21.4588258,0.0
2020-06-03 20:15:00,-0.8314696123025455,0.5555702330196018,0.0,23.68221646666667,21.54895426666667,0.0
2020-06-03 20:30:00,-0.7933533402912352,0.6087614290087205,0.0,23.664009666666665,21.192350066666663,0.0
2020-06-03 20:45:00,-0.7518398074789777,0.6593458151000684,0.0,23.60763366666666,21.040781666666668,0.0
2020-06-03 21:00:00,-0.7071067811865477,0.7071067811865474,0.0,23.581404733333333,21.031243933333336,0.0
2020-06-03 21:15:00,-0.6593458151000687,0.7518398074789775,0.0,23.54292971428572,21.000418571428572,0.0
2020-06-03 21:30:00,-0.608761429008721,0.7933533402912349,0.0,23.35550553333333,20.846651266666665,0.0
2020-06-03 21:45:00,-0.5555702330196022,0.8314696123025452,0.0,23.153045666666667,20.723840333333328,0.0
2020-06-03 22:00:00,-0.5000000000000004,0.8660254037844384,0.0,23.12093293333333,20.880371199999995,0.0
2020-06-03 22:15:00,-0.4422886902190014,0.8968727415326883,0.0,23.2737874,21.277950066666666,0.0
2020-06-03 22:30:00,-0.38268343236508956,0.9238795325112868,0.0,23.410107466666663,21.48009253333333,0.0
2020-06-03 22:45:00,-0.32143946530316186,0.9469301294951056,0.0,23.356770799999996,21.421516933333333,0.0
2020-06-03 23:00:00,-0.2588190451025207,0.9659258262890683,0.0,23.29439086666667,21.5673136,0.0
2020-06-03 23:15:00,-0.19509032201612872,0.9807852804032303,0.0,23.268082733333333,21.781003666666667,0.0
2020-06-03 23:30:00,-0.13052619222005168,0.9914448613738104,0.0,23.3125675,21.87289435714285,0.0
2020-06-03 23:45:00,-0.06540312923014367,0.9978589232386035,0.0,23.307094399999997,22.122367533333332,0.0
2020-06-04 00:00:00,0.0,1.0,0.0,23.232509466666663,21.74905586666667,0.0
2020-06-04 00:15:00,0.06540312923014306,0.9978589232386035,0.0,23.2305298,22.0874878,0.0
2020-06-04 00:30:00,0.13052619222005157,0.9914448613738104,0.0,23.239691066666666,22.0754842,0.0
2020-06-04 00:45:00,0.19509032201612825,0.9807852804032304,0.0,23.223148533333337,21.49751793333333,0.0
2020-06-04 01:00:00,0.25881904510252074,0.9659258262890683,0.0,23.04567046666667,20.8985536,0.0
2020-06-04 01:15:00,0.3214394653031616,0.9469301294951057,0.0,22.96156013333333,20.781929533333333,0.0
2020-06-04 01:30:00,0.3826834323650898,0.9238795325112867,0.0,22.874760071428568,20.64805378571429,0.0
2020-06-04 01:45:00,0.4422886902190013,0.8968727415326883,0.0,22.878147466666665,21.0011492,0.0
2020-06-04 02:00:00,0.49999999999999994,0.8660254037844387,0.0,22.99037886666667,21.9415954,0.0
2020-06-04 02:15:00,0.5555702330196022,0.8314696123025452,0.0,22.9795756,21.582159600000004,0.0
2020-06-04 02:30:00,0.6087614290087207,0.7933533402912352,0.0,23.002805466666665,21.08051346666667,0.0
2020-06-04 02:45:00,0.6593458151000688,0.7518398074789774,0.0,22.77749013333333,20.272725466666664,0.0
2020-06-04 03:00:00,0.7071067811865476,0.7071067811865476,0.0,22.51006266666667,19.9091552,0.0
2020-06-04 03:15:00,0.7518398074789773,0.659345815100069,0.0,22.36554566666667,19.8938822,0.0
2020-06-04 03:30:00,0.7933533402912352,0.6087614290087207,0.0,22.11158453333333,19.4302042,0.0
2020-06-04 03:45:00,0.8314696123025452,0.5555702330196023,0.0,21.8316998,19.176412,0.0
2020-06-04 04:00:00,0.8660254037844386,0.5000000000000001,0.0,21.814058571428568,19.201707928571427,0.0
2020-06-04 04:15:00,0.8968727415326884,0.44228869021900125,0.0,21.781632533333337,19.239917066666667,0.0
2020-06-04 04:30:00,0.9238795325112867,0.38268343236508984,0.0,21.7417174,19.2718446,0.0
2020-06-04 04:45:00,0.9469301294951057,0.3214394653031615,0.0,21.9011658,19.596323666666663,0.0
2020-06-04 05:00:00,0.9659258262890683,0.25881904510252074,0.0,22.10740133333333,19.78210866666667,0.0
2020-06-04 05:15:00,0.9807852804032304,0.19509032201612833,0.0,22.293249466666666,20.07742533333333,0.0
2020-06-04 05:30:00,0.9914448613738104,0.1305261922200517,0.0,22.30016693333333,20.21210933333333,0.0
2020-06-04 05:45:00,0.9978589232386035,0.06540312923014305,0.000426552467,22.331740266666667,20.44576413333333,0.0
2020-06-04 06:00:00,1.0,6.123233995736766e-17,0.00815802132,22.37077833333333,20.5307474,1508.32142856
2020-06-04 06:15:00,0.9978589232386035,-0.06540312923014292,0.027412691,22.37073828571429,20.5436425,8426.1785713
2020-06-04 06:30:00,0.9914448613738105,-0.13052619222005138,0.0525060624,22.413663666666665,20.99587586666667,16244.3571428
2020-06-04 06:45:00,0.9807852804032305,-0.19509032201612797,0.0880664663333333,22.569683933333334,21.829941666666667,26523.625
2020-06-04 07:00:00,0.9659258262890683,-0.25881904510252085,0.1541802237333333,22.91924653333333,22.999210466666668,40864.5
2020-06-04 07:15:00,0.9469301294951057,-0.3214394653031616,0.201037406,23.307012799999995,25.084910200000003,55111.785715
2020-06-04 07:30:00,0.9238795325112867,-0.3826834323650897,0.2021267246666666,23.6712912,28.608892933333333,56590.892858
2020-06-04 07:45:00,0.8968727415326884,-0.44228869021900113,0.2576330546666666,24.115726666666664,29.428696733333325,74608.785714
2020-06-04 08:00:00,0.8660254037844387,-0.4999999999999998,0.3536178413333332,24.82795606666667,34.91220333333333,108404.589286
2020-06-04 08:15:00,0.8314696123025451,-0.5555702330196023,0.36982812933333337,25.16537493333333,36.236173666666666,116275.267857
2020-06-04 08:30:00,0.7933533402912352,-0.6087614290087207,0.50896689,25.493850714285717,40.286078142857136,140712.75
2020-06-04 08:45:00,0.7518398074789774,-0.6593458151000688,0.339791978,25.7016844,38.59687113333333,106384.732143
2020-06-04 09:00:00,0.7071067811865476,-0.7071067811865475,0.5240877666666666,26.23224886666667,41.591343,168924.410714
2020-06-04 09:15:00,0.6593458151000686,-0.7518398074789776,0.4329602066666666,26.67907113333333,42.56844686666666,144483.285714
2020-06-04 09:30:00,0.6087614290087204,-0.7933533402912353,0.4031702393333333,26.958341533333336,42.141090666666656,146737.267857
2020-06-04 09:45:00,0.5555702330196022,-0.8314696123025453,0.5299622466666666,27.355015066666667,42.377244466666674,147830.785714
2020-06-04 10:00:00,0.49999999999999994,-0.8660254037844387,0.6935108126666668,27.510105466666673,45.047931266666666,213117.500017
2020-06-04 10:15:00,0.4422886902190013,-0.8968727415326883,0.5722798133333333,27.60956433333333,43.5676756,178955.107143
2020-06-04 10:30:00,0.3826834323650899,-0.9238795325112867,0.7405270771428571,27.759671857142852,46.865433142857135,214412.499997
2020-06-04 10:45:00,0.32143946530316175,-0.9469301294951056,0.9900746606666666,28.60955806666667,53.49905786666666,268669.44643
2020-06-04 11:00:00,0.258819045102521,-0.9659258262890682,0.7482029,28.900441466666667,52.5498042,217730.607133
2020-06-04 11:15:00,0.19509032201612816,-0.9807852804032304,0.7289688126666665,29.128914533333333,53.990102,216385.553578
2020-06-04 11:30:00,0.13052619222005157,-0.9914448613738104,0.6855142546666666,28.9166118,49.0042542,206619.19643
2020-06-04 11:45:00,0.06540312923014312,-0.9978589232386035,0.819862228,28.901027466666665,50.7513082,234062.76785
2020-06-04 12:00:00,1.2246467991473532e-16,-1.0,0.8495404559999998,29.428778066666663,54.02926233333333,254973.625
2020-06-04 12:15:00,-0.06540312923014287,-0.9978589232386035,0.8730903140000001,29.520699200000003,53.681734000000006,241891.80358
2020-06-04 12:30:00,-0.13052619222005132,-0.9914448613738105,0.7917845233333334,29.781878599999995,52.660978,205627.125004
2020-06-04 12:45:00,-0.19509032201612792,-0.9807852804032305,0.5456316214285714,29.397380285714288,47.38953071428571,179072.892858
2020-06-04 13:00:00,-0.25881904510252035,-0.9659258262890684,0.9989916353333332,30.0188802,53.659336200000006,271756.74999
2020-06-04 13:15:00,-0.3214394653031611,-0.9469301294951058,1.0396661320000002,30.470314466666665,57.810960066666674,273825.74999
2020-06-04 13:30:00,-0.3826834323650892,-0.923879532511287,0.5834999766666668,29.7998332,51.68366739999999,173753.571428
2020-06-04 13:45:00,-0.44228869021900147,-0.8968727415326883,0.8152746660000002,29.653444333333336,49.9063132,248432.49998
2020-06-04 14:00:00,-0.5000000000000001,-0.8660254037844386,0.638300066,29.892468333333337,49.5533302,177648.946428
2020-06-04 14:15:00,-0.5555702330196023,-0.8314696123025452,0.5060438120000001,29.012854,42.45200799999999,161086.892856
2020-06-04 14:30:00,-0.6087614290087207,-0.7933533402912352,0.4784254099999999,29.053249066666663,43.63637693333334,154733.964286
2020-06-04 14:45:00,-0.6593458151000688,-0.7518398074789774,0.6831317153333333,29.025638800000003,45.191560933333335,223138.4107
2020-06-04 15:00:00,-0.7071067811865475,-0.7071067811865477,0.8282187928571431,29.316604714285713,50.0400065,248848.51786
2020-06-04 15:15:00,-0.7518398074789773,-0.6593458151000691,0.5762455473333332,28.8240906,47.455545866666654,183528.464286
2020-06-04 15:30:00,-0.7933533402912349,-0.6087614290087209,0.6145960239999999,28.671067200000003,44.87971400000001,189792.874999
2020-06-04 15:45:00,-0.8314696123025448,-0.555570233019603,0.6258264913333333,28.89003293333333,46.50682566666666,180917.696429
2020-06-04 16:00:00,-0.8660254037844385,-0.5000000000000004,0.5470587466666667,28.524460866666665,44.30379226666666,171303.25
2020-06-04 16:15:00,-0.8968727415326883,-0.44228869021900136,0.4802661793333333,28.310963866666665,41.930027,148346.678572
2020-06-04 16:30:00,-0.9238795325112868,-0.3826834323650895,0.423149908,28.226299999999995,39.781593666666666,130135.946428
2020-06-04 16:45:00,-0.9469301294951056,-0.3214394653031618,0.2771371,27.91138306666666,36.725531333333336,84376.321428
2020-06-04 17:00:00,-0.9659258262890683,-0.25881904510252063,0.2966284521428571,27.40891385714286,33.94200785714286,88979.321429
2020-06-04 17:15:00,-0.9807852804032303,-0.19509032201612866,0.286518426,27.39092606666667,34.17826959999999,84051.482142
2020-06-04 17:30:00,-0.9914448613738104,-0.13052619222005163,0.23336323466666664,27.4676554,33.31872753333333,66929.339287
2020-06-04 17:45:00,-0.9978589232386035,-0.06540312923014362,0.1478736336,27.015501000000004,30.925701933333333,41641.928570000004
2020-06-04 18:00:00,-1.0,-1.8369701987210297e-16,0.0703570209333333,26.4737508,28.179811799999996,19163.8571429
2020-06-04 18:15:00,-0.9978589232386036,0.06540312923014237,0.0225988850666666,25.87960013333333,25.645243399999995,6454.625
2020-06-04 18:30:00,-0.9914448613738104,0.13052619222005213,0.0048826057146666,25.491422466666673,23.901588933333336,1034.70833335
2020-06-04 18:45:00,-0.9807852804032304,0.1950903220161283,0.0,25.1925436,22.83024093333333,0.0
2020-06-04 19:00:00,-0.9659258262890682,0.25881904510252113,0.0,24.911574333333327,22.163502866666665,0.0
2020-06-04 19:15:00,-0.9469301294951057,0.3214394653031615,0.0,24.712389285714284,21.731079,0.0
2020-06-04 19:30:00,-0.9238795325112866,0.38268343236509,0.0,24.54659833333333,21.6505168,0.0
2020-06-04 19:45:00,-0.8968727415326884,0.442288690219001,0.0,24.379534866666667,21.8173706,0.0
2020-06-04 20:00:00,-0.8660254037844386,0.5000000000000001,0.0,24.20357646666667,21.570215,0.0
2020-06-04 20:15:00,-0.8314696123025455,0.5555702330196018,0.0,24.101764000000003,21.23585813333333,0.0
2020-06-04 20:30:00,-0.7933533402912352,0.6087614290087205,0.0,23.965206,21.24692586666667,0.0
2020-06-04 20:45:00,-0.7518398074789777,0.6593458151000684,0.0,23.835375866666677,21.202567533333333,0.0
2020-06-04 21:00:00,-0.7071067811865477,0.7071067811865474,0.0,23.622412133333327,20.969897533333327,0.0
2020-06-04 21:15:00,-0.6593458151000687,0.7518398074789775,0.0,23.4776306,20.89159753333333,0.0
2020-06-04 21:30:00,-0.608761429008721,0.7933533402912349,0.0,23.413728857142857,20.771161785714288,0.0
2020-06-04 21:45:00,-0.5555702330196022,0.8314696123025452,0.0,23.334409733333327,20.6240682,0.0
2020-06-04 22:00:00,-0.5000000000000004,0.8660254037844384,0.0,23.249265666666663,20.51773266666667,0.0
2020-06-04 22:15:00,-0.4422886902190014,0.8968727415326883,0.0,23.155983466666665,20.41728313333333,0.0
2020-06-04 22:30:00,-0.38268343236508956,0.9238795325112868,0.0,23.038757333333333,20.23143106666667,0.0
2020-06-04 22:45:00,-0.32143946530316186,0.9469301294951056,0.0,22.871164866666668,19.952642666666662,0.0
2020-06-04 23:00:00,-0.2588190451025207,0.9659258262890683,0.0,22.668090866666663,19.605348533333327,0.0
2020-06-04 23:15:00,-0.19509032201612872,0.9807852804032303,0.0,22.45358486666667,19.460750333333333,0.0
2020-06-04 23:30:00,-0.13052619222005168,0.9914448613738104,0.0,22.224973357142854,19.48148457142857,0.0
2020-06-04 23:45:00,-0.06540312923014367,0.9978589232386035,0.0,22.242348199999995,19.674829133333336,0.0
2020-06-05 00:00:00,0.0,1.0,0.0,22.369673533333334,19.865987266666668,0.0
2020-06-05 00:15:00,0.06540312923014306,0.9978589232386035,0.0,22.405242866666665,19.973746666666667,0.0
2020-06-05 00:30:00,0.13052619222005157,0.9914448613738104,0.0,22.451550266666665,20.014420466666664,0.0
2020-06-05 00:45:00,0.19509032201612825,0.9807852804032304,0.0,22.355903933333337,19.858323266666662,0.0
2020-06-05 01:00:00,0.25881904510252074,0.9659258262890683,0.0,22.390741066666664,19.870471266666662,0.0
2020-06-05 01:15:00,0.3214394653031616,0.9469301294951057,0.0,22.2637308,19.622493400000003,0.0
2020-06-05 01:30:00,0.3826834323650898,0.9238795325112867,0.0,22.06980021428572,19.27036821428572,0.0
2020-06-05 01:45:00,0.4422886902190013,0.8968727415326883,0.0,21.935835733333334,19.1575074,0.0
2020-06-05 02:00:00,0.49999999999999994,0.8660254037844387,0.0,22.032619133333327,19.467915866666672,0.0
2020-06-05 02:15:00,0.5555702330196022,0.8314696123025452,0.0,21.996008466666662,19.4962546,0.0
2020-06-05 02:30:00,0.6087614290087207,0.7933533402912352,0.0,21.915641266666665,19.503106733333333,0.0
2020-06-05 02:45:00,0.6593458151000688,0.7518398074789774,0.0,21.971559666666664,19.6524252,0.0
2020-06-05 03:00:00,0.7071067811865476,0.7071067811865476,0.0,21.960252,19.703836933333335,0.0
2020-06-05 03:15:00,0.7518398074789773,0.659345815100069,0.0,21.962046333333333,19.6375468,0.0
2020-06-05 03:30:00,0.7933533402912352,0.6087614290087207,0.0,21.864501933333333,19.492871133333328,0.0
2020-06-05 03:45:00,0.8314696123025452,0.5555702330196023,0.0,21.829637785714283,19.66063135714285,0.0
2020-06-05 04:00:00,0.8660254037844386,0.5000000000000001,0.0,21.81910206666667,19.6920982,0.0
2020-06-05 04:15:00,0.8968727415326884,0.44228869021900125,0.0,21.70368653333333,19.42711973333333,0.0
2020-06-05 04:30:00,0.9238795325112867,0.38268343236508984,0.0,21.62841786666667,19.356872600000003,0.0
2020-06-05 04:45:00,0.9469301294951057,0.3214394653031615,0.0,21.594506866666663,19.278796600000003,0.0
2020-06-05 05:00:00,0.9659258262890683,0.25881904510252074,0.0,21.4732484,19.290275066666663,0.0
2020-06-05 05:15:00,0.9807852804032304,0.19509032201612833,0.0,21.5055624,19.3941224,0.0
2020-06-05 05:30:00,0.9914448613738104,0.1305261922200517,0.0,21.6951396,19.82488413333333,0.0
2020-06-05 05:45:00,0.9978589232386035,0.06540312923014305,0.0008480133085714,21.663992714285715,19.751652214285716,0.0
2020-06-05 06:00:00,1.0,6.123233995736766e-17,0.0091445350066666,21.581693466666664,19.651005,2011.80357139
2020-06-05 06:15:00,0.9978589232386035,-0.06540312923014292,0.023796257599999995,21.653328466666665,19.7878378,6623.5
2020-06-05 06:30:00,0.9914448613738105,-0.13052619222005138,0.0381347714,21.863590533333333,20.2624066,12674.5357143
2020-06-05 06:45:00,0.9807852804032305,-0.19509032201612797,0.09465795853333331,22.2525206,21.710430866666663,30194.535713999998
2020-06-05 07:00:00,0.9659258262890683,-0.25881904510252085,0.1046293030666666,22.578601066666668,23.143766266666663,31957.999999
2020-06-05 07:15:00,0.9469301294951057,-0.3214394653031616,0.1354008960666666,22.747050133333335,24.6323364,42082.910716
2020-06-05 07:30:00,0.9238795325112867,-0.3826834323650897,0.1550759426666666,22.947841333333333,26.0719524,47104.285714
2020-06-05 07:45:00,0.8968727415326884,-0.44228869021900113,0.1674217992857143,23.115711714285712,26.6308375,51633.285714
2020-06-05 08:00:00,0.8660254037844387,-0.4999999999999998,0.2060087846666666,23.45101913333333,28.194765000000004,62388.375
2020-06-05 08:15:00,0.8314696123025451,-0.5555702330196023,0.37012081599999996,23.990735000000004,31.34313753333333,115911.625001
2020-06-05 08:30:00,0.7933533402912352,-0.6087614290087207,0.5538165126666666,24.78111993333333,37.137320933333335,152916.196429
2020-06-05 08:45:00,0.7518398074789774,-0.6593458151000688,0.6010126913333332,25.71807246666667,42.10721,162986.678572
2020-06-05 09:00:00,0.7071067811865476,-0.7071067811865475,0.4937874026666666,26.1081848,44.455601,160229.875
2020-06-05 09:15:00,0.6593458151000686,-0.7518398074789776,0.661408742,26.326908333333336,43.22573646666668,194120.767857
2020-06-05 09:30:00,0.6087614290087204,-0.7933533402912353,0.6939978406666665,27.17324006666667,47.99394519999999,214914.821446
2020-06-05 09:45:00,0.5555702330196022,-0.8314696123025453,0.40304504399999996,27.300339800000003,45.74378906666668,126922.37499899999
2020-06-05 10:00:00,0.49999999999999994,-0.8660254037844387,0.7867404085714285,27.44654421428572,46.09474850000001,233653.875
2020-06-05 10:15:00,0.4422886902190013,-0.8968727415326883,0.46216505866666674,27.920831266666664,48.78672900000001,142557.410714
2020-06-05 10:30:00,0.3826834323650899,-0.9238795325112867,0.7480077733333332,27.469006399999998,45.76378179999999,223672.000019
2020-06-05 10:45:00,0.32143946530316175,-0.9469301294951056,0.7114153480000001,28.038039066666666,54.683736466666666,221946.76785
2020-06-05 11:00:00,0.258819045102521,-0.9659258262890682,0.6841737733333335,27.55344846666667,47.8497312,208669.785712
2020-06-05 11:15:00,0.19509032201612816,-0.9807852804032304,0.9138139586666668,28.1088298,54.98479406666667,235069.96428000001
2020-06-05 11:30:00,0.13052619222005157,-0.9914448613738104,1.0468158086666666,28.699442466666667,59.517163133333334,272287.25001
2020-06-05 11:45:00,0.06540312923014312,-0.9978589232386035,0.9516839406666668,28.78526426666667,60.75704953333334,253446.92858
2020-06-05 12:00:00,1.2246467991473532e-16,-1.0,0.37948953642857136,28.726664714285718,48.51885335714285,103761.964289
2020-06-05 12:15:00,-0.06540312923014287,-0.9978589232386035,0.323248656,27.64007353333333,40.50380226666666,102664.839287
2020-06-05 12:30:00,-0.13052619222005132,-0.9914448613738105,0.2201477426666666,24.78254793333333,27.2943788,79516.0
2020-06-05 12:45:00,-0.19509032201612792,-0.9807852804032305,0.3283600913333332,23.833673,27.06917933333333,117978.464285
2020-06-05 13:00:00,-0.25881904510252035,-0.9659258262890684,0.549665794,24.98657813333333,35.3831992,185168.339286
2020-06-05 13:15:00,-0.3214394653031611,-0.9469301294951058,0.5586564773333333,25.75082,43.90548686666667,177855.696426
2020-06-05 13:30:00,-0.3826834323650892,-0.923879532511287,0.7687173853333333,26.45047,45.249314466666654,226115.642874
2020-06-05 13:45:00,-0.44228869021900147,-0.8968727415326883,0.9986998006666664,28.032407666666664,55.623793733333336,288057.26787
2020-06-05 14:00:00,-0.5000000000000001,-0.8660254037844386,0.88675423,29.01820371428572,57.50350071428572,261629.35715
2020-06-05 14:15:00,-0.5555702330196023,-0.8314696123025452,0.4664396726666666,28.8636616,49.925148466666656,136818.553571
2020-06-05 14:30:00,-0.6087614290087207,-0.7933533402912352,0.8546898013333333,29.279667000000003,49.60990173333334,253413.83929
2020-06-05 14:45:00,-0.6593458151000688,-0.7518398074789774,0.7957694813333333,29.67820826666667,52.84774173333333,237612.482141
2020-06-05 15:00:00,-0.7071067811865475,-0.7071067811865477,0.6257630746666667,29.9443218,51.73378113333333,194058.446428
2020-06-05 15:15:00,-0.7518398074789773,-0.6593458151000691,0.495956084,29.553806533333333,46.45627853333334,150550.839284
2020-06-05 15:30:00,-0.7933533402912349,-0.6087614290087209,0.330956198,28.67100406666667,38.05905166666666,94967.25
2020-06-05 15:45:00,-0.8314696123025448,-0.555570233019603,0.630338126,28.98281233333333,44.096299066666674,193999.785715
2020-06-05 16:00:00,-0.8660254037844385,-0.5000000000000004,0.5304860364285712,29.360011642857145,44.37733914285714,163172.69643
2020-06-05 16:15:00,-0.8968727415326883,-0.44228869021900136,0.4668261126666666,29.21803193333333,42.5737022,143349.535716
2020-06-05 16:30:00,-0.9238795325112868,-0.3826834323650895,0.4489735653333333,29.177992733333337,41.37456040000001,133570.035714
2020-06-05 16:45:00,-0.9469301294951056,-0.3214394653031618,0.341884376,28.7667054,38.25223593333334,101859.839286
2020-06-05 17:00:00,-0.9659258262890683,-0.25881904510252063,0.2911635239999999,28.38364246666667,36.3026832,90269.267855
2020-06-05 17:15:00,-0.9807852804032303,-0.19509032201612866,0.2869888493333333,28.329986466666664,35.2929974,85255.160714
2020-06-05 17:30:00,-0.9914448613738104,-0.13052619222005163,0.274644008,28.312951533333333,34.75277326666667,80975.785716
2020-06-05 17:45:00,-0.9978589232386035,-0.06540312923014362,0.1736663853333333,28.13737193333333,33.33803933333334,49747.339287
2020-06-05 18:00:00,-1.0,-1.8369701987210297e-16,0.0959535507857142,27.676138642857143,30.6434,25551.999999
2020-06-05 18:15:00,-0.9978589232386036,0.06540312923014237,0.0424932424666666,27.09036053333333,28.24562973333333,11954.3214286
2020-06-05 18:30:00,-0.9914448613738104,0.13052619222005213,0.0086745569666666,26.31346433333333,25.84845173333333,2621.52976197
2020-06-05 18:45:00,-0.9807852804032304,0.1950903220161283,0.000129449935,25.68867206666667,23.948681533333335,0.0
2020-06-05 19:00:00,-0.9659258262890682,0.25881904510252113,0.0,25.31771846666667,23.1047118,0.0
2020-06-05 19:15:00,-0.9469301294951057,0.3214394653031615,0.0,24.977532733333334,22.49722306666667,0.0
2020-06-05 19:30:00,-0.9238795325112866,0.38268343236509,0.0,24.760622133333335,22.101621533333333,0.0
2020-06-05 19:45:00,-0.8968727415326884,0.442288690219001,0.0,24.567763266666667,21.854593933333334,0.0
2020-06-05 20:00:00,-0.8660254037844386,0.5000000000000001,0.0,24.401811714285717,21.609599642857145,0.0
2020-06-05 20:15:00,-0.8314696123025455,0.5555702330196018,0.0,24.2519918,21.444433733333334,0.0
2020-06-05 20:30:00,-0.7933533402912352,0.6087614290087205,0.0,24.04104626666667,21.321700266666667,0.0
2020-06-05 20:45:00,-0.7518398074789777,0.6593458151000684,0.0,23.88145546666666,21.0441874,0.0
2020-06-05 21:00:00,-0.7071067811865477,0.7071067811865474,0.0,23.661025,20.71221926666667,0.0
2020-06-05 21:15:00,-0.6593458151000687,0.7518398074789775,0.0,23.53851113333333,20.65864653333333,0.0
2020-06-05 21:30:00,-0.608761429008721,0.7933533402912349,0.0,23.462174399999995,20.5305968,0.0
2020-06-05 21:45:00,-0.5555702330196022,0.8314696123025452,0.0,23.38109546666667,20.44203673333333,0.0
2020-06-05 22:00:00,-0.5000000000000004,0.8660254037844384,0.0,23.249294066666664,20.27038166666667,0.0
2020-06-05 22:15:00,-0.4422886902190014,0.8968727415326883,0.0,23.104354857142855,20.18705107142857,0.0
2020-06-05 22:30:00,-0.38268343236508956,0.9238795325112868,0.0,22.92467253333333,20.01558633333333,0.0
2020-06-05 22:45:00,-0.32143946530316186,0.9469301294951056,0.0,22.75687046666667,19.76906513333333,0.0
2020-06-05 23:00:00,-0.2588190451025207,0.9659258262890683,0.0,22.555259266666667,19.601790333333337,0.0
2020-06-05 23:15:00,-0.19509032201612872,0.9807852804032303,0.0,22.5601338,19.6811666,0.0
2020-06-05 23:30:00,-0.13052619222005168,0.9914448613738104,0.0,22.5417704,19.7616006,0.0
2020-06-05 23:45:00,-0.06540312923014367,0.9978589232386035,0.0,22.524619466666667,19.7942504,0.0
2020-06-06 00:00:00,0.0,1.0,0.0,22.4748738,19.6556172,0.0
2020-06-06 00:15:00,0.06540312923014306,0.9978589232386035,0.0,22.446710466666666,19.7401856,0.0
2020-06-06 00:30:00,0.13052619222005157,0.9914448613738104,0.0,22.32631013333333,19.624399800000003,0.0
2020-06-06 00:45:00,0.19509032201612825,0.9807852804032304,0.0,22.243926857142856,19.516771785714287,0.0
2020-06-06 01:00:00,0.25881904510252074,0.9659258262890683,0.0,22.207804266666663,19.5121276,0.0
2020-06-06 01:15:00,0.3214394653031616,0.9469301294951057,0.0,22.23102213333333,19.660040066666667,0.0
2020-06-06 01:30:00,0.3826834323650898,0.9238795325112867,0.0,22.152329466666668,19.582956933333328,0.0
2020-06-06 01:45:00,0.4422886902190013,0.8968727415326883,0.0,21.9829162,19.36170873333333,0.0
2020-06-06 02:00:00,0.49999999999999994,0.8660254037844387,0.0,21.92101433333333,19.488366666666664,0.0
2020-06-06 02:15:00,0.5555702330196022,0.8314696123025452,0.0,21.976127066666663,19.5315044,0.0
2020-06-06 02:30:00,0.6087614290087207,0.7933533402912352,0.0,21.894398866666663,19.451336666666677,0.0
2020-06-06 02:45:00,0.6593458151000688,0.7518398074789774,0.0,21.701495466666668,19.232078066666663,0.0
2020-06-06 03:00:00,0.7071067811865476,0.7071067811865476,0.0,21.51942878571429,19.068950142857144,0.0
2020-06-06 03:15:00,0.7518398074789773,0.659345815100069,0.0,21.438657733333336,19.052948066666666,0.0
2020-06-06 03:30:00,0.7933533402912352,0.6087614290087207,0.0,21.588897933333328,19.275600133333327,0.0
2020-06-06 03:45:00,0.8314696123025452,0.5555702330196023,0.0,21.5690164,19.236916333333333,0.0
2020-06-06 04:00:00,0.8660254037844386,0.5000000000000001,0.0,21.469618733333327,19.0515952,0.0
2020-06-06 04:15:00,0.8968727415326884,0.44228869021900125,0.0,21.32059926666667,18.93925773333333,0.0
2020-06-06 04:30:00,0.9238795325112867,0.38268343236508984,0.0,21.27923166666667,19.024615466666663,0.0
2020-06-06 04:45:00,0.9469301294951057,0.3214394653031615,0.0,21.113210066666667,18.840543666666665,0.0
2020-06-06 05:00:00,0.9659258262890683,0.25881904510252074,0.0,20.971514,18.501708928571425,0.0
2020-06-06 05:15:00,0.9807852804032304,0.19509032201612833,0.0,20.875439533333328,18.285264066666663,0.0
2020-06-06 05:30:00,0.9914448613738104,0.1305261922200517,0.0,20.4631672,18.140415466666663,0.0
2020-06-06 05:45:00,0.9978589232386035,0.06540312923014305,0.001050105428,20.398504866666663,18.242307533333335,0.0
2020-06-06 06:00:00,1.0,6.123233995736766e-17,0.0112804514933333,20.426454666666668,18.25406093333333,2962.8928571
2020-06-06 06:15:00,0.9978589232386035,-0.06540312923014292,0.0318784349333333,21.026063933333333,19.1683044,9305.0892856
2020-06-06 06:30:00,0.9914448613738105,-0.13052619222005138,0.05054270793333329,21.30387786666667,19.903894,16430.6607142
2020-06-06 06:45:00,0.9807852804032305,-0.19509032201612797,0.10836682313333329,21.7675536,21.045220800000003,31964.69643
2020-06-06 07:00:00,0.9659258262890683,-0.25881904510252085,0.241690604,22.418231133333336,24.00137146666667,58156.535715
2020-06-06 07:15:00,0.9469301294951057,-0.3214394653031616,0.291636115,23.072224285714285,26.810551285714283,73587.589285
2020-06-06 07:30:00,0.9238795325112867,-0.3826834323650897,0.3192179526666666,23.439154200000004,29.627557333333325,84269.464286
2020-06-06 07:45:00,0.8968727415326884,-0.44228869021900113,0.3658943839999999,24.040710200000003,33.153322333333335,100269.196428
2020-06-06 08:00:00,0.8660254037844387,-0.4999999999999998,0.4089987206666667,24.830981600000005,37.33390526666666,114398.053571
2020-06-06 08:15:00,0.8314696123025451,-0.5555702330196023,0.42133854933333326,25.26646733333333,38.90950326666666,118549.125
2020-06-06 08:30:00,0.7933533402912352,-0.6087614290087207,0.5379956300000001,25.8001344,42.2704184,154086.160714
2020-06-06 08:45:00,0.7518398074789774,-0.6593458151000688,0.4580730659999999,26.299521733333332,42.8193886,133829.910714
2020-06-06 09:00:00,0.7071067811865476,-0.7071067811865475,0.2645778099999999,26.346307466666666,38.737007666666656,84156.339286
2020-06-06 09:15:00,0.6593458151000686,-0.7518398074789776,0.3741500186666666,26.485955866666668,36.686997266666665,115874.178572
2020-06-06 09:30:00,0.6087614290087204,-0.7933533402912353,0.6841655264285715,26.816632928571423,41.40657221428572,201501.285716
2020-06-06 09:45:00,0.5555702330196022,-0.8314696123025453,0.5831875886666666,27.40662013333333,45.656620466666666,152192.75
2020-06-06 10:00:00,0.49999999999999994,-0.8660254037844387,0.7896276833333334,27.516166266666666,48.38149606666668,230977.017861
2020-06-06 10:15:00,0.4422886902190013,-0.8968727415326883,0.660908664,27.909726666666668,53.519447799999995,189796.535718
2020-06-06 10:30:00,0.3826834323650899,-0.9238795325112867,0.7134718886666666,27.891768466666665,46.3823122,202476.910709
2020-06-06 10:45:00,0.32143946530316175,-0.9469301294951056,0.592244042,28.858711866666667,49.9206544,186613.678572
2020-06-06 11:00:00,0.258819045102521,-0.9659258262890682,0.833716566,29.041046199999997,52.9128622,222312.410723
2020-06-06 11:15:00,0.19509032201612816,-0.9807852804032304,0.8457802326666666,29.5964662,54.43137613333333,248055.178586
2020-06-06 11:30:00,0.13052619222005157,-0.9914448613738104,0.442447935,29.662364357142852,49.18731492857143,166092.928572
2020-06-06 11:45:00,0.06540312923014312,-0.9978589232386035,0.4059969573333333,29.043869866666668,43.17022886666666,115043.392856
2020-06-06 12:00:00,1.2246467991473532e-16,-1.0,0.6368961286666666,28.9149232,43.233393066666665,179581.357143
2020-06-06 12:15:00,-0.06540312923014287,-0.9978589232386035,0.6880469099999998,29.85437213333333,53.016915266666665,192486.446427
2020-06-06 12:30:00,-0.13052619222005132,-0.9914448613738105,0.7764533440000001,29.957515466666667,48.48572366666667,222525.142846
2020-06-06 12:45:00,-0.19509032201612792,-0.9807852804032305,0.7886542966666666,30.16878846666667,52.53135606666669,191614.678572
2020-06-06 13:00:00,-0.25881904510252035,-0.9659258262890684,0.9654513833333332,30.398728400000003,55.526068,275518.35714
2020-06-06 13:15:00,-0.3214394653031611,-0.9469301294951058,0.3182395246666667,29.198299066666667,45.0946062,89819.25
2020-06-06 13:30:00,-0.3826834323650892,-0.923879532511287,0.5331907740000001,26.463971,30.740364866666663,184538.178571
2020-06-06 13:45:00,-0.44228869021900147,-0.8968727415326883,0.76237895,28.371896071428576,46.56454507142857,224238.232154
2020-06-06 14:00:00,-0.5000000000000001,-0.8660254037844386,0.4569576920000001,28.25725513333333,43.641306466666656,166435.482142
2020-06-06 14:15:00,-0.5555702330196023,-0.8314696123025452,0.9430199413333334,27.522467199999998,50.04055993333334,263168.660714
2020-06-06 14:30:00,-0.6087614290087207,-0.7933533402912352,0.3527128088,28.193302266666663,48.016939066666666,99824.625
2020-06-06 14:45:00,-0.6593458151000688,-0.7518398074789774,0.1509989932,25.385963933333336,27.446895466666664,53143.500001
2020-06-06 15:00:00,-0.7071067811865475,-0.7071067811865477,0.254934934,25.105676333333335,26.625590066666664,89581.69643
2020-06-06 15:15:00,-0.7518398074789773,-0.6593458151000691,0.325346652,25.97744133333333,31.413439799999995,109195.14285599999
2020-06-06 15:30:00,-0.7933533402912349,-0.6087614290087209,0.28833439,26.587683066666667,34.3489056,94754.285714
2020-06-06 15:45:00,-0.8314696123025448,-0.555570233019603,0.22046161642857143,26.64763521428571,33.14010199999999,72790.553572
2020-06-06 16:00:00,-0.8660254037844385,-0.5000000000000004,0.1760581826666666,26.31139526666667,31.449766266666668,58893.499999
2020-06-06 16:15:00,-0.8968727415326883,-0.44228869021900136,0.1018763052666666,26.046683800000004,29.31817633333333,33936.196429
2020-06-06 16:30:00,-0.9238795325112868,-0.3826834323650895,0.0869533126666666,25.648555266666666,27.703678333333333,30037.750001
2020-06-06 16:45:00,-0.9469301294951056,-0.3214394653031618,0.0816072844666666,25.334818533333337,27.200339666666665,28280.642856
2020-06-06 17:00:00,-0.9659258262890683,-0.25881904510252063,0.0596414616666666,24.9111592,26.314375933333334,20407.3035712
2020-06-06 17:15:00,-0.9807852804032303,-0.19509032201612866,0.0415707431333333,24.6149332,25.334737333333337,14156.0535714
2020-06-06 17:30:00,-0.9914448613738104,-0.13052619222005163,0.0294998014666666,24.514550666666665,24.669201600000005,9950.0178572
2020-06-06 17:45:00,-0.9978589232386035,-0.06540312923014362,0.0218913211333333,24.373624600000003,24.21965326666667,7256.6785715
2020-06-06 18:00:00,-1.0,-1.8369701987210297e-16,0.0164651889285714,24.214307571428574,23.84339257142857,4828.2321428
2020-06-06 18:15:00,-0.9978589232386036,0.06540312923014237,0.0088829525333333,24.0314636,23.445373466666663,1074.55357142
2020-06-06 18:30:00,-0.9914448613738104,0.13052619222005213,0.002114633124,23.8018982,23.067795866666664,0.0
2020-06-06 18:45:00,-0.9807852804032304,0.1950903220161283,0.0,23.566296399999995,22.568906800000004,0.0
2020-06-06 19:00:00,-0.9659258262890682,0.25881904510252113,0.0,23.388924066666664,22.3684164,0.0
2020-06-06 19:15:00,-0.9469301294951057,0.3214394653031615,0.0,23.178334533333334,22.046354066666662,0.0
2020-06-06 19:30:00,-0.9238795325112866,0.38268343236509,0.0,23.032047533333333,21.725838133333333,0.0
2020-06-06 19:45:00,-0.8968727415326884,0.442288690219001,0.0,22.61733606666667,21.18924546666667,0.0
2020-06-06 20:00:00,-0.8660254037844386,0.5000000000000001,0.0,22.435105266666664,20.8517252,0.0
2020-06-06 20:15:00,-0.8314696123025455,0.5555702330196018,0.0,22.393408266666665,20.394838466666663,0.0
2020-06-06 20:30:00,-0.7933533402912352,0.6087614290087205,0.0,22.334638285714284,20.134107285714283,0.0
2020-06-06 20:45:00,-0.7518398074789777,0.6593458151000684,0.0,22.187079066666666,20.1460408,0.0
2020-06-06 21:00:00,-0.7071067811865477,0.7071067811865474,0.0,22.1833922,20.334501,0.0
2020-06-06 21:15:00,-0.6593458151000687,0.7518398074789775,0.0,22.210577533333336,20.432326266666664,0.0
2020-06-06 21:30:00,-0.608761429008721,0.7933533402912349,0.0,22.211206066666666,20.508386266666665,0.0
2020-06-06 21:45:00,-0.5555702330196022,0.8314696123025452,0.0,22.21850393333333,20.4641012,0.0
2020-06-06 22:00:00,-0.5000000000000004,0.8660254037844384,0.0,22.19037266666667,20.292954466666668,0.0
2020-06-06 22:15:00,-0.4422886902190014,0.8968727415326883,0.0,22.1516112,20.19132286666667,0.0
2020-06-06 22:30:00,-0.38268343236508956,0.9238795325112868,0.0,22.1585,20.181113866666664,0.0
2020-06-06 22:45:00,-0.32143946530316186,0.9469301294951056,0.0,22.119533266666664,20.250876933333327,0.0
2020-06-06 23:00:00,-0.2588190451025207,0.9659258262890683,0.0,22.125963571428567,20.27607721428572,0.0
2020-06-06 23:15:00,-0.19509032201612872,0.9807852804032303,0.0,22.194932066666663,20.21912826666667,0.0
2020-06-06 23:30:00,-0.13052619222005168,0.9914448613738104,0.0,22.081917266666665,20.148321600000003,0.0
2020-06-06 23:45:00,-0.06540312923014367,0.9978589232386035,0.0,22.123830266666666,20.20074466666667,0.0
2020-06-07 00:00:00,0.0,1.0,0.0,22.05573953333333,20.297180266666665,0.0
2020-06-07 00:15:00,0.06540312923014306,0.9978589232386035,0.0,22.10319206666666,20.39622393333333,0.0
2020-06-07 00:30:00,0.13052619222005157,0.9914448613738104,0.0,22.224560666666665,20.518798866666668,0.0
2020-06-07 00:45:00,0.19509032201612825,0.9807852804032304,0.0,22.30642906666667,20.727630533333336,0.0
2020-06-07 01:00:00,0.25881904510252074,0.9659258262890683,0.0,22.26318146666667,20.769368466666663,0.0
2020-06-07 01:15:00,0.3214394653031616,0.9469301294951057,0.0,22.224988642857145,20.794174357142857,0.0
2020-06-07 01:30:00,0.3826834323650898,0.9238795325112867,0.0,22.250954266666668,20.80826,0.0
2020-06-07 01:45:00,0.4422886902190013,0.8968727415326883,0.0,22.245330666666668,20.7225952,0.0
2020-06-07 02:00:00,0.49999999999999994,0.8660254037844387,0.0,22.1836792,20.5272158,0.0
2020-06-07 02:15:00,0.5555702330196022,0.8314696123025452,0.0,22.071877,20.389953666666667,0.0
2020-06-07 02:30:00,0.6087614290087207,0.7933533402912352,0.0,22.029390266666667,20.386875133333337,0.0
2020-06-07 02:45:00,0.6593458151000688,0.7518398074789774,0.0,21.9825462,20.358048333333333,0.0
2020-06-07 03:00:00,0.7071067811865476,0.7071067811865476,0.0,21.9359068,20.357409733333327,0.0
2020-06-07 03:15:00,0.7518398074789773,0.659345815100069,0.0,21.953224666666664,20.305244866666676,0.0
2020-06-07 03:30:00,0.7933533402912352,0.6087614290087207,0.0,21.89431971428571,20.10399957142857,0.0
2020-06-07 03:45:00,0.8314696123025452,0.5555702330196023,0.0,21.831136,20.094527266666667,0.0
2020-06-07 04:00:00,0.8660254037844386,0.5000000000000001,0.0,21.918208866666667,20.265173333333333,0.0
2020-06-07 04:15:00,0.8968727415326884,0.44228869021900125,0.0,21.9437256,20.334055600000003,0.0
2020-06-07 04:30:00,0.9238795325112867,0.38268343236508984,0.0,21.946582066666668,20.434261,0.0
2020-06-07 04:45:00,0.9469301294951057,0.3214394653031615,0.0,21.94075313333333,20.4068746,0.0
2020-06-07 05:00:00,0.9659258262890683,0.25881904510252074,0.0,21.97220246666667,20.491691,0.0
2020-06-07 05:15:00,0.9807852804032304,0.19509032201612833,0.0,22.067002399999996,20.666540466666667,0.0
2020-06-07 05:30:00,0.9914448613738104,0.1305261922200517,0.0,22.19018973333333,20.891292133333334,0.0
2020-06-07 05:45:00,0.9978589232386035,0.06540312923014305,0.0002446326267021,22.18672828571429,20.98682278571429,0.0
2020-06-07 06:00:00,1.0,6.123233995736766e-17,0.007116943319999901,22.086163266666663,20.94403673333333,1328.58928571
2020-06-07 06:15:00,0.9978589232386035,-0.06540312923014292,0.0289893672,22.0659282,21.123944133333328,8796.5357143
2020-06-07 06:30:00,0.9914448613738105,-0.13052619222005138,0.0563336587333333,22.062723666666667,21.586832733333328,17416.2321429
2020-06-07 06:45:00,0.9807852804032305,-0.19509032201612797,0.10721393559999991,22.173250333333336,22.970973666666666,32486.517857
2020-06-07 07:00:00,0.9659258262890683,-0.25881904510252085,0.1285492849999999,22.4537842,25.09706033333333,38716.285711
2020-06-07 07:15:00,0.9469301294951057,-0.3214394653031616,0.1265910513333333,22.4785766,25.566410266666665,40661.821428
2020-06-07 07:30:00,0.9238795325112867,-0.3826834323650897,0.1389610499999999,22.61050626666667,26.383687266666666,45322.857142
2020-06-07 07:45:00,0.8968727415326884,-0.44228869021900113,0.1693729433333333,22.6054098,27.0571594,55007.839285
2020-06-07 08:00:00,0.8660254037844387,-0.4999999999999998,0.2271388021428571,22.874956357142857,28.931237142857142,74230.94643
2020-06-07 08:15:00,0.8314696123025451,-0.5555702330196023,0.2377031446666667,23.19970913333333,30.617470133333327,77860.821428
2020-06-07 08:30:00,0.7933533402912352,-0.6087614290087207,0.2436291773333333,23.165612733333333,30.432143066666672,79503.25000100001
2020-06-07 08:45:00,0.7518398074789774,-0.6593458151000688,0.3413168086666666,23.40423586666667,31.958345733333328,110159.517857
2020-06-07 09:00:00,0.7071067811865476,-0.7071067811865475,0.6309158766666667,23.9829488,38.8167622,202221.678573
2020-06-07 09:15:00,0.6593458151000686,-0.7518398074789776,0.5920114606666667,24.389473466666665,42.34455979999999,184292.874999
2020-06-07 09:30:00,0.6087614290087204,-0.7933533402912353,0.47485436333333325,24.661753399999995,42.03903773333332,152519.160714
2020-06-07 09:45:00,0.5555702330196022,-0.8314696123025453,0.4301018386666666,24.460260066666663,38.327647133333336,136199.857142
2020-06-07 10:00:00,0.49999999999999994,-0.8660254037844387,0.4554531606666666,24.88059273333333,39.5672728,147079.482145
2020-06-07 10:15:00,0.4422886902190013,-0.8968727415326883,0.537035125,25.090109714285713,39.83215985714286,171416.053572
2020-06-07 10:30:00,0.3826834323650899,-0.9238795325112867,0.6541739533333331,25.68664953333333,43.83857633333333,211331.089285
2020-06-07 10:45:00,0.32143946530316175,-0.9469301294951056,1.0379223366666668,26.655895933333337,52.52440386666667,287642.82143
2020-06-07 11:00:00,0.258819045102521,-0.9659258262890682,0.8485740693333333,27.07584413333333,53.64908433333333,251659.67857
2020-06-07 11:15:00,0.19509032201612816,-0.9807852804032304,1.093312369333333,27.4672506,58.26817826666667,297395.28571
2020-06-07 11:30:00,0.13052619222005157,-0.9914448613738104,0.8559252060000001,27.859381199999998,57.1712628,255639.39286
2020-06-07 11:45:00,0.06540312923014312,-0.9978589232386035,0.8263966746666666,27.785030000000003,53.523362333333345,244257.14284
2020-06-07 12:00:00,1.2246467991473532e-16,-1.0,1.017537535,28.042243,56.312655,288753.03572
2020-06-07 12:15:00,-0.06540312923014287,-0.9978589232386035,1.0242290946666668,28.7483338,59.98777086666667,254458.17857699998
2020-06-07 12:30:00,-0.13052619222005132,-0.9914448613738105,1.00650392,28.884908,59.14914326666666,236053.64286
2020-06-07 12:45:00,-0.19509032201612792,-0.9807852804032305,0.9985397593333332,29.446805799999996,57.7418068,216342.749986
2020-06-07 13:00:00,-0.25881904510252035,-0.9659258262890684,0.9434325606666668,30.082822666666665,56.895084533333346,202254.80357
2020-06-07 13:15:00,-0.3214394653031611,-0.9469301294951058,0.954714792,30.003688533333328,56.585726,203338.85713
2020-06-07 13:30:00,-0.3826834323650892,-0.923879532511287,0.8324597433333332,29.890330000000002,55.8342632,178954.125001
2020-06-07 13:45:00,-0.44228869021900147,-0.8968727415326883,0.5917694113333333,29.95188586666666,49.84045633333334,126293.803571
2020-06-07 14:00:00,-0.5000000000000001,-0.8660254037844386,0.7634629593333334,29.934474666666667,48.04330459999999,209657.928568
2020-06-07 14:15:00,-0.5555702330196023,-0.8314696123025452,0.6577993407142857,30.526469571428564,52.11067421428572,187727.64285899999
2020-06-07 14:30:00,-0.6087614290087207,-0.7933533402912352,0.5078556253333332,30.276324400000007,46.78619793333333,154606.321427
2020-06-07 14:45:00,-0.6593458151000688,-0.7518398074789774,0.3273317526666667,29.847798466666667,42.69290366666666,99299.3928564
2020-06-07 15:00:00,-0.7071067811865475,-0.7071067811865477,0.62916335,30.049153666666665,45.10961906666667,201447.857144
2020-06-07 15:15:00,-0.7518398074789773,-0.6593458151000691,0.493897726,30.311199866666666,45.478786266666674,153825.821428
2020-06-07 15:30:00,-0.7933533402912349,-0.6087614290087209,0.5565673573333334,30.262573266666667,45.12008893333333,172906.946428
2020-06-07 15:45:00,-0.8314696123025448,-0.555570233019603,0.4599821506666666,30.42411086666667,46.23066786666667,139874.910714
2020-06-07 16:00:00,-0.8660254037844385,-0.5000000000000004,0.5092201013333332,30.241656666666668,42.94891766666666,160844.857143
2020-06-07 16:15:00,-0.8968727415326883,-0.44228869021900136,0.45487981285714274,30.361437285714285,42.96282521428572,134304.071429
2020-06-07 16:30:00,-0.9238795325112868,-0.3826834323650895,0.263809032,29.817266800000002,39.14588853333333,76102.910714
2020-06-07 16:45:00,-0.9469301294951056,-0.3214394653031618,0.3538028446666666,29.1737934,37.11314493333333,111607.928571
2020-06-07 17:00:00,-0.9659258262890683,-0.25881904510252063,0.2442546013333333,28.93917013333333,36.249540200000006,73527.857142
2020-06-07 17:15:00,-0.9807852804032303,-0.19509032201612866,0.2501518,28.74334113333333,34.1222822,74857.767857
2020-06-07 17:30:00,-0.9914448613738104,-0.13052619222005163,0.1567773945333333,28.263501133333328,32.293276,47777.892857
2020-06-07 17:45:00,-0.9978589232386035,-0.06540312923014362,0.0808109167333333,27.518345000000007,29.254244000000003,25891.142859
2020-06-07 18:00:00,-1.0,-1.8369701987210297e-16,0.04596917006666659,26.890378866666666,27.107940666666664,14620.6071429
2020-06-07 18:15:00,-0.9978589232386036,0.06540312923014237,0.02162753825,26.388253500000005,25.75343757142857,6636.1785715
2020-06-07 18:30:00,-0.9914448613738104,0.13052619222005213,0.0059234326933333,25.811604733333333,24.302943866666666,1331.19642856
2020-06-07 18:45:00,-0.9807852804032304,0.1950903220161283,6.189576866666667e-05,25.57590346666667,23.573683599999995,0.0
2020-06-07 19:00:00,-0.9659258262890682,0.25881904510252113,0.0,25.268251466666666,23.117767266666668,0.0
2020-06-07 19:15:00,-0.9469301294951057,0.3214394653031615,0.0,24.971708133333333,22.590867266666667,0.0
2020-06-07 19:30:00,-0.9238795325112866,0.38268343236509,0.0,24.6788004,22.31903893333333,0.0
2020-06-07 19:45:00,-0.8968727415326884,0.442288690219001,0.0,24.43683873333333,22.21263826666667,0.0
2020-06-07 20:00:00,-0.8660254037844386,0.5000000000000001,0.0,24.214486357142857,22.019662,0.0
2020-06-07 20:15:00,-0.8314696123025455,0.5555702330196018,0.0,24.0908446,22.044309533333337,0.0
2020-06-07 20:30:00,-0.7933533402912352,0.6087614290087205,0.0,24.030011066666667,22.1147014,0.0
2020-06-07 20:45:00,-0.7518398074789777,0.6593458151000684,0.0,23.948044733333337,22.21106766666667,0.0
2020-06-07 21:00:00,-0.7071067811865477,0.7071067811865474,0.0,23.908459466666667,22.34423213333333,0.0
2020-06-07 21:15:00,-0.6593458151000687,0.7518398074789775,0.0,23.7859924,22.157234666666668,0.0
2020-06-07 21:30:00,-0.608761429008721,0.7933533402912349,0.0,23.628920533333336,22.05108853333333,0.0
2020-06-07 21:45:00,-0.5555702330196022,0.8314696123025452,0.0,23.4653096,21.887560933333337,0.0
2020-06-07 22:00:00,-0.5000000000000004,0.8660254037844384,0.0,23.3559875,21.672494,0.0
2020-06-07 22:15:00,-0.4422886902190014,0.8968727415326883,0.0,23.23333333333333,21.3967896,0.0
2020-06-07 22:30:00,-0.38268343236508956,0.9238795325112868,0.0,23.10634146666667,21.14976193333333,0.0
2020-06-07 22:45:00,-0.32143946530316186,0.9469301294951056,0.0,23.106390333333334,21.290132733333333,0.0
2020-06-07 23:00:00,-0.2588190451025207,0.9659258262890683,0.0,23.136674066666668,21.55108446666667,0.0
2020-06-07 23:15:00,-0.19509032201612872,0.9807852804032303,0.0,23.212194733333337,21.89227706666667,0.0
2020-06-07 23:30:00,-0.13052619222005168,0.9914448613738104,0.0,23.321769133333337,22.1704956,0.0
2020-06-07 23:45:00,-0.06540312923014367,0.9978589232386035,0.0,23.338594466666667,22.251352866666664,0.0
2020-06-08 00:00:00,0.0,1.0,0.0,23.31643,22.217734214285716,0.0
2020-06-08 00:15:00,0.06540312923014306,0.9978589232386035,0.0,23.257477,22.07641986666667,0.0
2020-06-08 00:30:00,0.13052619222005157,0.9914448613738104,0.0,23.057411733333332,21.816440933333336,0.0
2020-06-08 00:45:00,0.19509032201612825,0.9807852804032304,0.0,22.822715266666663,21.3458352,0.0
2020-06-08 01:00:00,0.25881904510252074,0.9659258262890683,0.0,22.663851,20.767582200000003,0.0
2020-06-08 01:15:00,0.3214394653031616,0.9469301294951057,0.0,22.5861776,20.7061768,0.0
2020-06-08 01:30:00,0.3826834323650898,0.9238795325112867,0.0,22.593149866666668,21.09493413333333,0.0
2020-06-08 01:45:00,0.4422886902190013,0.8968727415326883,0.0,22.584224142857146,21.25341378571429,0.0
2020-06-08 02:00:00,0.49999999999999994,0.8660254037844387,0.0,22.550337733333336,21.27018826666666,0.0
2020-06-08 02:15:00,0.5555702330196022,0.8314696123025452,0.0,22.486499,21.208319133333337,0.0
2020-06-08 02:30:00,0.6087614290087207,0.7933533402912352,0.0,22.406974266666666,21.0984478,0.0
2020-06-08 02:45:00,0.6593458151000688,0.7518398074789774,0.0,22.321024533333333,21.0637756,0.0
2020-06-08 03:00:00,0.7071067811865476,0.7071067811865476,0.0,22.250909466666663,21.1413372,0.0
2020-06-08 03:15:00,0.7518398074789773,0.659345815100069,0.0,22.15685633333333,21.056901000000003,0.0
2020-06-08 03:30:00,0.7933533402912352,0.6087614290087207,0.0,22.115911933333336,20.916247533333333,0.0
2020-06-08 03:45:00,0.8314696123025452,0.5555702330196023,0.0,22.099921214285715,20.814019357142858,0.0
2020-06-08 04:00:00,0.8660254037844386,0.5000000000000001,0.0,22.113940533333327,20.84771533333333,0.0
2020-06-08 04:15:00,0.8968727415326884,0.44228869021900125,0.0,22.091783785714288,20.774348642857145,0.0
2020-06-08 04:30:00,0.9238795325112867,0.38268343236508984,0.0,21.984562066666665,20.695650066666666,0.0
2020-06-08 04:45:00,0.9469301294951057,0.3214394653031615,0.0,21.846445666666664,20.4833924,0.0
2020-06-08 05:00:00,0.9659258262890683,0.25881904510252074,0.0,21.70021153333333,20.267336066666665,0.0
2020-06-08 05:15:00,0.9807852804032304,0.19509032201612833,0.0,21.57822073333333,20.21853233333333,0.0
2020-06-08 05:30:00,0.9914448613738104,0.1305261922200517,0.0,21.538749066666668,20.1673342,0.0
2020-06-08 05:45:00,0.9978589232386035,0.06540312923014305,0.0010356957873333,21.5162558,20.20396513333333,0.0
2020-06-08 06:00:00,1.0,6.123233995736766e-17,0.0094697153714285,21.456706357142856,20.32755842857143,2240.16071436
2020-06-08 06:15:00,0.9978589232386035,-0.06540312923014292,0.030646446399999902,21.47708533333333,20.763635333333333,9909.2678571
2020-06-08 06:30:00,0.9914448613738105,-0.13052619222005138,0.0579955505333333,21.680248933333328,21.65212806666667,18557.1785715
2020-06-08 06:45:00,0.9807852804032305,-0.19509032201612797,0.0781386402,21.8746846,22.385380200000004,24334.107143
2020-06-08 07:00:00,0.9659258262890683,-0.25881904510252085,0.1196465384666666,22.075207466666665,23.212565,34055.642858
2020-06-08 07:15:00,0.9469301294951057,-0.3214394653031616,0.1471483106666666,22.4391438,25.193231133333327,42460.232143
2020-06-08 07:30:00,0.9238795325112867,-0.3826834323650897,0.18606802999999997,22.7113486,26.3737446,54023.428572
2020-06-08 07:45:00,0.8968727415326884,-0.44228869021900113,0.2930392133333333,23.1475484,30.10846553333333,85853.482143
2020-06-08 08:00:00,0.8660254037844387,-0.4999999999999998,0.3029486386666666,23.706215533333328,33.3340642,90897.696429
2020-06-08 08:15:00,0.8314696123025451,-0.5555702330196023,0.2416248742857143,23.957190357142853,33.04921178571428,73041.339285
2020-06-08 08:30:00,0.7933533402912352,-0.6087614290087207,0.3876267686666667,24.36926893333333,33.90226446666667,119955.69643
2020-06-08 08:45:00,0.7518398074789774,-0.6593458151000688,0.519743282,24.83987853333333,40.04876733333333,159208.446429
2020-06-08 09:00:00,0.7071067811865476,-0.7071067811865475,0.48673054666666665,25.66906733333333,41.449745733333344,149134.767858
2020-06-08 09:15:00,0.6593458151000686,-0.7518398074789776,0.6613730869230768,26.136962769230767,42.4293093076923,205203.45
2020-06-08 09:30:00,0.6087614290087204,-0.7933533402912353,0.8462327415384615,26.860954846153845,51.02621476923077,246240.714277
2020-06-08 09:45:00,0.5555702330196022,-0.8314696123025453,0.8597301164285714,27.848698214285715,52.77142364285714,250850.29167
2020-06-08 10:00:00,0.49999999999999994,-0.8660254037844387,0.9226384173333332,27.872908600000002,53.675834,267452.32143
2020-06-08 10:15:00,0.4422886902190013,-0.8968727415326883,0.7926809900000001,28.32269292857143,53.27306899999999,237521.82144
2020-06-08 10:30:00,0.3826834323650899,-0.9238795325112867,0.890231224,28.07024346666667,50.6694276,252739.464271
2020-06-08 10:45:00,0.32143946530316175,-0.9469301294951056,0.8419270273333335,28.47955526666666,50.63910959999999,252120.60714
2020-06-08 11:00:00,0.258819045102521,-0.9659258262890682,0.8870374373333333,28.487312733333336,52.2207926,261569.80357
2020-06-08 11:15:00,0.19509032201612816,-0.9807852804032304,0.8209725893333334,28.84575786666666,51.12463166666668,246354.33929
2020-06-08 11:30:00,0.13052619222005157,-0.9914448613738104,0.7561285946666666,28.81794433333333,49.034071866666665,225426.589279
2020-06-08 11:45:00,0.06540312923014312,-0.9978589232386035,0.7681858726666667,28.96788953333333,48.280428066666666,227722.482148
2020-06-08 12:00:00,1.2246467991473532e-16,-1.0,0.7595703319999999,28.983550933333333,47.150412800000005,224724.660709
2020-06-08 12:15:00,-0.06540312923014287,-0.9978589232386035,0.6268856413333332,29.0513102,46.425813733333335,193844.803574
2020-06-08 12:30:00,-0.13052619222005132,-0.9914448613738105,0.8942029785714286,29.023849428571427,47.740523928571434,258515.17857
2020-06-08 12:45:00,-0.19509032201612792,-0.9807852804032305,0.5889013319999999,29.558496133333332,48.52688860000001,169242.732142
2020-06-08 13:00:00,-0.25881904510252035,-0.9659258262890684,0.7446046793333331,29.653950933333327,48.48736386666666,213213.928575
2020-06-08 13:15:00,-0.3214394653031611,-0.9469301294951058,0.7097949053333333,30.076267400000003,53.772593133333324,195440.517858
2020-06-08 13:30:00,-0.3826834323650892,-0.923879532511287,0.6660282526666667,29.864121533333336,48.110203000000006,177761.607143
2020-06-08 13:45:00,-0.44228869021900147,-0.8968727415326883,0.8238694766666665,30.20090306666667,51.81301866666666,219581.285706
2020-06-08 14:00:00,-0.5000000000000001,-0.8660254037844386,0.7729503573333332,30.39099113333333,53.7158892,218756.928572
2020-06-08 14:15:00,-0.5555702330196023,-0.8314696123025452,0.8049972373333332,30.42245486666667,51.15997893333333,230892.732146
2020-06-08 14:30:00,-0.6087614290087207,-0.7933533402912352,0.7918533413333332,30.952803599999996,53.510760266666665,243628.46429
2020-06-08 14:45:00,-0.6593458151000688,-0.7518398074789774,0.6676724242857142,30.929628642857143,52.425423499999994,211796.232142
2020-06-08 15:00:00,-0.7071067811865475,-0.7071067811865477,0.7478432246666666,30.896520866666663,49.935856199999996,218279.428579
2020-06-08 15:15:00,-0.7518398074789773,-0.6593458151000691,0.7102237526666668,31.104663000000002,49.31515293333334,204789.535714
2020-06-08 15:30:00,-0.7933533402912349,-0.6087614290087209,0.46967808466666666,30.64887906666667,45.644804066666666,151651.946427
2020-06-08 15:45:00,-0.8314696123025448,-0.555570233019603,0.4645947773333333,30.492716666666663,44.21325053333334,157131.321429
2020-06-08 16:00:00,-0.8660254037844385,-0.5000000000000004,0.3384765497333333,30.052744399999998,42.11031486666668,105533.857143
2020-06-08 16:15:00,-0.8968727415326883,-0.44228869021900136,0.250397254,29.425960266666667,36.528108333333336,74117.946428
2020-06-08 16:30:00,-0.9238795325112868,-0.3826834323650895,0.38331860400000006,28.0150064,35.23329273333334,120259.071428
2020-06-08 16:45:00,-0.9469301294951056,-0.3214394653031618,0.388584996,28.595495666666668,38.5366638,119533.428571
2020-06-08 17:00:00,-0.9659258262890683,-0.25881904510252063,0.2491690678571428,28.98937985714286,37.32118635714286,72443.946429
2020-06-08 17:15:00,-0.9807852804032303,-0.19509032201612866,0.174294533,28.750807800000004,33.324613199999995,51089.142857
2020-06-08 17:30:00,-0.9914448613738104,-0.13052619222005163,0.154667054,28.5177898,31.437489733333333,42752.999998
2020-06-08 17:45:00,-0.9978589232386035,-0.06540312923014362,0.1064024638666666,28.333721866666668,30.3950194,27943.053572
2020-06-08 18:00:00,-1.0,-1.8369701987210297e-16,0.0711483807333333,27.901861600000004,28.519918000000004,17814.8928571
2020-06-08 18:15:00,-0.9978589232386036,0.06540312923014237,0.0355560784666666,27.30453093333334,26.9788308,9856.6964285
2020-06-08 18:30:00,-0.9914448613738104,0.13052619222005213,0.00998024594,26.836218333333328,25.515785533333336,2645.3928572
2020-06-08 18:45:00,-0.9807852804032304,0.1950903220161283,0.0008603421582,26.47040006666667,24.559830733333328,0.0
2020-06-08 19:00:00,-0.9659258262890682,0.25881904510252113,0.0,25.997342933333325,23.866920933333333,0.0
2020-06-08 19:15:00,-0.9469301294951057,0.3214394653031615,0.0,25.64765271428572,23.230061,0.0
2020-06-08 19:30:00,-0.9238795325112866,0.38268343236509,0.0,25.331020066666667,22.70933033333333,0.0
2020-06-08 19:45:00,-0.8968727415326884,0.442288690219001,0.0,25.03207186666667,22.2262248,0.0
2020-06-08 20:00:00,-0.8660254037844386,0.5000000000000001,0.0,24.800703866666666,21.85834973333333,0.0
2020-06-08 20:15:00,-0.8314696123025455,0.5555702330196018,0.0,24.52436940000001,21.2573832,0.0
2020-06-08 20:30:00,-0.7933533402912352,0.6087614290087205,0.0,24.091544666666664,20.82428393333333,0.0
2020-06-08 20:45:00,-0.7518398074789777,0.6593458151000684,0.0,23.88492833333333,20.60881153333333,0.0
2020-06-08 21:00:00,-0.7071067811865477,0.7071067811865474,0.0,23.782458333333338,20.775785200000005,0.0
2020-06-08 21:15:00,-0.6593458151000687,0.7518398074789775,0.0,23.71181633333333,20.849894133333333,0.0
2020-06-08 21:30:00,-0.608761429008721,0.7933533402912349,0.0,23.427514142857145,20.46247421428572,0.0
2020-06-08 21:45:00,-0.5555702330196022,0.8314696123025452,0.0,23.135550933333327,20.27771806666667,0.0
2020-06-08 22:00:00,-0.5000000000000004,0.8660254037844384,0.0,23.16300233333333,20.393292266666663,0.0
2020-06-08 22:15:00,-0.4422886902190014,0.8968727415326883,0.0,23.182796133333337,20.5698486,0.0
2020-06-08 22:30:00,-0.38268343236508956,0.9238795325112868,0.0,23.24828273333333,20.992332,0.0
2020-06-08 22:45:00,-0.32143946530316186,0.9469301294951056,0.0,23.1708048,21.03197846666667,0.0
2020-06-08 23:00:00,-0.2588190451025207,0.9659258262890683,0.0,23.1155682,20.764007666666664,0.0
2020-06-08 23:15:00,-0.19509032201612872,0.9807852804032303,0.0,22.929185,20.342742933333334,0.0
2020-06-08 23:30:00,-0.13052619222005168,0.9914448613738104,0.0,22.61636746666667,20.058746266666667,0.0
2020-06-08 23:45:00,-0.06540312923014367,0.9978589232386035,0.0,22.369203733333336,19.744277,0.0
2020-06-09 00:00:00,0.0,1.0,0.0,22.394712071428568,19.520928571428573,0.0
2020-06-09 00:15:00,0.06540312923014306,0.9978589232386035,0.0,22.2603392,19.43515213333333,0.0
2020-06-09 00:30:00,0.13052619222005157,0.9914448613738104,0.0,22.07046713333333,19.244576066666664,0.0
2020-06-09 00:45:00,0.19509032201612825,0.9807852804032304,0.0,22.147100866666666,19.34456793333333,0.0
2020-06-09 01:00:00,0.25881904510252074,0.9659258262890683,0.0,22.046030666666667,19.464695133333336,0.0
2020-06-09 01:15:00,0.3214394653031616,0.9469301294951057,0.0,21.911110466666667,19.602132133333328,0.0
2020-06-09 01:30:00,0.3826834323650898,0.9238795325112867,0.0,21.777062866666668,19.580401600000005,0.0
2020-06-09 01:45:00,0.4422886902190013,0.8968727415326883,0.0,21.64939373333333,19.30126753333333,0.0
2020-06-09 02:00:00,0.49999999999999994,0.8660254037844387,0.0,21.49035633333333,18.986755333333328,0.0
2020-06-09 02:15:00,0.5555702330196022,0.8314696123025452,0.0,21.363643,19.02554985714286,0.0
2020-06-09 02:30:00,0.6087614290087207,0.7933533402912352,0.0,21.38877553333333,19.293451,0.0
2020-06-09 02:45:00,0.6593458151000688,0.7518398074789774,0.0,21.4268412,19.4470174,0.0
2020-06-09 03:00:00,0.7071067811865476,0.7071067811865476,0.0,21.33233446666667,19.382389266666667,0.0
2020-06-09 03:15:00,0.7518398074789773,0.659345815100069,0.0,21.3412516,19.418463133333333,0.0
2020-06-09 03:30:00,0.7933533402912352,0.6087614290087207,0.0,21.33793146666667,19.33086346666667,0.0
2020-06-09 03:45:00,0.8314696123025452,0.5555702330196023,0.0,21.24451273333333,19.1137146,0.0
2020-06-09 04:00:00,0.8660254037844386,0.5000000000000001,0.0,21.1673442,19.38418393333333,0.0
2020-06-09 04:15:00,0.8968727415326884,0.44228869021900125,0.0,21.2718855,19.7034935,0.0
2020-06-09 04:30:00,0.9238795325112867,0.38268343236508984,0.0,21.4086548,19.872054066666667,0.0
2020-06-09 04:45:00,0.9469301294951057,0.3214394653031615,0.0,21.372410133333336,19.7928222,0.0
2020-06-09 05:00:00,0.9659258262890683,0.25881904510252074,0.0,21.358131866666668,19.8575724,0.0
2020-06-09 05:15:00,0.9807852804032304,0.19509032201612833,0.0,21.25706573333333,19.69253353333333,0.0
2020-06-09 05:30:00,0.9914448613738104,0.1305261922200517,0.0,21.154750333333336,19.1813436,0.0
2020-06-09 05:45:00,0.9978589232386035,0.06540312923014305,0.0009824882666666,21.082100399999995,18.921358066666667,0.0
2020-06-09 06:00:00,1.0,6.123233995736766e-17,0.012951577526666598,21.290627133333327,19.30538333333333,3535.7142857
2020-06-09 06:15:00,0.9978589232386035,-0.06540312923014292,0.0358883196666666,21.44021593333333,19.8552002,10691.3392855
2020-06-09 06:30:00,0.9914448613738105,-0.13052619222005138,0.057821643428571406,21.67111642857143,20.642885571428568,18583.1071429
2020-06-09 06:45:00,0.9807852804032305,-0.19509032201612797,0.09757679686666659,22.135064666666665,21.531044466666668,31469.142855000002
2020-06-09 07:00:00,0.9659258262890683,-0.25881904510252085,0.20203744933333334,22.7244914,23.876727333333335,49069.517857
2020-06-09 07:15:00,0.9469301294951057,-0.3214394653031616,0.2366774426666666,23.15576373333333,26.169586200000005,58874.75
2020-06-09 07:30:00,0.9238795325112867,-0.3826834323650897,0.23729829066666663,23.59520853333333,28.269993133333333,60386.160714
2020-06-09 07:45:00,0.8968727415326884,-0.44228869021900113,0.1992273946666666,23.671679533333336,28.50362966666667,55292.196428
2020-06-09 08:00:00,0.8660254037844387,-0.4999999999999998,0.4016198786666667,24.25037833333333,33.30309460000001,115604.642857
2020-06-09 08:15:00,0.8314696123025451,-0.5555702330196023,0.4785613493333333,25.004895066666673,39.233233733333336,137029.142857
2020-06-09 08:30:00,0.7933533402912352,-0.6087614290087207,0.5463582793333333,25.744004266666664,41.03405133333333,151945.428572
2020-06-09 08:45:00,0.7518398074789774,-0.6593458151000688,0.5768498564285715,26.306878285714287,42.7021635,167744.446429
2020-06-09 09:00:00,0.7071067811865476,-0.7071067811865475,0.6503182173333333,26.633241666666667,45.43911179999999,189591.57143
2020-06-09 09:15:00,0.6593458151000686,-0.7518398074789776,0.5939330333333332,27.342415399999997,47.41862173333334,178563.089286
2020-06-09 09:30:00,0.6087614290087204,-0.7933533402912353,0.693143726,27.63543293333333,46.078991866666655,194360.857146
2020-06-09 09:45:00,0.5555702330196022,-0.8314696123025453,0.7191839106666666,28.3880454,49.06960486666667,212101.30358
2020-06-09 10:00:00,0.49999999999999994,-0.8660254037844387,0.4062958466666666,27.49400013333333,40.65558086666666,124785.10714200001
2020-06-09 10:15:00,0.4422886902190013,-0.8968727415326883,0.7673879126666666,27.778367,44.30236186666666,217012.357149
2020-06-09 10:30:00,0.3826834323650899,-0.9238795325112867,0.907252704,28.7513204,52.04805313333333,272063.55357
2020-06-09 10:45:00,0.32143946530316175,-0.9469301294951056,0.9500225986666669,29.42598253333333,55.1536072,261122.69643
2020-06-09 11:00:00,0.258819045102521,-0.9659258262890682,0.9401129400000001,29.910441928571423,55.183059642857145,254276.446447
2020-06-09 11:15:00,0.19509032201612816,-0.9807852804032304,0.9227545226666668,30.379095399999997,57.830800333333336,256626.214294
2020-06-09 11:30:00,0.13052619222005157,-0.9914448613738104,0.622338436,29.46948666666667,48.266762,189619.23214100001
2020-06-09 11:45:00,0.06540312923014312,-0.9978589232386035,0.917001178,30.108770733333326,56.50264479999999,264261.5893
2020-06-09 12:00:00,1.2246467991473532e-16,-1.0,0.6967051026666666,30.310453199999998,51.56670146666667,202514.607149
2020-06-09 12:15:00,-0.06540312923014287,-0.9978589232386035,0.6296874326666666,30.598740733333333,51.564969866666665,178488.785715
2020-06-09 12:30:00,-0.13052619222005132,-0.9914448613738105,0.7802876913333333,30.08868206666667,48.752494133333336,231006.500011
2020-06-09 12:45:00,-0.19509032201612792,-0.9807852804032305,0.7895503819999999,30.587752466666675,52.98574466666665,218935.75
2020-06-09 13:00:00,-0.25881904510252035,-0.9659258262890684,0.84871055,30.5386128,54.49439886666665,231780.517869
2020-06-09 13:15:00,-0.3214394653031611,-0.9469301294951058,0.8512261735714286,31.37843957142857,59.80717471428572,231578.00001
2020-06-09 13:30:00,-0.3826834323650892,-0.923879532511287,0.6648343986666667,31.16986893333333,54.52318526666667,206502.089283
2020-06-09 13:45:00,-0.44228869021900147,-0.8968727415326883,0.6735253459999999,31.263549933333334,50.66117940000001,198741.803574
2020-06-09 14:00:00,-0.5000000000000001,-0.8660254037844386,0.43766904399999995,31.3439494,48.17748833333334,134033.982143
2020-06-09 14:15:00,-0.5555702330196023,-0.8314696123025452,0.466744864,30.51236366666667,42.5576074,143309.910714
2020-06-09 14:30:00,-0.6087614290087207,-0.7933533402912352,0.5976702813333334,30.8700052,46.78769106666667,191380.803571
2020-06-09 14:45:00,-0.6593458151000688,-0.7518398074789774,0.5432410099999999,30.576977533333324,44.940977,171476.625002
2020-06-09 15:00:00,-0.7071067811865475,-0.7071067811865477,0.5735764053333332,31.041467333333333,47.85286426666667,181534.714286
2020-06-09 15:15:00,-0.7518398074789773,-0.6593458151000691,0.581595316,30.592580066666667,44.846677466666655,180087.285714
2020-06-09 15:30:00,-0.7933533402912349,-0.6087614290087209,0.6008947264285714,30.38283207142857,44.99036521428571,185542.053573
2020-06-09 15:45:00,-0.8314696123025448,-0.555570233019603,0.5342717266666666,30.2250672,44.1388428,165202.803572
2020-06-09 16:00:00,-0.8660254037844385,-0.5000000000000004,0.46231383000000004,30.180094333333333,42.5790158,140947.625
2020-06-09 16:15:00,-0.8968727415326883,-0.44228869021900136,0.3971458206666666,29.8809834,40.778582533333335,122571.642856
2020-06-09 16:30:00,-0.9238795325112868,-0.3826834323650895,0.3661181566666667,29.8030356,39.41787906666666,113117.553571
2020-06-09 16:45:00,-0.9469301294951056,-0.3214394653031618,0.302090306,29.61870526666667,37.96412553333333,92526.142855
2020-06-09 17:00:00,-0.9659258262890683,-0.25881904510252063,0.2322751866666666,29.1915486,35.55735073333334,70844.089285
2020-06-09 17:15:00,-0.9807852804032303,-0.19509032201612866,0.194773326,28.551151466666667,33.27215386666667,59516.803572000004
2020-06-09 17:30:00,-0.9914448613738104,-0.13052619222005163,0.1512628246666666,28.141567066666667,31.684540000000002,46194.982142
2020-06-09 17:45:00,-0.9978589232386035,-0.06540312923014362,0.1033491631428571,27.744334714285717,30.04228421428571,31438.464285
2020-06-09 18:00:00,-1.0,-1.8369701987210297e-16,0.0619993643333333,27.397143533333328,28.361094066666666,18738.0892858
2020-06-09 18:15:00,-0.9978589232386036,0.06540312923014237,0.03094462,27.1000306,26.8339234,9341.2678572
2020-06-09 18:30:00,-0.9914448613738104,0.13052619222005213,0.0084486021133333,26.634965,25.607216400000002,2046.39285712
2020-06-09 18:45:00,-0.9807852804032304,0.1950903220161283,0.0001658766313333,26.056652733333337,24.466373666666673,0.0
2020-06-09 19:00:00,-0.9659258262890682,0.25881904510252113,0.0,25.74157933333333,23.5481262,0.0
2020-06-09 19:15:00,-0.9469301294951057,0.3214394653031615,0.0,25.408785,23.105635666666664,0.0
2020-06-09 19:30:00,-0.9238795325112866,0.38268343236509,0.0,25.168434733333324,22.873846333333336,0.0
2020-06-09 19:45:00,-0.8968727415326884,0.442288690219001,0.0,25.076212666666667,22.721396933333335,0.0
2020-06-09 20:00:00,-0.8660254037844386,0.5000000000000001,0.0,24.950962571428576,22.476462357142857,0.0
2020-06-09 20:15:00,-0.8314696123025455,0.5555702330196018,0.0,24.670693000000004,22.23764033333333,0.0
2020-06-09 20:30:00,-0.7933533402912352,0.6087614290087205,0.0,24.41775913333333,22.03767506666667,0.0
2020-06-09 20:45:00,-0.7518398074789777,0.6593458151000684,0.0,24.2601236,21.96341146666666,0.0
2020-06-09 21:00:00,-0.7071067811865477,0.7071067811865474,0.0,24.0924174,21.810034266666666,0.0
2020-06-09 21:15:00,-0.6593458151000687,0.7518398074789775,0.0,23.906719933333328,21.5963338,0.0
2020-06-09 21:30:00,-0.608761429008721,0.7933533402912349,0.0,23.705725066666663,21.280470866666665,0.0
2020-06-09 21:45:00,-0.5555702330196022,0.8314696123025452,0.0,23.53315420000001,21.05003653333333,0.0
2020-06-09 22:00:00,-0.5000000000000004,0.8660254037844384,0.0,23.41632073333333,20.97011306666667,0.0
2020-06-09 22:15:00,-0.4422886902190014,0.8968727415326883,0.0,23.200923357142855,20.7300525,0.0
2020-06-09 22:30:00,-0.38268343236508956,0.9238795325112868,0.0,23.082973333333328,20.659122666666665,0.0
2020-06-09 22:45:00,-0.32143946530316186,0.9469301294951056,0.0,22.946915466666667,20.55419913333333,0.0
2020-06-09 23:00:00,-0.2588190451025207,0.9659258262890683,0.0,22.88319513333333,20.490859,0.0
2020-06-09 23:15:00,-0.19509032201612872,0.9807852804032303,0.0,22.89231373333333,20.5713644,0.0
2020-06-09 23:30:00,-0.13052619222005168,0.9914448613738104,0.0,22.8668152,20.661737066666667,0.0
2020-06-09 23:45:00,-0.06540312923014367,0.9978589232386035,0.0,22.825907333333337,20.686539866666667,0.0
2020-06-10 00:00:00,0.0,1.0,0.0,22.8427876,20.7872398,0.0
2020-06-10 00:15:00,0.06540312923014306,0.9978589232386035,0.0,22.775156466666665,20.82377526666667,0.0
2020-06-10 00:30:00,0.13052619222005157,0.9914448613738104,0.0,22.709958785714285,20.85670028571428,0.0
2020-06-10 00:45:00,0.19509032201612825,0.9807852804032304,0.0,22.7072754,20.97303453333333,0.0
2020-06-10 01:00:00,0.25881904510252074,0.9659258262890683,0.0,22.628609266666665,20.859824600000003,0.0
2020-06-10 01:15:00,0.3214394653031616,0.9469301294951057,0.0,22.56594833333333,20.73139866666667,0.0
2020-06-10 01:30:00,0.3826834323650898,0.9238795325112867,0.0,22.507914333333336,20.614268066666664,0.0
2020-06-10 01:45:00,0.4422886902190013,0.8968727415326883,0.0,22.3333334,20.51122013333333,0.0
2020-06-10 02:00:00,0.49999999999999994,0.8660254037844387,0.0,22.2797972,20.55592453333333,0.0
2020-06-10 02:15:00,0.5555702330196022,0.8314696123025452,0.0,22.323323733333336,20.62407426666667,0.0
2020-06-10 02:30:00,0.6087614290087207,0.7933533402912352,0.0,22.42767333333333,20.7307984,0.0
2020-06-10 02:45:00,0.6593458151000688,0.7518398074789774,0.0,22.395074,20.697845428571423,0.0
2020-06-10 03:00:00,0.7071067811865476,0.7071067811865476,0.0,22.332193866666668,20.47033066666667,0.0
2020-06-10 03:15:00,0.7518398074789773,0.659345815100069,0.0,22.251780066666665,20.1620504,0.0
2020-06-10 03:30:00,0.7933533402912352,0.6087614290087207,0.0,22.111023000000003,19.952040666666665,0.0
2020-06-10 03:45:00,0.8314696123025452,0.5555702330196023,0.0,22.039939333333336,19.941762333333333,0.0
2020-06-10 04:00:00,0.8660254037844386,0.5000000000000001,0.0,21.9428224,19.8509522,0.0
2020-06-10 04:15:00,0.8968727415326884,0.44228869021900125,0.0,21.84420573333333,19.80890100000001,0.0
2020-06-10 04:30:00,0.9238795325112867,0.38268343236508984,0.0,21.8886394,19.82512,0.0
2020-06-10 04:45:00,0.9469301294951057,0.3214394653031615,0.0,21.924647928571428,19.850221714285716,0.0
2020-06-10 05:00:00,0.9659258262890683,0.25881904510252074,0.0,21.943217000000004,19.759975333333333,0.0
2020-06-10 05:15:00,0.9807852804032304,0.19509032201612833,0.0,21.934802266666665,19.634918133333333,0.0
2020-06-10 05:30:00,0.9914448613738104,0.1305261922200517,0.0,21.806713866666662,19.316455,0.0
2020-06-10 05:45:00,0.9978589232386035,0.06540312923014305,0.0002504884802,21.7722168,19.202215400000007,0.0
2020-06-10 06:00:00,1.0,6.123233995736766e-17,0.0090791752333333,21.767089866666662,19.326090533333332,2128.00000004
2020-06-10 06:15:00,0.9978589232386035,-0.06540312923014292,0.0315773199333333,21.83029386666667,19.779553133333337,9459.892857
2020-06-10 06:30:00,0.9914448613738105,-0.13052619222005138,0.0600698337999999,22.186450266666665,20.73989253333333,19100.1071427
2020-06-10 06:45:00,0.9807852804032305,-0.19509032201612797,0.0952975517857143,22.50998785714286,22.357663928571423,29365.928571
2020-06-10 07:00:00,0.9659258262890683,-0.25881904510252085,0.1765047716666666,22.87512186666667,23.57799266666667,44351.410713
2020-06-10 07:15:00,0.9469301294951057,-0.3214394653031616,0.224655888,23.399713266666662,26.0312826,56348.464285
2020-06-10 07:30:00,0.9238795325112867,-0.3826834323650897,0.2815921433333333,23.833986466666662,30.019337866666664,73655.553571
2020-06-10 07:45:00,0.8968727415326884,-0.44228869021900113,0.337822402,24.35052086666667,33.07170006666667,91334.910715
2020-06-10 08:00:00,0.8660254037844387,-0.4999999999999998,0.2994385973333333,24.7890238,35.48205766666666,94401.196429
2020-06-10 08:15:00,0.8314696123025451,-0.5555702330196023,0.20625441266666658,25.026772133333335,33.531537,64861.928572
2020-06-10 08:30:00,0.7933533402912352,-0.6087614290087207,0.2482180333333333,25.16503906666667,32.88677139999999,78516.357145
2020-06-10 08:45:00,0.7518398074789774,-0.6593458151000688,0.47398864,25.693823266666666,36.7325926,144351.142858
2020-06-10 09:00:00,0.7071067811865476,-0.7071067811865475,0.47842251,26.275140333333333,41.8781982,151578.392857
2020-06-10 09:15:00,0.6593458151000686,-0.7518398074789776,0.5869376799999999,26.62600271428571,41.63306128571429,169201.857142
2020-06-10 09:30:00,0.6087614290087204,-0.7933533402912353,0.576820234,27.044360466666664,43.41336893333333,179210.553572
2020-06-10 09:45:00,0.5555702330196022,-0.8314696123025453,0.44743334733333334,27.166434800000005,41.88674519999999,130040.696428
2020-06-10 10:00:00,0.49999999999999994,-0.8660254037844387,0.3198755806666667,26.92045893333333,36.647984066666666,105182.839286
2020-06-10 10:15:00,0.4422886902190013,-0.8968727415326883,0.480099376,27.128527933333327,38.26693913333333,152638.964286
2020-06-10 10:30:00,0.3826834323650899,-0.9238795325112867,0.5104950893333333,27.5968486,42.3875894,150427.089286
2020-06-10 10:45:00,0.32143946530316175,-0.9469301294951056,0.4285554833333334,27.74402266666667,40.183040466666654,129342.75
2020-06-10 11:00:00,0.258819045102521,-0.9659258262890682,0.320387256,27.951820866666665,38.8228558,106168.535714
2020-06-10 11:15:00,0.19509032201612816,-0.9807852804032304,0.601040456,27.866050266666665,39.599638000000006,168623.625
2020-06-10 11:30:00,0.13052619222005157,-0.9914448613738104,0.683142175,28.374143285714283,47.20608521428573,194893.982152
2020-06-10 11:45:00,0.06540312923014312,-0.9978589232386035,0.6853178500000001,28.49903346666667,45.56717713333333,201123.803575
2020-06-10 12:00:00,1.2246467991473532e-16,-1.0,1.0311831480000002,29.79234406666667,53.1358704,291503.85713
2020-06-10 12:15:00,-0.06540312923014287,-0.9978589232386035,0.8690603059999998,30.189037933333328,54.23963426666666,228835.071432
2020-06-10 12:30:00,-0.13052619222005132,-0.9914448613738105,0.8686483159999999,30.080072133333328,53.7302392,267808.94643999997
2020-06-10 12:45:00,-0.19509032201612792,-0.9807852804032305,0.8653040006666667,30.85634553333333,54.68991706666667,253846.48212
2020-06-10 13:00:00,-0.25881904510252035,-0.9659258262890684,0.7052360026666665,30.978605133333335,51.86274186666665,211440.035711
2020-06-10 13:15:00,-0.3214394653031611,-0.9469301294951058,0.5753350319999999,30.685426933333336,46.79792493333333,172381.125
2020-06-10 13:30:00,-0.3826834323650892,-0.923879532511287,0.8527403740000001,31.166330933333327,50.69978426666668,252923.5893
2020-06-10 13:45:00,-0.44228869021900147,-0.8968727415326883,0.6546923735714285,31.30421228571429,51.35374028571428,207197.017862
2020-06-10 14:00:00,-0.5000000000000001,-0.8660254037844386,0.5378590466666667,31.092325933333328,46.04329853333333,158553.196429
2020-06-10 14:15:00,-0.5555702330196023,-0.8314696123025452,0.6801754139999999,31.36198933333333,48.560525000000005,204807.267857
2020-06-10 14:30:00,-0.6087614290087207,-0.7933533402912352,0.444713674,31.511543666666668,48.153831,130074.25000100001
2020-06-10 14:45:00,-0.6593458151000688,-0.7518398074789774,0.0639606361333333,26.491621866666662,29.685520466666663,21468.7321427
2020-06-10 15:00:00,-0.7071067811865475,-0.7071067811865477,0.1306238946666666,23.6877706,23.490259000000005,46592.625
2020-06-10 15:15:00,-0.7518398074789773,-0.6593458151000691,0.2161701353333333,24.0490642,25.863409466666663,76069.892859
2020-06-10 15:30:00,-0.7933533402912349,-0.6087614290087209,0.2919487846666666,25.028104666666664,29.65835566666667,102774.01785599999
2020-06-10 15:45:00,-0.8314696123025448,-0.555570233019603,0.24741127333333332,25.1799176,32.45616233333334,83870.892857
2020-06-10 16:00:00,-0.8660254037844385,-0.5000000000000004,0.2724546621428571,25.529737071428567,33.1866565,91614.892857
2020-06-10 16:15:00,-0.8968727415326883,-0.44228869021900136,0.3537411073333333,26.168872133333334,35.321976600000006,116815.964286
2020-06-10 16:30:00,-0.9238795325112868,-0.3826834323650895,0.24380124866666664,26.560512333333328,35.3695456,76904.482142
2020-06-10 16:45:00,-0.9469301294951056,-0.3214394653031618,0.19328861533333327,26.307415666666667,32.08403093333333,61062.946428
2020-06-10 17:00:00,-0.9659258262890683,-0.25881904510252063,0.1673700179999999,26.023769133333335,30.4908548,53525.482142
2020-06-10 17:15:00,-0.9807852804032303,-0.19509032201612866,0.17003262,26.0763428,30.701261466666665,53977.410715
2020-06-10 17:30:00,-0.9914448613738104,-0.13052619222005163,0.10143316550000002,25.960147199999998,29.5002533,32748.45
2020-06-10 17:45:00,-0.9978589232386035,-0.06540312923014362,0.0826623008571428,25.69048421428572,27.858786357142854,26049.571429
2020-06-10 18:00:00,-1.0,-1.8369701987210297e-16,0.0386987639333333,25.403283666666667,26.13349193333333,12324.7142857
2020-06-10 18:15:00,-0.9978589232386036,0.06540312923014237,0.0091324596666666,25.1838216,24.934887866666667,2560.625
2020-06-10 18:30:00,-0.9914448613738104,0.13052619222005213,0.0013383184030266,25.0308594,24.326002933333328,0.0
2020-06-10 18:45:00,-0.9807852804032304,0.1950903220161283,0.0,24.898394866666663,24.0229962,0.0
2020-06-10 19:00:00,-0.9659258262890682,0.25881904510252113,0.0,24.796325666666664,23.751652,0.0
2020-06-10 19:15:00,-0.9469301294951057,0.3214394653031615,0.0,24.6726442,23.437866333333332,0.0
2020-06-10 19:30:00,-0.9238795325112866,0.38268343236509,0.0,24.490541800000003,22.90063273333333,0.0
2020-06-10 19:45:00,-0.8968727415326884,0.442288690219001,0.0,24.24031921428571,22.724879500000004,0.0
2020-06-10 20:00:00,-0.8660254037844386,0.5000000000000001,0.0,23.8389954,22.53573606666667,0.0
2020-06-10 20:15:00,-0.8314696123025455,0.5555702330196018,0.0,23.097306266666667,21.900569666666662,0.0
2020-06-10 20:30:00,-0.7933533402912352,0.6087614290087205,0.0,22.638631266666664,21.44738153333333,0.0
2020-06-10 20:45:00,-0.7518398074789777,0.6593458151000684,0.0,22.402168866666667,21.304317066666663,0.0
2020-06-10 21:00:00,-0.7071067811865477,0.7071067811865474,0.0,22.29684226666667,21.24188433333333,0.0
2020-06-10 21:15:00,-0.6593458151000687,0.7518398074789775,0.0,22.301875866666663,21.22502233333333,0.0
2020-06-10 21:30:00,-0.608761429008721,0.7933533402912349,0.0,22.351090466666665,21.098295066666672,0.0
2020-06-10 21:45:00,-0.5555702330196022,0.8314696123025452,0.0,22.359759533333328,20.81857506666667,0.0
2020-06-10 22:00:00,-0.5000000000000004,0.8660254037844384,0.0,22.1506266,20.516988066666663,0.0
2020-06-10 22:15:00,-0.4422886902190014,0.8968727415326883,0.0,22.00165442857143,20.468538571428567,0.0
2020-06-10 22:30:00,-0.38268343236508956,0.9238795325112868,0.0,21.997644,20.7359436,0.0
2020-06-10 22:45:00,-0.32143946530316186,0.9469301294951056,0.0,22.014015666666666,20.856579533333335,0.0
2020-06-10 23:00:00,-0.2588190451025207,0.9659258262890683,0.0,22.087756466666665,20.8401488,0.0
2020-06-10 23:15:00,-0.19509032201612872,0.9807852804032303,0.0,22.24785753333333,20.93400873333333,0.0
2020-06-10 23:30:00,-0.13052619222005168,0.9914448613738104,0.0,22.4090638,21.169836533333328,0.0
2020-06-10 23:45:00,-0.06540312923014367,0.9978589232386035,0.0,22.643738066666664,21.613045333333336,0.0
2020-06-11 00:00:00,0.0,1.0,0.0,22.739367733333328,21.784452266666666,0.0
2020-06-11 00:15:00,0.06540312923014306,0.9978589232386035,0.0,22.770773785714287,21.83486957142857,0.0
2020-06-11 00:30:00,0.13052619222005157,0.9914448613738104,0.0,22.346177133333327,21.4652264,0.0
2020-06-11 00:45:00,0.19509032201612825,0.9807852804032304,0.0,22.243847666666667,21.32475,0.0
2020-06-11 01:00:00,0.25881904510252074,0.9659258262890683,0.0,22.373763,21.36869693333333,0.0
2020-06-11 01:15:00,0.3214394653031616,0.9469301294951057,0.0,22.274361200000005,21.019885333333328,0.0
2020-06-11 01:30:00,0.3826834323650898,0.9238795325112867,0.0,22.2262044,20.8927876,0.0
2020-06-11 01:45:00,0.4422886902190013,0.8968727415326883,0.0,22.188857066666667,20.82486373333333,0.0
2020-06-11 02:00:00,0.49999999999999994,0.8660254037844387,0.0,22.104992666666668,20.830979533333338,0.0
2020-06-11 02:15:00,0.5555702330196022,0.8314696123025452,0.0,22.014145733333336,20.67282113333334,0.0
2020-06-11 02:30:00,0.6087614290087207,0.7933533402912352,0.0,21.882257133333333,20.452899066666667,0.0
2020-06-11 02:45:00,0.6593458151000688,0.7518398074789774,0.0,21.722754285714284,20.269165,0.0
2020-06-11 03:00:00,0.7071067811865476,0.7071067811865476,0.0,21.6394612,20.0675924,0.0
2020-06-11 03:15:00,0.7518398074789773,0.659345815100069,0.0,21.511769733333328,19.800008133333336,0.0
2020-06-11 03:30:00,0.7933533402912352,0.6087614290087207,0.0,21.408011866666666,19.59883613333333,0.0
2020-06-11 03:45:00,0.8314696123025452,0.5555702330196023,0.0,21.25261846666667,19.653346666666668,0.0
2020-06-11 04:00:00,0.8660254037844386,0.5000000000000001,0.0,21.17042653333333,19.669116266666663,0.0
2020-06-11 04:15:00,0.8968727415326884,0.44228869021900125,0.0,21.137506066666667,19.666155866666664,0.0
2020-06-11 04:30:00,0.9238795325112867,0.38268343236508984,0.0,21.11148893333333,19.4949688,0.0
2020-06-11 04:45:00,0.9469301294951057,0.3214394653031615,0.0,21.1515158,19.529553,0.0
2020-06-11 05:00:00,0.9659258262890683,0.25881904510252074,0.0,21.679722142857145,19.958999571428567,0.0
2020-06-11 05:15:00,0.9807852804032304,0.19509032201612833,0.0,21.8479166,20.282653666666665,0.0
2020-06-11 05:30:00,0.9914448613738104,0.1305261922200517,0.0,21.764787,20.28937980000001,0.0
2020-06-11 05:45:00,0.9978589232386035,0.06540312923014305,0.0,21.841320666666665,20.434340400000004,0.0
2020-06-11 06:00:00,1.0,6.123233995736766e-17,0.0024945839982,21.80440273333333,20.4181316,0.0
2020-06-11 06:15:00,0.9978589232386035,-0.06540312923014292,0.0115848330599999,21.87074993333333,20.6757548,3295.1964285
2020-06-11 06:30:00,0.9914448613738105,-0.13052619222005138,0.024557107333333304,21.9280518,21.149878,8000.8035713
2020-06-11 06:45:00,0.9807852804032305,-0.19509032201612797,0.0349704387333333,21.8738464,21.782067666666663,11662.2142858
2020-06-11 07:00:00,0.9659258262890683,-0.25881904510252085,0.0519139962857142,22.074057499999995,22.67060192857143,17283.3035715
2020-06-11 07:15:00,0.9469301294951057,-0.3214394653031616,0.0771933347333333,22.155832933333333,23.47511813333334,26441.785714999998
2020-06-11 07:30:00,0.9238795325112867,-0.3826834323650897,0.0940940934,22.33260493333333,24.388740933333327,32344.928572
2020-06-11 07:45:00,0.8968727415326884,-0.44228869021900113,0.1302281486666666,22.53172193333333,25.60861626666667,44391.196428
2020-06-11 08:00:00,0.8660254037844387,-0.4999999999999998,0.1688907413333333,22.849924866666672,27.304630533333327,56867.482143
2020-06-11 08:15:00,0.8314696123025451,-0.5555702330196023,0.1892255126666666,23.1288086,28.704862466666665,63561.000002
2020-06-11 08:30:00,0.7933533402912352,-0.6087614290087207,0.1961367113333333,23.581648799999996,29.4664654,66370.75
2020-06-11 08:45:00,0.7518398074789774,-0.6593458151000688,0.219947506,24.069722533333334,30.364528333333336,74854.57143
2020-06-11 09:00:00,0.7071067811865476,-0.7071067811865475,0.2430901692857142,24.30036257142857,31.44437728571429,83335.875
2020-06-11 09:15:00,0.6593458151000686,-0.7518398074789776,0.2680125333333333,24.295941266666663,32.440757133333335,92008.42857
2020-06-11 09:30:00,0.6087614290087204,-0.7933533402912353,0.286548186,24.426835199999996,33.25334266666667,97882.660715
2020-06-11 09:45:00,0.5555702330196022,-0.8314696123025453,0.30827921,24.623516666666664,34.098657333333335,104898.62500100001
2020-06-11 10:00:00,0.49999999999999994,-0.8660254037844387,0.3341347466666667,24.80515553333333,34.56906553333334,113149.071428
2020-06-11 10:15:00,0.4422886902190013,-0.8968727415326883,0.3664925886666666,25.031361933333333,35.71532393333333,123134.196428
2020-06-11 10:30:00,0.3826834323650899,-0.9238795325112867,0.3750224913333333,25.47613733333333,36.90983686666667,125721.196428
2020-06-11 10:45:00,0.32143946530316175,-0.9469301294951056,0.38853049799999995,25.753749666666668,36.50444326666668,130335.696428
2020-06-11 11:00:00,0.258819045102521,-0.9659258262890682,0.4865309580000001,26.2963116,38.61497386666667,158339.37499799998
2020-06-11 11:15:00,0.19509032201612816,-0.9807852804032304,0.5315657121428571,26.492523071428568,40.41920307142857,171464.625001
2020-06-11 11:30:00,0.13052619222005157,-0.9914448613738104,0.4960136759999999,26.57368573333333,40.655814933333325,161230.392858
2020-06-11 11:45:00,0.06540312923014312,-0.9978589232386035,0.5611673299999999,26.907450200000007,42.12864373333333,181510.267857
2020-06-11 12:00:00,1.2246467991473532e-16,-1.0,0.6383058133333332,27.160009733333325,43.574774533333326,204194.196429
2020-06-11 12:15:00,-0.06540312923014287,-0.9978589232386035,0.6140467053333332,27.469742800000002,43.46879073333333,196331.821428
2020-06-11 12:30:00,-0.13052619222005132,-0.9914448613738105,0.5518808986666666,27.56775306666667,42.5188598,174191.749999
2020-06-11 12:45:00,-0.19509032201612792,-0.9807852804032305,0.384930638,27.667081733333337,39.6965698,127862.375
2020-06-11 13:00:00,-0.25881904510252035,-0.9659258262890684,0.4614137253333333,27.793925066666667,40.65225413333333,148878.142859
2020-06-11 13:15:00,-0.3214394653031611,-0.9469301294951058,0.5024805850000001,27.971642642857145,40.74435871428572,160402.625
2020-06-11 13:30:00,-0.3826834323650892,-0.923879532511287,0.3363512746666666,28.019702266666663,39.3556314,106145.142858
2020-06-11 13:45:00,-0.44228869021900147,-0.8968727415326883,0.4294617333333333,27.88819186666667,37.721638866666666,140998.017857
2020-06-11 14:00:00,-0.5000000000000001,-0.8660254037844386,0.46305255199999995,28.2268556,39.822216533333325,148474.285715
2020-06-11 14:15:00,-0.5555702330196023,-0.8314696123025452,0.6541221086666666,28.65278719999999,42.90342799999999,206915.000003
2020-06-11 14:30:00,-0.6087614290087207,-0.7933533402912352,0.702585196,28.912007533333334,46.4054178,227661.517851
2020-06-11 14:45:00,-0.6593458151000688,-0.7518398074789774,0.4346433879999999,28.54193526666666,42.981264133333326,135841.678571
2020-06-11 15:00:00,-0.7071067811865475,-0.7071067811865477,0.5243561353333333,28.410937533333332,41.019122266666656,162871.767858
2020-06-11 15:15:00,-0.7518398074789773,-0.6593458151000691,0.4330104273333333,28.499876000000004,40.864774533333325,138751.607144
2020-06-11 15:30:00,-0.7933533402912349,-0.6087614290087209,0.5047613450000001,28.5198495,39.834891285714285,157548.928569
2020-06-11 15:45:00,-0.8314696123025448,-0.555570233019603,0.42426690866666666,28.490726733333336,39.98254813333334,139426.303571
2020-06-11 16:00:00,-0.8660254037844385,-0.5000000000000004,0.3353831253333333,28.06665253333334,37.5957134,105724.339286
2020-06-11 16:15:00,-0.8968727415326883,-0.44228869021900136,0.3022549713333332,27.5691588,35.038138866666664,97948.624998
2020-06-11 16:30:00,-0.9238795325112868,-0.3826834323650895,0.2453987326666666,27.460978266666665,33.56361520000001,79283.053571
2020-06-11 16:45:00,-0.9469301294951056,-0.3214394653031618,0.21414669533333328,27.153104600000002,30.6198468,69329.982146
2020-06-11 17:00:00,-0.9659258262890683,-0.25881904510252063,0.163458322,26.86789553333333,27.269881133333328,52606.642858
2020-06-11 17:15:00,-0.9807852804032303,-0.19509032201612866,0.1298209161333333,26.575001999999998,28.584523666666666,41500.857144
2020-06-11 17:30:00,-0.9914448613738104,-0.13052619222005163,0.0971864702,26.332082133333333,27.7955018,31294.0
2020-06-11 17:45:00,-0.9978589232386035,-0.06540312923014362,0.0679638256428571,26.070382142857145,26.87296621428572,21670.8571439
2020-06-11 18:00:00,-1.0,-1.8369701987210297e-16,0.04432217,25.856518466666667,25.910612133333334,13898.0357143
2020-06-11 18:15:00,-0.9978589232386036,0.06540312923014237,0.0214776268,25.545349066666663,24.837803066666662,6553.3928572
2020-06-11 18:30:00,-0.9914448613738104,0.13052619222005213,0.0059466362266665995,25.260909000000005,23.9481894,1289.98214286
2020-06-11 18:45:00,-0.9807852804032304,0.1950903220161283,5.161001586666666e-05,25.032338466666662,23.32562873333333,0.0
2020-06-11 19:00:00,-0.9659258262890682,0.25881904510252113,0.0,24.81229646666667,23.04192926666667,0.0
2020-06-11 19:15:00,-0.9469301294951057,0.3214394653031615,0.0,24.60136713333333,22.8550334,0.0
2020-06-11 19:30:00,-0.9238795325112866,0.38268343236509,0.0,24.368300400000006,22.5817038,0.0
2020-06-11 19:45:00,-0.8968727415326884,0.442288690219001,0.0,24.173594857142856,22.5616825,0.0
2020-06-11 20:00:00,-0.8660254037844386,0.5000000000000001,0.0,24.086429800000005,22.66164153333333,0.0
2020-06-11 20:15:00,-0.8314696123025455,0.5555702330196018,0.0,24.059523533333333,22.747019333333327,0.0
2020-06-11 20:30:00,-0.7933533402912352,0.6087614290087205,0.0,24.018544466666665,22.83385,0.0
2020-06-11 20:45:00,-0.7518398074789777,0.6593458151000684,0.0,23.949184266666666,22.594362466666663,0.0
2020-06-11 21:00:00,-0.7071067811865477,0.7071067811865474,0.0,23.82512006666667,22.368981933333338,0.0
2020-06-11 21:15:00,-0.6593458151000687,0.7518398074789775,0.0,23.73761393333333,22.361889533333333,0.0
2020-06-11 21:30:00,-0.608761429008721,0.7933533402912349,0.0,23.686230533333333,22.271466200000003,0.0
2020-06-11 21:45:00,-0.5555702330196022,0.8314696123025452,0.0,23.684969285714285,22.301834000000003,0.0
2020-06-11 22:00:00,-0.5000000000000004,0.8660254037844384,0.0,23.6376038,22.34254746666667,0.0
2020-06-11 22:15:00,-0.4422886902190014,0.8968727415326883,0.0,23.57180973333333,22.367293333333333,0.0
2020-06-11 22:30:00,-0.38268343236508956,0.9238795325112868,0.0,23.48927,22.27728473333333,0.0
2020-06-11 22:45:00,-0.32143946530316186,0.9469301294951056,0.0,23.41901453333333,22.2010274,0.0
2020-06-11 23:00:00,-0.2588190451025207,0.9659258262890683,0.0,23.328574733333333,21.94969073333333,0.0
2020-06-11 23:15:00,-0.19509032201612872,0.9807852804032303,0.0,23.195113266666677,21.619791733333333,0.0
2020-06-11 23:30:00,-0.13052619222005168,0.9914448613738104,0.0,23.027634733333333,21.0713054,0.0
2020-06-11 23:45:00,-0.06540312923014367,0.9978589232386035,0.0,22.883350857142855,20.635208142857145,0.0
2020-06-12 00:00:00,0.0,1.0,0.0,22.799922733333336,20.528210533333333,0.0
2020-06-12 00:15:00,0.06540312923014306,0.9978589232386035,0.0,22.69196986666667,20.668831466666663,0.0
2020-06-12 00:30:00,0.13052619222005157,0.9914448613738104,0.0,22.757900000000003,21.138439800000004,0.0
2020-06-12 00:45:00,0.19509032201612825,0.9807852804032304,0.0,22.682067866666667,20.969073466666664,0.0
2020-06-12 01:00:00,0.25881904510252074,0.9659258262890683,0.0,22.602435133333337,20.8421712,0.0
2020-06-12 01:15:00,0.3214394653031616,0.9469301294951057,0.0,22.522731466666663,20.5014038,0.0
2020-06-12 01:30:00,0.3826834323650898,0.9238795325112867,0.0,22.480474866666665,20.49038893333333,0.0
2020-06-12 01:45:00,0.4422886902190013,0.8968727415326883,0.0,22.407838933333327,20.556685333333338,0.0
2020-06-12 02:00:00,0.49999999999999994,0.8660254037844387,0.0,22.360552285714288,20.44197957142857,0.0
2020-06-12 02:15:00,0.5555702330196022,0.8314696123025452,0.0,22.22029006666667,19.791581266666668,0.0
2020-06-12 02:30:00,0.6087614290087207,0.7933533402912352,0.0,22.049361200000003,19.63535353333333,0.0
2020-06-12 02:45:00,0.6593458151000688,0.7518398074789774,0.0,21.818412266666662,19.3708762,0.0
2020-06-12 03:00:00,0.7071067811865476,0.7071067811865476,0.0,21.680625333333328,19.39233373333333,0.0
2020-06-12 03:15:00,0.7518398074789773,0.659345815100069,0.0,21.79938153333333,20.0586528,0.0
2020-06-12 03:30:00,0.7933533402912352,0.6087614290087207,0.0,22.14472873333333,20.548067333333336,0.0
2020-06-12 03:45:00,0.8314696123025452,0.5555702330196023,0.0,22.11750466666667,21.4555846,0.0
2020-06-12 04:00:00,0.8660254037844386,0.5000000000000001,0.0,21.33571573333333,20.44492186666667,0.0
2020-06-12 04:15:00,0.8968727415326884,0.44228869021900125,0.0,21.16746521428572,19.544621,0.0
2020-06-12 04:30:00,0.9238795325112867,0.38268343236508984,0.0,21.14945466666667,19.437854,0.0
2020-06-12 04:45:00,0.9469301294951057,0.3214394653031615,0.0,21.176210533333336,19.930458466666664,0.0
2020-06-12 05:00:00,0.9659258262890683,0.25881904510252074,0.0,21.17710573333333,20.062982066666663,0.0
2020-06-12 05:15:00,0.9807852804032304,0.19509032201612833,0.0,21.0787292,20.025736533333337,0.0
2020-06-12 05:30:00,0.9914448613738104,0.1305261922200517,0.0,20.894081466666663,19.889562933333337,0.0
2020-06-12 05:45:00,0.9978589232386035,0.06540312923014305,0.0001221914806666,20.751308333333327,19.813110266666666,0.0
2020-06-12 06:00:00,1.0,6.123233995736766e-17,0.0033814346733333,20.89739573333333,20.124570866666662,0.0
2020-06-12 06:15:00,0.9978589232386035,-0.06540312923014292,0.013324422199999998,21.11287226666667,20.467968733333333,3507.0535715
2020-06-12 06:30:00,0.9914448613738105,-0.13052619222005138,0.0257571987857142,21.31159314285714,20.909787928571426,8024.3214286
2020-06-12 06:45:00,0.9807852804032305,-0.19509032201612797,0.0471279440666666,21.4945944,21.6351522,15296.6071428
2020-06-12 07:00:00,0.9659258262890683,-0.25881904510252085,0.0630958514666666,21.6540956,22.649001066666667,20510.8928572
2020-06-12 07:15:00,0.9469301294951057,-0.3214394653031616,0.0711178362666666,21.774928866666663,23.34076313333333,23371.428571
2020-06-12 07:30:00,0.9238795325112867,-0.3826834323650897,0.0617966885999999,21.926344866666668,23.469942133333333,20556.4999998
2020-06-12 07:45:00,0.8968727415326884,-0.44228869021900113,0.084014334,22.160595666666666,23.656638733333327,28652.303572
2020-06-12 08:00:00,0.8660254037844387,-0.4999999999999998,0.11926268606666658,22.443727666666664,24.818983933333335,39434.571428
2020-06-12 08:15:00,0.8314696123025451,-0.5555702330196023,0.1853613693333333,22.82434493333333,26.831990666666663,61462.25
2020-06-12 08:30:00,0.7933533402912352,-0.6087614290087207,0.20822500533333332,23.0203716,26.0544412,69459.482144
2020-06-12 08:45:00,0.7518398074789774,-0.6593458151000688,0.2725619585714286,23.184509285714288,27.961547642857145,89941.946429
2020-06-12 09:00:00,0.7071067811865476,-0.7071067811865475,0.340201678,23.590940333333336,31.234486866666668,109498.107143
2020-06-12 09:15:00,0.6593458151000686,-0.7518398074789776,0.40678952533333335,23.993477333333328,34.5792848,130918.589286
2020-06-12 09:30:00,0.6087614290087204,-0.7933533402912353,0.35931397,24.37688393333333,35.00016073333333,116940.24999899999
2020-06-12 09:45:00,0.5555702330196022,-0.8314696123025453,0.4422391126666667,24.682629266666662,35.93726406666667,142755.553571
2020-06-12 10:00:00,0.49999999999999994,-0.8660254037844387,0.3904689026666667,24.942492866666665,36.7749714,127271.839286
2020-06-12 10:15:00,0.4422886902190013,-0.8968727415326883,0.50926205,25.262884466666662,37.78594966666667,169544.928571
2020-06-12 10:30:00,0.3826834323650899,-0.9238795325112867,0.5591777066666666,25.46036386666667,37.3852784,180048.44643
2020-06-12 10:45:00,0.32143946530316175,-0.9469301294951056,0.4420255493333332,25.431754533333333,38.33857613333334,147060.214284
2020-06-12 11:00:00,0.258819045102521,-0.9659258262890682,0.3929380471428571,25.35791885714286,35.92258564285714,133632.482143
2020-06-12 11:15:00,0.19509032201612816,-0.9807852804032304,0.5402542266666664,25.700242133333333,36.99481373333333,182849.428571
2020-06-12 11:30:00,0.13052619222005157,-0.9914448613738104,0.6753042113333334,25.79386393333333,40.80645753333332,218689.392862
2020-06-12 11:45:00,0.06540312923014312,-0.9978589232386035,0.6536209333333333,26.294516866666665,43.60148279999999,205136.732142
2020-06-12 12:00:00,1.2246467991473532e-16,-1.0,0.7228255413333333,26.7209514,47.15762106666666,223680.66071
2020-06-12 12:15:00,-0.06540312923014287,-0.9978589232386035,0.507273356,27.061141066666668,45.5239648,160811.571426
2020-06-12 12:30:00,-0.13052619222005132,-0.9914448613738105,0.48396890733333336,27.073685666666663,42.09396553333334,155824.892856
2020-06-12 12:45:00,-0.19509032201612792,-0.9807852804032305,0.544320384,27.122843333333336,40.93966879999999,172727.124999
2020-06-12 13:00:00,-0.25881904510252035,-0.9659258262890684,0.563254726,27.410540933333333,42.2459552,176964.499999
2020-06-12 13:15:00,-0.3214394653031611,-0.9469301294951058,0.5366972139999999,27.47486573333333,42.54781693333334,172236.142856
2020-06-12 13:30:00,-0.3826834323650892,-0.923879532511287,0.576459514,27.546154666666663,42.22754713333333,183226.339288
2020-06-12 13:45:00,-0.44228869021900147,-0.8968727415326883,0.6685085735714286,28.10111792857143,44.812733142857134,210055.357143
2020-06-12 14:00:00,-0.5000000000000001,-0.8660254037844386,0.6257596313333335,28.347310466666666,45.494661266666654,192543.249999
2020-06-12 14:15:00,-0.5555702330196023,-0.8314696123025452,0.5180401986666665,28.47677,43.1335732,162032.249999
2020-06-12 14:30:00,-0.6087614290087207,-0.7933533402912352,0.4465655733333333,28.4605286,40.83483906666668,140525.107143
2020-06-12 14:45:00,-0.6593458151000688,-0.7518398074789774,0.4153775066666666,28.428057933333324,39.44832773333333,131110.017857
2020-06-12 15:00:00,-0.7071067811865475,-0.7071067811865477,0.3964643046666666,28.2338074,38.32697326666667,126128.214288
2020-06-12 15:15:00,-0.7518398074789773,-0.6593458151000691,0.3378309306666666,28.035068666666664,36.771075733333326,107717.660716
2020-06-12 15:30:00,-0.7933533402912349,-0.6087614290087209,0.3998539546666666,27.8538696,36.6129212,127943.196429
2020-06-12 15:45:00,-0.8314696123025448,-0.555570233019603,0.3118431713333333,27.934391200000004,36.66382873333334,100876.75000100001
2020-06-12 16:00:00,-0.8660254037844385,-0.5000000000000004,0.19785812071428574,27.573211642857142,33.399052142857144,63434.357143
2020-06-12 16:15:00,-0.8968727415326883,-0.44228869021900136,0.1830355166666666,27.3096638,31.48711953333333,59864.678572
2020-06-12 16:30:00,-0.9238795325112868,-0.3826834323650895,0.186726818,27.037646333333328,31.166569066666668,60263.267859
2020-06-12 16:45:00,-0.9469301294951056,-0.3214394653031618,0.1810615513333333,26.854547133333337,30.850948000000002,57484.053572
2020-06-12 17:00:00,-0.9659258262890683,-0.25881904510252063,0.1357463066666666,26.6788758,29.970584999999996,42347.767856
2020-06-12 17:15:00,-0.9807852804032303,-0.19509032201612866,0.1273159356666666,26.388924133333333,28.819024733333325,39597.017857
2020-06-12 17:30:00,-0.9914448613738104,-0.13052619222005163,0.1581062406666667,26.4417156,28.935205133333337,47835.517857
2020-06-12 17:45:00,-0.9978589232386035,-0.06540312923014362,0.1159292518,26.462915066666664,28.923132466666665,34379.035713
2020-06-12 18:00:00,-1.0,-1.8369701987210297e-16,0.0596401831333333,26.235536666666665,27.3688028,18212.2500001
2020-06-12 18:15:00,-0.9978589232386036,0.06540312923014237,0.0264554836,25.903623533333334,26.05394893333333,8186.125
2020-06-12 18:30:00,-0.9914448613738104,0.13052619222005213,0.007743942614285699,25.559803357142854,24.90223478571428,1783.48214287
2020-06-12 18:45:00,-0.9807852804032304,0.1950903220161283,0.000143387096,25.32477006666666,24.317897533333333,0.0
2020-06-12 19:00:00,-0.9659258262890682,0.25881904510252113,0.0,24.89977606666667,23.7660442,0.0
2020-06-12 19:15:00,-0.9469301294951057,0.3214394653031615,0.0,24.384317933333328,23.15259813333333,0.0
2020-06-12 19:30:00,-0.9238795325112866,0.38268343236509,0.0,23.99760953333333,22.36348273333333,0.0
2020-06-12 19:45:00,-0.8968727415326884,0.442288690219001,0.0,23.607647666666665,21.81601153333333,0.0
2020-06-12 20:00:00,-0.8660254037844386,0.5000000000000001,0.0,23.3088806,21.7585368,0.0
2020-06-12 20:15:00,-0.8314696123025455,0.5555702330196018,0.0,23.036924333333328,21.592647466666666,0.0
2020-06-12 20:30:00,-0.7933533402912352,0.6087614290087205,0.0,22.773077400000005,21.2763896,0.0
2020-06-12 20:45:00,-0.7518398074789777,0.6593458151000684,0.0,22.748559142857147,21.08551028571429,0.0
2020-06-12 21:00:00,-0.7071067811865477,0.7071067811865474,0.0,22.71641853333333,21.064766599999995,0.0
2020-06-12 21:15:00,-0.6593458151000687,0.7518398074789775,0.0,22.585485866666662,21.05030713333333,0.0
2020-06-12 21:30:00,-0.608761429008721,0.7933533402912349,0.0,22.537847933333328,20.9415284,0.0
2020-06-12 21:45:00,-0.5555702330196022,0.8314696123025452,0.0,22.53233033333333,20.917602666666667,0.0
2020-06-12 22:00:00,-0.5000000000000004,0.8660254037844384,0.0,22.543857733333333,20.942254666666663,0.0
2020-06-12 22:15:00,-0.4422886902190014,0.8968727415326883,0.0,22.565901533333328,20.975079333333333,0.0
2020-06-12 22:30:00,-0.38268343236508956,0.9238795325112868,0.0,22.6292034,21.1653016,0.0
2020-06-12 22:45:00,-0.32143946530316186,0.9469301294951056,0.0,22.599839266666667,21.0623922,0.0
2020-06-12 23:00:00,-0.2588190451025207,0.9659258262890683,0.0,22.504606133333336,20.695809,0.0
2020-06-12 23:15:00,-0.19509032201612872,0.9807852804032303,0.0,22.398563857142857,20.52727628571429,0.0
2020-06-12 23:30:00,-0.13052619222005168,0.9914448613738104,0.0,22.1450378,19.8951722,0.0
2020-06-12 23:45:00,-0.06540312923014367,0.9978589232386035,0.0,21.820540333333334,19.3403564,0.0
2020-06-13 00:00:00,0.0,1.0,0.0,21.771612666666663,19.357529733333337,0.0
2020-06-13 00:15:00,0.06540312923014306,0.9978589232386035,0.0,21.73004566666667,19.504081266666667,0.0
2020-06-13 00:30:00,0.13052619222005157,0.9914448613738104,0.0,21.68706846666667,19.5628032,0.0
2020-06-13 00:45:00,0.19509032201612825,0.9807852804032304,0.0,21.619232066666665,19.559181866666663,0.0
2020-06-13 01:00:00,0.25881904510252074,0.9659258262890683,0.0,21.62596846666667,19.7870584,0.0
2020-06-13 01:15:00,0.3214394653031616,0.9469301294951057,0.0,21.6098348,19.668430666666666,0.0
2020-06-13 01:30:00,0.3826834323650898,0.9238795325112867,0.0,21.69312946666667,19.528464800000005,0.0
2020-06-13 01:45:00,0.4422886902190013,0.8968727415326883,0.0,21.82476585714286,19.508193785714283,0.0
2020-06-13 02:00:00,0.49999999999999994,0.8660254037844387,0.0,21.8943176,19.922452733333337,0.0
2020-06-13 02:15:00,0.5555702330196022,0.8314696123025452,0.0,21.80948073333333,19.62547406666667,0.0
2020-06-13 02:30:00,0.6087614290087207,0.7933533402912352,0.0,21.824768133333333,19.722699,0.0
2020-06-13 02:45:00,0.6593458151000688,0.7518398074789774,0.0,21.762382066666667,19.78051553333333,0.0
2020-06-13 03:00:00,0.7071067811865476,0.7071067811865476,0.0,21.80184526666667,19.9007874,0.0
2020-06-13 03:15:00,0.7518398074789773,0.659345815100069,0.0,21.800122066666667,19.8409138,0.0
2020-06-13 03:30:00,0.7933533402912352,0.6087614290087207,0.0,21.771885066666663,19.845127266666665,0.0
2020-06-13 03:45:00,0.8314696123025452,0.5555702330196023,0.0,21.751633733333332,19.8883016,0.0
2020-06-13 04:00:00,0.8660254037844386,0.5000000000000001,0.0,21.695316785714287,19.801740357142855,0.0
2020-06-13 04:15:00,0.8968727415326884,0.44228869021900125,0.0,21.687630066666667,19.7502948,0.0
2020-06-13 04:30:00,0.9238795325112867,0.38268343236508984,0.0,21.6996928,19.72627573333333,0.0
2020-06-13 04:45:00,0.9469301294951057,0.3214394653031615,0.0,21.70644933333333,19.613462266666662,0.0
2020-06-13 05:00:00,0.9659258262890683,0.25881904510252074,0.0,21.69656973333333,19.487091133333333,0.0
2020-06-13 05:15:00,0.9807852804032304,0.19509032201612833,0.0,21.651534,19.3644714,0.0
2020-06-13 05:30:00,0.9914448613738104,0.1305261922200517,0.0,21.506585666666663,19.00236393333333,0.0
2020-06-13 05:45:00,0.9978589232386035,0.06540312923014305,0.0001515382176666,21.320007266666668,18.526363133333334,0.0
2020-06-13 06:00:00,1.0,6.123233995736766e-17,0.0083566124785714,21.28513,18.491779714285716,2059.85714285
2020-06-13 06:15:00,0.9978589232386035,-0.06540312923014292,0.026603634466666595,21.227468,18.728928533333335,7950.6785714
2020-06-13 06:30:00,0.9914448613738105,-0.13052619222005138,0.0437152266,21.14960933333333,19.30752746666667,13108.0892858
2020-06-13 06:45:00,0.9807852804032305,-0.19509032201612797,0.0749735576,21.4259318,20.3191406,23782.0357141
2020-06-13 07:00:00,0.9659258262890683,-0.25881904510252085,0.161645104,22.15570466666667,22.733018,39451.196428
2020-06-13 07:15:00,0.9469301294951057,-0.3214394653031616,0.2261299179999999,22.832635466666662,26.273624666666663,57982.464285
2020-06-13 07:30:00,0.9238795325112867,-0.3826834323650897,0.27848515,23.55732406666667,29.70549313333333,74035.767857
2020-06-13 07:45:00,0.8968727415326884,-0.44228869021900113,0.3412023106666666,24.221519,32.6289328,94234.089286
2020-06-13 08:00:00,0.8660254037844387,-0.4999999999999998,0.4043418426666667,24.719211799999997,35.47181186666666,114529.499999
2020-06-13 08:15:00,0.8314696123025451,-0.5555702330196023,0.4780336921428571,25.18008221428571,37.9038915,137764.625002
2020-06-13 08:30:00,0.7933533402912352,-0.6087614290087207,0.5138973833333333,25.640753066666665,39.91504320000001,151587.035713
2020-06-13 08:45:00,0.7518398074789774,-0.6593458151000688,0.5205082880000002,26.137734,41.55750153333333,163322.285716
2020-06-13 09:00:00,0.7071067811865476,-0.7071067811865475,0.5899908493333333,26.32546173333333,43.22846253333333,174252.553571
2020-06-13 09:15:00,0.6593458151000686,-0.7518398074789776,0.5980412346666665,26.5877218,43.06868493333333,184518.839287
2020-06-13 09:30:00,0.6087614290087204,-0.7933533402912353,0.6172084186666666,26.939325,44.3578572,177820.232142
2020-06-13 09:45:00,0.5555702330196022,-0.8314696123025453,0.6706322820000001,27.206691533333323,45.463765,191531.946432
2020-06-13 10:00:00,0.49999999999999994,-0.8660254037844387,0.6152538133333332,27.573553600000004,46.448215666666655,196918.499991
2020-06-13 10:15:00,0.4422886902190013,-0.8968727415326883,0.7577599673333335,27.727917533333333,45.92864793333334,226994.142853
2020-06-13 10:30:00,0.3826834323650899,-0.9238795325112867,0.8640566619999999,28.030338733333334,50.452890999999994,254751.26785
2020-06-13 10:45:00,0.32143946530316175,-0.9469301294951056,0.7403816392857142,28.622085714285717,50.498668000000016,239880.464278
2020-06-13 11:00:00,0.258819045102521,-0.9659258262890682,0.8167528573333332,28.605963200000005,49.59524293333333,242519.875005
2020-06-13 11:15:00,0.19509032201612816,-0.9807852804032304,0.9622691533333332,29.197790533333333,52.58810819999999,280880.69643
2020-06-13 11:30:00,0.13052619222005157,-0.9914448613738104,0.8554001073333332,29.45011986666667,53.953094466666656,275000.37501
2020-06-13 11:45:00,0.06540312923014312,-0.9978589232386035,1.0166871813333331,29.604852399999995,54.930332333333325,279940.482144
2020-06-13 12:00:00,1.2246467991473532e-16,-1.0,0.9582277686666664,29.614475599999995,54.57635513333332,285532.60713
2020-06-13 12:15:00,-0.06540312923014287,-0.9978589232386035,0.8893022273333333,29.873128133333328,53.62572206666666,239571.553563
2020-06-13 12:30:00,-0.13052619222005132,-0.9914448613738105,0.8805713933333333,29.44821586666666,51.51982420000001,260659.98214
2020-06-13 12:45:00,-0.19509032201612792,-0.9807852804032305,0.9068482053333331,29.577811800000003,51.76472179999999,269511.98213
2020-06-13 13:00:00,-0.25881904510252035,-0.9659258262890684,0.725001628,30.007157399999997,52.962485799999996,215943.964286
2020-06-13 13:15:00,-0.3214394653031611,-0.9469301294951058,0.6002171826666667,27.568512066666667,40.19833379999999,195601.357145
2020-06-13 13:30:00,-0.3826834323650892,-0.923879532511287,0.5372325964285714,27.409600500000007,43.26149878571428,170580.410714
2020-06-13 13:45:00,-0.44228869021900147,-0.8968727415326883,0.597535766,26.354994666666663,39.2412842,184119.392858
2020-06-13 14:00:00,-0.5000000000000001,-0.8660254037844386,0.8979147206666667,26.66739493333333,44.267293333333335,268892.30358
2020-06-13 14:15:00,-0.5555702330196023,-0.8314696123025452,0.812712094,26.824531933333333,48.23101813333334,245403.48214
2020-06-13 14:30:00,-0.6087614290087207,-0.7933533402912352,0.6269522933333334,26.771419266666665,46.43292826666667,193012.946428
2020-06-13 14:45:00,-0.6593458151000688,-0.7518398074789774,0.7655651646666665,26.828759866666665,46.3600118,231994.982144
2020-06-13 15:00:00,-0.7071067811865475,-0.7071067811865477,0.7337197726666665,27.583284533333337,47.94728993333333,228325.982147
2020-06-13 15:15:00,-0.7518398074789773,-0.6593458151000691,0.7478824706666667,28.077185133333334,46.80665106666666,218391.785718
2020-06-13 15:30:00,-0.7933533402912349,-0.6087614290087209,0.5669934953333333,28.112843800000004,46.23971173333333,167310.125001
2020-06-13 15:45:00,-0.8314696123025448,-0.555570233019603,0.4037250264285714,27.57890557142857,40.546388785714285,127464.232144
2020-06-13 16:00:00,-0.8660254037844385,-0.5000000000000004,0.4595029573333333,27.66269933333333,40.34541599999999,148466.089285
2020-06-13 16:15:00,-0.8968727415326883,-0.44228869021900136,0.2199188633333333,27.509313866666663,37.922645866666656,65477.500001
2020-06-13 16:30:00,-0.9238795325112868,-0.3826834323650895,0.2536736326666666,26.819222133333326,33.402895400000006,82483.19643
2020-06-13 16:45:00,-0.9469301294951056,-0.3214394653031618,0.1492018317333333,26.540883333333337,32.085792999999995,46147.910714
2020-06-13 17:00:00,-0.9659258262890683,-0.25881904510252063,0.1145979226666666,26.300193266666668,29.8108662,36114.892858
2020-06-13 17:15:00,-0.9807852804032303,-0.19509032201612866,0.1254085300666666,26.03677973333333,29.186376866666663,38961.303572
2020-06-13 17:30:00,-0.9914448613738104,-0.13052619222005163,0.0888713367333333,25.93388073333334,28.44586786666666,27298.125001
2020-06-13 17:45:00,-0.9978589232386035,-0.06540312923014362,0.0694941764,25.574387666666663,27.23193773333333,20738.8035714
2020-06-13 18:00:00,-1.0,-1.8369701987210297e-16,0.0459627706428571,25.404423357142857,26.38234157142857,13119.5
2020-06-13 18:15:00,-0.9978589232386036,0.06540312923014237,0.0224368066666666,25.218684800000002,25.28525993333333,6314.6250001
2020-06-13 18:30:00,-0.9914448613738104,0.13052619222005213,0.0072804718466666,24.8120402,23.99075733333333,1520.23214286
2020-06-13 18:45:00,-0.9807852804032304,0.1950903220161283,0.0001250367553333,24.372711266666666,22.6416768,0.0
2020-06-13 19:00:00,-0.9659258262890682,0.25881904510252113,0.0,24.117745,21.8455302,0.0
2020-06-13 19:15:00,-0.9469301294951057,0.3214394653031615,0.0,24.000767066666665,21.948254400000003,0.0
2020-06-13 19:30:00,-0.9238795325112866,0.38268343236509,0.0,23.966170266666676,22.251898266666664,0.0
2020-06-13 19:45:00,-0.8968727415326884,0.442288690219001,0.0,23.87074166666667,22.224393733333336,0.0
2020-06-13 20:00:00,-0.8660254037844386,0.5000000000000001,0.0,23.7636984,21.9795776,0.0
2020-06-13 20:15:00,-0.8314696123025455,0.5555702330196018,0.0,23.71126457142857,22.215547857142855,0.0
2020-06-13 20:30:00,-0.7933533402912352,0.6087614290087205,0.0,23.695373599999996,22.675797466666666,0.0
2020-06-13 20:45:00,-0.7518398074789777,0.6593458151000684,0.0,23.479001866666668,22.0222046,0.0
2020-06-13 21:00:00,-0.7071067811865477,0.7071067811865474,0.0,23.2034668,21.3150636,0.0
2020-06-13 21:15:00,-0.6593458151000687,0.7518398074789775,0.0,23.0506512,21.006146266666665,0.0
2020-06-13 21:30:00,-0.608761429008721,0.7933533402912349,0.0,22.873112066666668,20.6070172,0.0
2020-06-13 21:45:00,-0.5555702330196022,0.8314696123025452,0.0,22.8499696,20.56525273333333,0.0
2020-06-13 22:00:00,-0.5000000000000004,0.8660254037844384,0.0,22.700738533333336,20.3067446,0.0
2020-06-13 22:15:00,-0.4422886902190014,0.8968727415326883,0.0,22.5735414,20.2055216,0.0
2020-06-13 22:30:00,-0.38268343236508956,0.9238795325112868,0.0,22.44969607142857,20.013902785714283,0.0
2020-06-13 22:45:00,-0.32143946530316186,0.9469301294951056,0.0,22.265993133333332,19.826631933333335,0.0
2020-06-13 23:00:00,-0.2588190451025207,0.9659258262890683,0.0,22.2271688,19.828367333333336,0.0
2020-06-13 23:15:00,-0.19509032201612872,0.9807852804032303,0.0,22.3342062,20.330838933333336,0.0
2020-06-13 23:30:00,-0.13052619222005168,0.9914448613738104,0.0,22.237394333333327,20.012465333333328,0.0
2020-06-13 23:45:00,-0.06540312923014367,0.9978589232386035,0.0,22.205029333333336,20.459212133333327,0.0
2020-06-14 00:00:00,0.0,1.0,0.0,22.309425866666672,21.2856466,0.0
2020-06-14 00:15:00,0.06540312923014306,0.9978589232386035,0.0,22.28362820000001,20.812499933333328,0.0
2020-06-14 00:30:00,0.13052619222005157,0.9914448613738104,0.0,22.41726073333333,20.8414306,0.0
2020-06-14 00:45:00,0.19509032201612825,0.9807852804032304,0.0,22.447642785714287,20.77917907142857,0.0
2020-06-14 01:00:00,0.25881904510252074,0.9659258262890683,0.0,22.3396992,20.416589466666668,0.0
2020-06-14 01:15:00,0.3214394653031616,0.9469301294951057,0.0,22.3263162,20.45705973333333,0.0
2020-06-14 01:30:00,0.3826834323650898,0.9238795325112867,0.0,22.5932068,21.25759886666667,0.0
2020-06-14 01:45:00,0.4422886902190013,0.8968727415326883,0.0,22.831146266666664,21.715635266666663,0.0
2020-06-14 02:00:00,0.49999999999999994,0.8660254037844387,0.0,22.801694666666663,21.8035766,0.0
2020-06-14 02:15:00,0.5555702330196022,0.8314696123025452,0.0,22.66150713333333,21.765783666666668,0.0
2020-06-14 02:30:00,0.6087614290087207,0.7933533402912352,0.0,22.49683426666666,21.054260400000004,0.0
2020-06-14 02:45:00,0.6593458151000688,0.7518398074789774,0.0,22.413197866666668,20.7593812,0.0
2020-06-14 03:00:00,0.7071067811865476,0.7071067811865476,0.0,22.301548357142856,20.912530071428574,0.0
2020-06-14 03:15:00,0.7518398074789773,0.659345815100069,0.0,22.193670666666662,20.3701516,0.0
2020-06-14 03:30:00,0.7933533402912352,0.6087614290087207,0.0,22.1761332,20.17767333333333,0.0
2020-06-14 03:45:00,0.8314696123025452,0.5555702330196023,0.0,22.184255066666665,20.324055933333334,0.0
2020-06-14 04:00:00,0.8660254037844386,0.5000000000000001,0.0,22.235868333333336,20.6231182,0.0
2020-06-14 04:15:00,0.8968727415326884,0.44228869021900125,0.0,22.29215506666667,20.591811133333334,0.0
2020-06-14 04:30:00,0.9238795325112867,0.38268343236508984,0.0,22.25429486666667,20.381935666666667,0.0
2020-06-14 04:45:00,0.9469301294951057,0.3214394653031615,0.0,22.1893432,20.356459600000004,0.0
2020-06-14 05:00:00,0.9659258262890683,0.25881904510252074,0.0,22.2997984,20.906852200000003,0.0
2020-06-14 05:15:00,0.9807852804032304,0.19509032201612833,0.0,22.43938771428571,21.318453142857145,0.0
2020-06-14 05:30:00,0.9914448613738104,0.1305261922200517,0.0,22.441363466666665,21.168267866666667,0.0
2020-06-14 05:45:00,0.9978589232386035,0.06540312923014305,0.0005078938726666,22.522914733333334,21.450738666666663,0.0
2020-06-14 06:00:00,1.0,6.123233995736766e-17,0.007115191706666599,22.556378266666663,21.5976542,1066.1607143
2020-06-14 06:15:00,0.9978589232386035,-0.06540312923014292,0.0241719286666666,22.56817026666667,21.94776,7055.7321429
2020-06-14 06:30:00,0.9914448613738105,-0.13052619222005138,0.048766914200000004,22.65616866666667,22.658846066666666,14613.625
2020-06-14 06:45:00,0.9807852804032305,-0.19509032201612797,0.0770268140666666,22.915026866666665,23.98563853333333,23775.874999
2020-06-14 07:00:00,0.9659258262890683,-0.25881904510252085,0.1471822867333333,23.208211133333336,25.604065133333332,43265.892857
2020-06-14 07:15:00,0.9469301294951057,-0.3214394653031616,0.2255217446666666,23.6073304,28.074818866666668,70420.74999899999
2020-06-14 07:30:00,0.9238795325112867,-0.3826834323650897,0.2196392886666666,23.587081,28.0358926,70400.678572
2020-06-14 07:45:00,0.8968727415326884,-0.44228869021900113,0.3072239171428571,23.75348328571429,30.263634785714284,94476.410715
2020-06-14 08:00:00,0.8660254037844387,-0.4999999999999998,0.298065064,23.90954793333333,31.631813666666673,92975.285714
2020-06-14 08:15:00,0.8314696123025451,-0.5555702330196023,0.24473785333333328,23.763501066666667,28.384606933333338,78654.071428
2020-06-14 08:30:00,0.7933533402912352,-0.6087614290087207,0.3353547692857142,23.90183135714286,29.70283092857142,106708.26785799999
2020-06-14 08:45:00,0.7518398074789774,-0.6593458151000688,0.3819702386666666,24.130067933333336,33.0580506,119097.017856
2020-06-14 09:00:00,0.7071067811865476,-0.7071067811865475,0.4278343173333333,24.52345993333333,35.5528282,132657.339286
2020-06-14 09:15:00,0.6593458151000686,-0.7518398074789776,0.5664324566666666,25.09378866666667,38.5421514,178531.553571
2020-06-14 09:30:00,0.6087614290087204,-0.7933533402912353,0.5574083926666665,25.808286599999995,41.24847206666666,176766.321429
2020-06-14 09:45:00,0.5555702330196022,-0.8314696123025453,0.5722872473333334,26.1179402,42.4683164,180728.482143
2020-06-14 10:00:00,0.49999999999999994,-0.8660254037844387,0.5856356821428572,26.35437228571429,43.27517914285714,186527.517857
2020-06-14 10:15:00,0.4422886902190013,-0.8968727415326883,0.5289236226666665,26.09553013333333,40.98323173333333,170646.785715
2020-06-14 10:30:00,0.3826834323650899,-0.9238795325112867,0.7195252226666667,26.36005846666667,38.9274884,232813.392851
2020-06-14 10:45:00,0.32143946530316175,-0.9469301294951056,0.8330450946666667,26.533363733333328,42.528473,251087.73214
2020-06-14 11:00:00,0.258819045102521,-0.9659258262890682,0.6406613233333333,27.081068733333336,47.275213466666656,200341.928574
2020-06-14 11:15:00,0.19509032201612816,-0.9807852804032304,0.6502135673333332,26.948706133333328,43.94926386666666,190305.482146
2020-06-14 11:30:00,0.13052619222005157,-0.9914448613738104,0.6621523706666665,26.847070400000003,46.03145753333334,193259.089287
2020-06-14 11:45:00,0.06540312923014312,-0.9978589232386035,0.4262345726666666,25.92304106666667,38.486489133333336,126677.285715
2020-06-14 12:00:00,1.2246467991473532e-16,-1.0,0.4920235971428571,25.218285714285717,37.81592471428572,148617.839285
2020-06-14 12:15:00,-0.06540312923014287,-0.9978589232386035,0.4727646679999999,24.932560133333325,36.6068582,142175.214285
2020-06-14 12:30:00,-0.13052619222005132,-0.9914448613738105,0.454945416,24.945296133333333,35.61483133333333,138934.964285
2020-06-14 12:45:00,-0.19509032201612792,-0.9807852804032305,0.519268844,25.43106086666666,37.15700086666667,157338.089287
2020-06-14 13:00:00,-0.25881904510252035,-0.9659258262890684,0.5761803393333333,25.37993566666667,34.78068233333334,175030.285714
2020-06-14 13:15:00,-0.3214394653031611,-0.9469301294951058,0.7343688020000001,25.898872933333333,42.364294333333326,217680.10715
2020-06-14 13:30:00,-0.3826834323650892,-0.923879532511287,0.7277635133333333,26.6301878,45.9655842,206429.625003
2020-06-14 13:45:00,-0.44228869021900147,-0.8968727415326883,0.9066149006666667,27.04890353333333,47.9602314,236500.125
2020-06-14 14:00:00,-0.5000000000000001,-0.8660254037844386,1.2216518466666668,27.8489156,59.386079333333335,286103.07143
2020-06-14 14:15:00,-0.5555702330196023,-0.8314696123025452,0.91048926,28.222322857142856,58.59664692857143,243677.69644
2020-06-14 14:30:00,-0.6087614290087207,-0.7933533402912352,0.5639184546666666,27.5785664,49.444277133333344,173954.499999
2020-06-14 14:45:00,-0.6593458151000688,-0.7518398074789774,0.4497933986666666,27.106144200000003,42.90284833333333,141626.125
2020-06-14 15:00:00,-0.7071067811865475,-0.7071067811865477,0.5869389626666666,26.949993866666663,41.82487593333333,189159.660716
2020-06-14 15:15:00,-0.7518398074789773,-0.6593458151000691,0.7094795186666665,27.408713866666673,47.941766400000006,218817.535726
2020-06-14 15:30:00,-0.7933533402912349,-0.6087614290087209,0.4602610826666666,27.449349066666663,43.6625044,145912.089286
2020-06-14 15:45:00,-0.8314696123025448,-0.555570233019603,0.40822711933333333,27.08724153333333,38.89504786666667,129400.785713
2020-06-14 16:00:00,-0.8660254037844385,-0.5000000000000004,0.4008640346666667,27.05220753333333,38.234853066666666,127905.767857
2020-06-14 16:15:00,-0.8968727415326883,-0.44228869021900136,0.2853623193333333,26.809796066666664,35.90520226666667,90956.732143
2020-06-14 16:30:00,-0.9238795325112868,-0.3826834323650895,0.1992258571428571,26.423555642857142,32.757710357142855,63102.785713
2020-06-14 16:45:00,-0.9469301294951056,-0.3214394653031618,0.1544666584,26.0342224,30.358787133333337,48307.875
2020-06-14 17:00:00,-0.9659258262890683,-0.25881904510252063,0.1235932831333333,25.986694466666673,29.146844466666664,38770.428571
2020-06-14 17:15:00,-0.9807852804032303,-0.19509032201612866,0.1121953106,25.84559126666666,28.6533284,36605.964287
2020-06-14 17:30:00,-0.9914448613738104,-0.13052619222005163,0.0712777123333333,25.670117199999996,27.9960368,22432.4821427
2020-06-14 17:45:00,-0.9978589232386035,-0.06540312923014362,0.0428979898,25.536855066666668,26.634041333333325,12707.7142858
2020-06-14 18:00:00,-1.0,-1.8369701987210297e-16,0.0297671323333333,25.305391400000005,25.30308846666667,8600.375
2020-06-14 18:15:00,-0.9978589232386036,0.06540312923014237,0.019033676,25.136102399999995,24.723272800000004,5503.0714284
2020-06-14 18:30:00,-0.9914448613738104,0.13052619222005213,0.00675433608,25.05257966666666,24.51471333333333,1391.0
2020-06-14 18:45:00,-0.9807852804032304,0.1950903220161283,0.000455513202,24.89254314285714,24.072802000000003,0.0
2020-06-14 19:00:00,-0.9659258262890682,0.25881904510252113,0.0,24.70376386666666,23.56421706666667,0.0
2020-06-14 19:15:00,-0.9469301294951057,0.3214394653031615,0.0,24.54298286666667,23.092030733333328,0.0
2020-06-14 19:30:00,-0.9238795325112866,0.38268343236509,0.0,24.398594266666667,22.771372466666666,0.0
2020-06-14 19:45:00,-0.8968727415326884,0.442288690219001,0.0,24.24910893333333,22.757745466666663,0.0
2020-06-14 20:00:00,-0.8660254037844386,0.5000000000000001,0.0,24.075109866666665,22.66186726666666,0.0
2020-06-14 20:15:00,-0.8314696123025455,0.5555702330196018,0.0,23.946500733333327,22.531148466666668,0.0
2020-06-14 20:30:00,-0.7933533402912352,0.6087614290087205,0.0,23.86200773333333,22.4192994,0.0
2020-06-14 20:45:00,-0.7518398074789777,0.6593458151000684,0.0,23.8368284,22.6065692,0.0
2020-06-14 21:00:00,-0.7071067811865477,0.7071067811865474,0.0,23.87317121428572,23.1115265,0.0
2020-06-14 21:15:00,-0.6593458151000687,0.7518398074789775,0.0,23.920253533333327,23.285941533333336,0.0
2020-06-14 21:30:00,-0.608761429008721,0.7933533402912349,0.0,23.862890533333328,22.984142933333327,0.0
2020-06-14 21:45:00,-0.5555702330196022,0.8314696123025452,0.0,23.777291,22.35220546666667,0.0
2020-06-14 22:00:00,-0.5000000000000004,0.8660254037844384,0.0,23.651131266666667,21.9989258,0.0
2020-06-14 22:15:00,-0.4422886902190014,0.8968727415326883,0.0,23.649532,22.44542833333333,0.0
2020-06-14 22:30:00,-0.38268343236508956,0.9238795325112868,0.0,23.607413666666663,21.990108266666663,0.0
2020-06-14 22:45:00,-0.32143946530316186,0.9469301294951056,0.0,23.522460866666663,21.420633933333328,0.0
2020-06-14 23:00:00,-0.2588190451025207,0.9659258262890683,0.0,23.3865622,21.151995866666667,0.0
2020-06-14 23:15:00,-0.19509032201612872,0.9807852804032303,0.0,23.331081066666663,21.4704246,0.0
2020-06-14 23:30:00,-0.13052619222005168,0.9914448613738104,0.0,23.44495271428572,22.455490071428567,0.0
2020-06-14 23:45:00,-0.06540312923014367,0.9978589232386035,0.0,23.41815393333333,22.447845466666667,0.0
2020-06-15 00:00:00,0.0,1.0,0.0,23.369126333333337,22.693621866666668,0.0
2020-06-15 00:15:00,0.06540312923014306,0.9978589232386035,0.0,23.19021186666667,22.545045933333327,0.0
2020-06-15 00:30:00,0.13052619222005157,0.9914448613738104,0.0,23.111739066666665,22.314375933333327,0.0
2020-06-15 00:45:00,0.19509032201612825,0.9807852804032304,0.0,23.0380188,22.110986266666668,0.0
2020-06-15 01:00:00,0.25881904510252074,0.9659258262890683,0.0,23.0133788,22.293188466666667,0.0
2020-06-15 01:15:00,0.3214394653031616,0.9469301294951057,0.0,23.006721933333328,22.43304846666667,0.0
2020-06-15 01:30:00,0.3826834323650898,0.9238795325112867,0.0,22.5523254,21.5200196,0.0
2020-06-15 01:45:00,0.4422886902190013,0.8968727415326883,0.0,22.161108785714287,21.202298785714287,0.0
2020-06-15 02:00:00,0.49999999999999994,0.8660254037844387,0.0,22.0657084,21.1699198,0.0
2020-06-15 02:15:00,0.5555702330196022,0.8314696123025452,0.0,22.051059866666662,20.977667333333336,0.0
2020-06-15 02:30:00,0.6087614290087207,0.7933533402912352,0.0,22.064056266666665,20.769443866666663,0.0
2020-06-15 02:45:00,0.6593458151000688,0.7518398074789774,0.0,22.1327738,20.88665566666667,0.0
2020-06-15 03:00:00,0.7071067811865476,0.7071067811865476,0.0,22.138987400000005,20.774737666666667,0.0
2020-06-15 03:15:00,0.7518398074789773,0.659345815100069,0.0,22.1016358,21.0114828,0.0
2020-06-15 03:30:00,0.7933533402912352,0.6087614290087207,0.0,22.132979333333335,21.463275133333337,0.0
2020-06-15 03:45:00,0.8314696123025452,0.5555702330196023,0.0,22.184287,21.606781142857145,0.0
2020-06-15 04:00:00,0.8660254037844386,0.5000000000000001,0.0,22.16874793333333,21.5196512,0.0
2020-06-15 04:15:00,0.8968727415326884,0.44228869021900125,0.0,21.67616773333333,20.805542066666668,0.0
2020-06-15 04:30:00,0.9238795325112867,0.38268343236508984,0.0,21.5948508,20.4898396,0.0
2020-06-15 04:45:00,0.9469301294951057,0.3214394653031615,0.0,21.5713258,20.214919066666663,0.0
2020-06-15 05:00:00,0.9659258262890683,0.25881904510252074,0.0,21.50873626666667,20.08615913333333,0.0
2020-06-15 05:15:00,0.9807852804032304,0.19509032201612833,0.0,21.424306066666663,19.861635466666662,0.0
2020-06-15 05:30:00,0.9914448613738104,0.1305261922200517,0.0,21.4322062,19.826896066666663,0.0
2020-06-15 05:45:00,0.9978589232386035,0.06540312923014305,0.0005523642353333,21.4640382,20.121873,0.0
2020-06-15 06:00:00,1.0,6.123233995736766e-17,0.0096864394666666,21.53003333333333,20.394429466666665,2100.14285714
2020-06-15 06:15:00,0.9978589232386035,-0.06540312923014292,0.0333103492857142,21.65816592857143,20.840604357142855,10068.482143
2020-06-15 06:30:00,0.9914448613738105,-0.13052619222005138,0.067908889,21.957159333333333,22.195896266666672,21240.1964284
2020-06-15 06:45:00,0.9807852804032305,-0.19509032201612797,0.1027040146666666,22.312394333333334,24.034580466666668,32245.125
2020-06-15 07:00:00,0.9659258262890683,-0.25881904510252085,0.1557342913333333,22.742930066666663,25.80411173333334,46013.946429999996
2020-06-15 07:15:00,0.9469301294951057,-0.3214394653031616,0.1602291469333333,23.27185253333333,27.688370800000005,47421.321429999996
2020-06-15 07:30:00,0.9238795325112867,-0.3826834323650897,0.1333380648,23.458431066666662,27.546588133333334,42270.214287
2020-06-15 07:45:00,0.8968727415326884,-0.44228869021900113,0.2642032693333333,23.836869333333325,29.87518726666667,81042.071428
2020-06-15 08:00:00,0.8660254037844387,-0.4999999999999998,0.45869290533333335,24.477518733333337,35.34433613333334,137645.785714
2020-06-15 08:15:00,0.8314696123025451,-0.5555702330196023,0.5363576693333331,25.257212400000004,40.66176133333333,166126.374999
2020-06-15 08:30:00,0.7933533402912352,-0.6087614290087207,0.5785561021428571,25.92686257142857,42.59452828571429,166443.214285
2020-06-15 08:45:00,0.7518398074789774,-0.6593458151000688,0.5342788213333333,26.066546666666667,42.4321838,162066.839284
2020-06-15 09:00:00,0.7071067811865476,-0.7071067811865475,0.5729372046666668,26.192445933333328,42.29481826666667,175868.660714
2020-06-15 09:15:00,0.6593458151000686,-0.7518398074789776,0.6634503566666667,26.40725306666667,44.0128702,195633.69643
2020-06-15 09:30:00,0.6087614290087204,-0.7933533402912353,0.6428513106666667,26.3895486,43.27049353333333,195854.196428
2020-06-15 09:45:00,0.5555702330196022,-0.8314696123025453,0.644579368,26.80618086666667,44.94630113333333,192219.482144
2020-06-15 10:00:00,0.49999999999999994,-0.8660254037844387,0.6171309093333333,26.953707066666666,43.85072413333333,191760.374999
2020-06-15 10:15:00,0.4422886902190013,-0.8968727415326883,0.888736286,27.559885599999998,48.580128733333325,260292.07146
2020-06-15 10:30:00,0.3826834323650899,-0.9238795325112867,0.6801742386666666,28.05028693333333,50.1047016,214895.714286
2020-06-15 10:45:00,0.32143946530316175,-0.9469301294951056,0.8608448592857144,27.778298642857145,46.05228092857142,236207.339273
2020-06-15 11:00:00,0.258819045102521,-0.9659258262890682,0.702748034,28.7853558,50.65149946666666,226633.285714
2020-06-15 11:15:00,0.19509032201612816,-0.9807852804032304,0.5736166646666666,28.371838400000005,46.34689126666667,171682.92857
2020-06-15 11:30:00,0.13052619222005157,-0.9914448613738104,0.6370887293333334,28.375455666666667,45.72413726666667,181471.607142
2020-06-15 11:45:00,0.06540312923014312,-0.9978589232386035,0.664057878,28.39979053333333,44.47907733333333,194441.142851
2020-06-15 12:00:00,1.2246467991473532e-16,-1.0,0.7444816766666666,28.601291866666667,44.703940933333335,210791.678579
2020-06-15 12:15:00,-0.06540312923014287,-0.9978589232386035,0.4327973,28.851655933333333,44.1841634,135820.982142
2020-06-15 12:30:00,-0.13052619222005132,-0.9914448613738105,0.3901906573333333,28.54629326666667,39.752722466666654,126140.107142
2020-06-15 12:45:00,-0.19509032201612792,-0.9807852804032305,0.45525123266666667,28.7726258,41.34621800000001,144113.285714
2020-06-15 13:00:00,-0.25881904510252035,-0.9659258262890684,0.7324080378571428,29.03071592857143,45.404338142857135,222590.12501
2020-06-15 13:15:00,-0.3214394653031611,-0.9469301294951058,0.42740474,29.107385266666668,45.503061933333335,129372.857143
2020-06-15 13:30:00,-0.3826834323650892,-0.923879532511287,0.2453921386666666,28.417808066666666,39.03741653333332,78181.696428
2020-06-15 13:45:00,-0.44228869021900147,-0.8968727415326883,0.2260944466666666,27.856903133333333,34.7539672,74783.910715
2020-06-15 14:00:00,-0.5000000000000001,-0.8660254037844386,0.2690430446666666,27.197220866666672,33.998970666666665,88812.160716
2020-06-15 14:15:00,-0.5555702330196023,-0.8314696123025452,0.4231957880000001,26.7497132,34.74134893333333,135778.19643
2020-06-15 14:30:00,-0.6087614290087207,-0.7933533402912352,0.652056834,27.611472733333333,43.56778333333334,221139.767858
2020-06-15 14:45:00,-0.6593458151000688,-0.7518398074789774,0.4772766193333334,27.82892866666667,43.3427838,152447.125
2020-06-15 15:00:00,-0.7071067811865475,-0.7071067811865477,0.4233145246666666,27.93405566666667,41.36491266666666,141923.464284
2020-06-15 15:15:00,-0.7518398074789773,-0.6593458151000691,0.45119372866666657,28.178857466666667,40.87684526666667,138783.464286
2020-06-15 15:30:00,-0.7933533402912349,-0.6087614290087209,0.3822117121428572,27.898435285714285,38.410527071428575,117364.482143
2020-06-15 15:45:00,-0.8314696123025448,-0.555570233019603,0.45029230733333336,28.1680522,40.31551513333334,138289.285714
2020-06-15 16:00:00,-0.8660254037844385,-0.5000000000000004,0.1251691066666666,27.743865933333336,34.530938533333334,39692.285713
2020-06-15 16:15:00,-0.8968727415326883,-0.44228869021900136,0.1629056366666666,27.32750646666667,31.594337933333335,54300.517858
2020-06-15 16:30:00,-0.9238795325112868,-0.3826834323650895,0.238490188,27.34741213333333,33.07997246666667,76751.428573
2020-06-15 16:45:00,-0.9469301294951056,-0.3214394653031618,0.2764912,27.16989953333333,33.85005699999999,89339.821428
2020-06-15 17:00:00,-0.9659258262890683,-0.25881904510252063,0.193777918,27.25204246666667,33.650572000000004,61398.107144
2020-06-15 17:15:00,-0.9807852804032303,-0.19509032201612866,0.1565710793333333,26.9659322,31.59396966666667,49971.232142
2020-06-15 17:30:00,-0.9914448613738104,-0.13052619222005163,0.1016916527999999,26.7447368,29.8884196,31657.553572
2020-06-15 17:45:00,-0.9978589232386035,-0.06540312923014362,0.0859623972,26.740639133333328,29.026456800000002,27116.589287
2020-06-15 18:00:00,-1.0,-1.8369701987210297e-16,0.0388465545,26.430651071428567,27.618528142857144,11750.6607142
2020-06-15 18:15:00,-0.9978589232386036,0.06540312923014237,0.0182621793333333,26.334151200000004,26.6526916,5194.2142855
2020-06-15 18:30:00,-0.9914448613738104,0.13052619222005213,0.0040517676866666,26.050742666666668,25.905568399999996,386.69642857
2020-06-15 18:45:00,-0.9807852804032304,0.1950903220161283,0.0001930037933333,25.355202266666666,25.034010666666664,0.0
2020-06-15 19:00:00,-0.9659258262890682,0.25881904510252113,2.0070272266666667e-05,23.2409404,21.9908934,0.0
2020-06-15 19:15:00,-0.9469301294951057,0.3214394653031615,0.0,22.767838466666667,21.174566666666667,0.0
2020-06-15 19:30:00,-0.9238795325112866,0.38268343236509,0.0,22.987856066666662,21.7699482,0.0
2020-06-15 19:45:00,-0.8968727415326884,0.442288690219001,0.0,23.20111713333333,22.1287008,0.0
2020-06-15 20:00:00,-0.8660254037844386,0.5000000000000001,0.0,23.3763062,22.4887248,0.0
2020-06-15 20:15:00,-0.8314696123025455,0.5555702330196018,0.0,23.397517642857142,22.452874214285718,0.0
2020-06-15 20:30:00,-0.7933533402912352,0.6087614290087205,0.0,23.379569466666666,22.127677533333337,0.0
2020-06-15 20:45:00,-0.7518398074789777,0.6593458151000684,0.0,23.297440666666663,21.768933133333334,0.0
2020-06-15 21:00:00,-0.7071067811865477,0.7071067811865474,0.0,23.1545876,21.370139466666664,0.0
2020-06-15 21:15:00,-0.6593458151000687,0.7518398074789775,0.0,23.025012266666664,21.098044733333328,0.0
2020-06-15 21:30:00,-0.608761429008721,0.7933533402912349,0.0,23.00178813333333,21.152862666666667,0.0
2020-06-15 21:45:00,-0.5555702330196022,0.8314696123025452,0.0,22.969417266666667,21.07163493333333,0.0
2020-06-15 22:00:00,-0.5000000000000004,0.8660254037844384,0.0,22.975063066666667,21.0493896,0.0
2020-06-15 22:15:00,-0.4422886902190014,0.8968727415326883,0.0,23.13929433333333,21.802388333333337,0.0
2020-06-15 22:30:00,-0.38268343236508956,0.9238795325112868,0.0,23.4763204,22.651540133333327,0.0
2020-06-15 22:45:00,-0.32143946530316186,0.9469301294951056,0.0,23.61283221428572,22.879322642857144,0.0
2020-06-15 23:00:00,-0.2588190451025207,0.9659258262890683,0.0,23.618847800000005,22.86751913333333,0.0
2020-06-15 23:15:00,-0.19509032201612872,0.9807852804032303,0.0,23.602976466666668,22.941127400000003,0.0
2020-06-15 23:30:00,-0.13052619222005168,0.9914448613738104,0.0,23.631050666666667,23.077227733333327,0.0
2020-06-15 23:45:00,-0.06540312923014367,0.9978589232386035,0.0,23.641210800000007,23.05128580000001,0.0
2020-06-16 00:00:00,0.0,1.0,0.0,23.1030456,22.078888133333333,0.0
2020-06-16 00:15:00,0.06540312923014306,0.9978589232386035,0.0,22.853855133333333,21.67698573333333,0.0
2020-06-16 00:30:00,0.13052619222005157,0.9914448613738104,0.0,22.7012818,21.311032800000003,0.0
2020-06-16 00:45:00,0.19509032201612825,0.9807852804032304,0.0,22.620440733333336,20.884556066666665,0.0
2020-06-16 01:00:00,0.25881904510252074,0.9659258262890683,0.0,22.585764533333336,20.6971374,0.0
2020-06-16 01:15:00,0.3214394653031616,0.9469301294951057,0.0,22.654924857142856,20.882272,0.0
2020-06-16 01:30:00,0.3826834323650898,0.9238795325112867,0.0,22.739894666666665,21.476552466666668,0.0
2020-06-16 01:45:00,0.4422886902190013,0.8968727415326883,0.0,22.727596,21.583762466666663,0.0
2020-06-16 02:00:00,0.49999999999999994,0.8660254037844387,0.0,22.6596518,21.5838462,0.0
2020-06-16 02:15:00,0.5555702330196022,0.8314696123025452,0.0,22.60989986666667,21.7492634,0.0
2020-06-16 02:30:00,0.6087614290087207,0.7933533402912352,0.0,22.58112373333333,21.858671,0.0
2020-06-16 02:45:00,0.6593458151000688,0.7518398074789774,0.0,22.547627866666662,21.670951266666663,0.0
2020-06-16 03:00:00,0.7071067811865476,0.7071067811865476,0.0,22.499713000000003,21.391532466666668,0.0
2020-06-16 03:15:00,0.7518398074789773,0.659345815100069,0.0,22.458070800000005,21.181779,0.0
2020-06-16 03:30:00,0.7933533402912352,0.6087614290087207,0.0,22.399773714285715,20.989717642857144,0.0
2020-06-16 03:45:00,0.8314696123025452,0.5555702330196023,0.0,22.4348244,21.0618022,0.0
2020-06-16 04:00:00,0.8660254037844386,0.5000000000000001,0.0,22.5443968,21.4435628,0.0
2020-06-16 04:15:00,0.8968727415326884,0.44228869021900125,0.0,22.5694072,21.518406266666663,0.0
2020-06-16 04:30:00,0.9238795325112867,0.38268343236508984,0.0,22.590698266666667,21.7528688,0.0
2020-06-16 04:45:00,0.9469301294951057,0.3214394653031615,0.0,22.652595733333328,22.0547526,0.0
2020-06-16 05:00:00,0.9659258262890683,0.25881904510252074,0.0,22.692254533333333,22.127937733333336,0.0
2020-06-16 05:15:00,0.9807852804032304,0.19509032201612833,0.0,22.6955222,21.929762933333333,0.0
2020-06-16 05:30:00,0.9914448613738104,0.1305261922200517,0.0,22.571179266666665,21.587780733333336,0.0
2020-06-16 05:45:00,0.9978589232386035,0.06540312923014305,4.49041162e-05,22.452933666666667,21.47074393333333,0.0
2020-06-16 06:00:00,1.0,6.123233995736766e-17,0.003851879775,22.494378142857144,21.69032292857143,84.32142857
2020-06-16 06:15:00,0.9978589232386035,-0.06540312923014292,0.014183821333333298,22.654567466666663,22.05121253333333,4157.7142859
2020-06-16 06:30:00,0.9914448613738105,-0.13052619222005138,0.04684130846666659,22.7384398,22.45022773333333,15183.1785714
2020-06-16 06:45:00,0.9807852804032305,-0.19509032201612797,0.0706118121333333,22.961183666666667,23.921439533333327,22121.5357151
2020-06-16 07:00:00,0.9659258262890683,-0.25881904510252085,0.10172610719999992,23.138751200000005,24.80197146666666,31694.285714
2020-06-16 07:15:00,0.9469301294951057,-0.3214394653031616,0.167161456,23.25484613333333,25.77091266666667,51696.23214
2020-06-16 07:30:00,0.9238795325112867,-0.3826834323650897,0.20639062799999996,23.595815066666663,28.376147533333327,62238.232142
2020-06-16 07:45:00,0.8968727415326884,-0.44228869021900113,0.2582670813333333,23.80050253333333,29.75697633333333,78174.178571
2020-06-16 08:00:00,0.8660254037844387,-0.4999999999999998,0.353673456,24.27318926666666,32.9937198,107606.535714
2020-06-16 08:15:00,0.8314696123025451,-0.5555702330196023,0.32255192,24.568143428571428,34.32752778571429,101425.839286
2020-06-16 08:30:00,0.7933533402912352,-0.6087614290087207,0.402276302,24.833713600000006,34.94457799999999,127888.55357
2020-06-16 08:45:00,0.7518398074789774,-0.6593458151000688,0.4147560933333333,25.26632286666666,37.48621606666667,128303.5
2020-06-16 09:00:00,0.7071067811865476,-0.7071067811865475,0.4108166180000001,25.405088333333325,37.028379066666666,127951.55357
2020-06-16 09:15:00,0.6593458151000686,-0.7518398074789776,0.46019857,25.76177973333333,38.08438906666666,143803.607143
2020-06-16 09:30:00,0.6087614290087204,-0.7933533402912353,0.5521471146666667,26.016273933333323,39.71077913333334,165579.464285
2020-06-16 09:45:00,0.5555702330196022,-0.8314696123025453,0.63615115,26.3412638,42.884138933333325,194379.196429
2020-06-16 10:00:00,0.49999999999999994,-0.8660254037844387,0.8289793113333332,26.7102622,46.82769380000001,246690.69642
2020-06-16 10:15:00,0.4422886902190013,-0.8968727415326883,0.7204248719999999,27.334350599999997,49.562795,229013.80358
2020-06-16 10:30:00,0.3826834323650899,-0.9238795325112867,0.5909023807142856,27.42023371428571,47.050576142857146,186010.64286
2020-06-16 10:45:00,0.32143946530316175,-0.9469301294951056,0.6752527859999999,27.3188638,45.9083192,206756.625001
2020-06-16 11:00:00,0.258819045102521,-0.9659258262890682,0.9182852226666663,27.99494026666667,53.25080986666667,255906.67857
2020-06-16 11:15:00,0.19509032201612816,-0.9807852804032304,0.5986946806666666,27.928853400000005,48.67373446666666,184650.821428
2020-06-16 11:30:00,0.13052619222005157,-0.9914448613738104,0.4207671039999999,27.818320733333337,43.250374533333336,130431.410715
2020-06-16 11:45:00,0.06540312923014312,-0.9978589232386035,0.5218388100000001,28.16781833333334,44.0384016,165610.25
2020-06-16 12:00:00,1.2246467991473532e-16,-1.0,0.2222456033333333,27.8743104,38.48475933333333,73977.982144
2020-06-16 12:15:00,-0.06540312923014287,-0.9978589232386035,0.429468928,27.3941652,37.038040933333335,135744.000001
2020-06-16 12:30:00,-0.13052619222005132,-0.9914448613738105,0.4833998399999999,27.964037071428564,45.40855414285714,144775.410713
2020-06-16 12:45:00,-0.19509032201612792,-0.9807852804032305,0.5028826646666666,28.300278733333325,46.0441244,158718.875001
2020-06-16 13:00:00,-0.25881904510252035,-0.9659258262890684,0.319418066,27.9916526,41.8464274,105073.964285
2020-06-16 13:15:00,-0.3214394653031611,-0.9469301294951058,0.5032727366666667,27.832635533333328,41.04779260000001,160651.946425
2020-06-16 13:30:00,-0.3826834323650892,-0.923879532511287,0.5822891546666668,28.40100513333333,45.513633466666654,178077.571431
2020-06-16 13:45:00,-0.44228869021900147,-0.8968727415326883,0.4094128093333333,28.501969200000005,41.4494812,131667.482142
2020-06-16 14:00:00,-0.5000000000000001,-0.8660254037844386,0.430022742,28.794053066666667,43.01357606666667,144565.285713
2020-06-16 14:15:00,-0.5555702330196023,-0.8314696123025452,0.3048436553333333,28.307661933333335,38.786185733333326,96858.535714
2020-06-16 14:30:00,-0.6087614290087207,-0.7933533402912352,0.7181465133333333,28.7229654,43.40939126666667,216497.553564
2020-06-16 14:45:00,-0.6593458151000688,-0.7518398074789774,0.5257635171428571,29.282915285714285,47.94010285714285,159807.410713
2020-06-16 15:00:00,-0.7071067811865475,-0.7071067811865477,0.2822451986666666,28.405712933333334,39.4493672,90072.375
2020-06-16 15:15:00,-0.7518398074789773,-0.6593458151000691,0.3201579573333333,28.018060266666666,36.67894273333333,102844.357142
2020-06-16 15:30:00,-0.7933533402912349,-0.6087614290087209,0.4274141633333333,27.99871413333333,38.17277626666667,142355.321429
2020-06-16 15:45:00,-0.8314696123025448,-0.555570233019603,0.3585119633333332,28.175795466666667,38.97982593333333,110951.621033
2020-06-16 16:00:00,-0.8660254037844385,-0.5000000000000004,0.345676682,28.046335933333328,37.409806,109251.250001
2020-06-16 16:15:00,-0.8968727415326883,-0.44228869021900136,0.2479111146666666,27.96042866666667,35.6392172,76906.214286
2020-06-16 16:30:00,-0.9238795325112868,-0.3826834323650895,0.1895537733333333,27.695955466666668,32.8359476,58193.160715
2020-06-16 16:45:00,-0.9469301294951056,-0.3214394653031618,0.1614167364285714,27.426601,31.459575499999996,48574.410714
2020-06-16 17:00:00,-0.9659258262890683,-0.25881904510252063,0.138821146,27.159495199999995,30.263354533333327,42188.785715
2020-06-16 17:15:00,-0.9807852804032303,-0.19509032201612866,0.12350976793333329,26.824678533333337,29.386724733333327,38168.589287
2020-06-16 17:30:00,-0.9914448613738104,-0.13052619222005163,0.1023283072,26.401951266666664,28.3863546,31866.214286
2020-06-16 17:45:00,-0.9978589232386035,-0.06540312923014362,0.0729025029333333,26.144761066666664,27.231742600000004,22846.767858
2020-06-16 18:00:00,-1.0,-1.8369701987210297e-16,0.0488549196666666,25.890207866666664,26.162266133333336,15284.0714285
2020-06-16 18:15:00,-0.9978589232386036,0.06540312923014237,0.0247498541333333,25.614040133333333,25.099682599999998,7573.6071429
2020-06-16 18:30:00,-0.9914448613738104,0.13052619222005213,0.0070536268133333,25.386586466666667,24.1691102,1649.64285716
2020-06-16 18:45:00,-0.9807852804032304,0.1950903220161283,5.614888285714287e-05,25.180570357142855,23.46554121428572,0.0
2020-06-16 19:00:00,-0.9659258262890682,0.25881904510252113,0.0,24.986523400000006,23.094964466666667,0.0
2020-06-16 19:15:00,-0.9469301294951057,0.3214394653031615,0.0,24.872993933333337,23.475244266666667,0.0
2020-06-16 19:30:00,-0.9238795325112866,0.38268343236509,0.0,24.442285133333336,23.068772466666665,0.0
2020-06-16 19:45:00,-0.8968727415326884,0.442288690219001,0.0,24.105043466666668,22.125270533333328,0.0
2020-06-16 20:00:00,-0.8660254037844386,0.5000000000000001,0.0,23.90370066666667,21.6543518,0.0
2020-06-16 20:15:00,-0.8314696123025455,0.5555702330196018,0.0,23.837534466666668,21.472778333333338,0.0
2020-06-16 20:30:00,-0.7933533402912352,0.6087614290087205,0.0,23.731559266666668,21.342250600000003,0.0
2020-06-16 20:45:00,-0.7518398074789777,0.6593458151000684,0.0,23.630316133333334,21.26215206666667,0.0
2020-06-16 21:00:00,-0.7071067811865477,0.7071067811865474,0.0,23.54011321428572,21.28716157142857,0.0
2020-06-16 21:15:00,-0.6593458151000687,0.7518398074789775,0.0,23.47867833333333,21.77463793333333,0.0
2020-06-16 21:30:00,-0.608761429008721,0.7933533402912349,0.0,23.45682786666667,21.562624133333337,0.0
2020-06-16 21:45:00,-0.5555702330196022,0.8314696123025452,0.0,23.27699386666667,21.23533533333333,0.0
2020-06-16 22:00:00,-0.5000000000000004,0.8660254037844384,0.0,23.0816692,20.936218266666668,0.0
2020-06-16 22:15:00,-0.4422886902190014,0.8968727415326883,0.0,22.92795193333333,20.6880636,0.0
2020-06-16 22:30:00,-0.38268343236508956,0.9238795325112868,0.0,22.8635354,20.536962866666663,0.0
2020-06-16 22:45:00,-0.32143946530316186,0.9469301294951056,0.0,22.87235926666667,20.92511186666667,0.0
2020-06-16 23:00:00,-0.2588190451025207,0.9659258262890683,0.0,22.962205000000004,21.606494266666665,0.0
2020-06-16 23:15:00,-0.19509032201612872,0.9807852804032303,0.0,22.947974214285715,21.32625042857143,0.0
2020-06-16 23:30:00,-0.13052619222005168,0.9914448613738104,0.0,22.9250326,21.164687,0.0
2020-06-16 23:45:00,-0.06540312923014367,0.9978589232386035,0.0,22.8920044,21.21659966666667,0.0
2020-06-17 00:00:00,0.0,1.0,0.0,22.895672466666667,21.4657734,0.0
2020-06-17 00:15:00,0.06540312923014306,0.9978589232386035,0.0,22.868416400000005,21.381974333333336,0.0
2020-06-17 00:30:00,0.13052619222005157,0.9914448613738104,0.0,22.826764000000004,21.210284466666668,0.0
2020-06-17 00:45:00,0.19509032201612825,0.9807852804032304,0.0,22.795615466666668,21.3571554,0.0
2020-06-17 01:00:00,0.25881904510252074,0.9659258262890683,0.0,22.771451866666663,21.47204793333333,0.0
2020-06-17 01:15:00,0.3214394653031616,0.9469301294951057,0.0,22.74187364285714,21.349182142857146,0.0
2020-06-17 01:30:00,0.3826834323650898,0.9238795325112867,0.0,22.687184666666667,21.247636,0.0
2020-06-17 01:45:00,0.4422886902190013,0.8968727415326883,0.0,22.602610333333327,21.096276733333337,0.0
2020-06-17 02:00:00,0.49999999999999994,0.8660254037844387,0.0,22.6269064,21.193654466666665,0.0
2020-06-17 02:15:00,0.5555702330196022,0.8314696123025452,0.0,22.6140116,21.31661153333333,0.0
2020-06-17 02:30:00,0.6087614290087207,0.7933533402912352,0.0,22.663737,21.763271133333337,0.0
2020-06-17 02:45:00,0.6593458151000688,0.7518398074789774,0.0,22.774051866666664,22.108378,0.0
2020-06-17 03:00:00,0.7071067811865476,0.7071067811865476,0.0,22.852022266666665,22.4946594,0.0
2020-06-17 03:15:00,0.7518398074789773,0.659345815100069,0.0,22.81974493333333,22.48667,0.0
2020-06-17 03:30:00,0.7933533402912352,0.6087614290087207,0.0,22.77129513333333,22.362780800000003,0.0
2020-06-17 03:45:00,0.8314696123025452,0.5555702330196023,0.0,22.788774857142855,22.275460428571428,0.0
2020-06-17 04:00:00,0.8660254037844386,0.5000000000000001,0.0,22.8229758,22.151271533333336,0.0
2020-06-17 04:15:00,0.8968727415326884,0.44228869021900125,0.0,22.7428528,21.91627006666667,0.0
2020-06-17 04:30:00,0.9238795325112867,0.38268343236508984,0.0,22.554170733333333,21.6825296,0.0
2020-06-17 04:45:00,0.9469301294951057,0.3214394653031615,0.0,22.414825466666667,21.4082114,0.0
2020-06-17 05:00:00,0.9659258262890683,0.25881904510252074,0.0,22.35033773333333,21.41950486666666,0.0
2020-06-17 05:15:00,0.9807852804032304,0.19509032201612833,0.0,22.350765000000003,21.737540666666668,0.0
2020-06-17 05:30:00,0.9914448613738104,0.1305261922200517,0.0,22.17537633333333,21.605226666666663,0.0
2020-06-17 05:45:00,0.9978589232386035,0.06540312923014305,0.0,21.707153333333327,20.7132262,0.0
2020-06-17 06:00:00,1.0,6.123233995736766e-17,0.0028424610064285006,21.69549992857143,20.599559285714285,62.17857143
2020-06-17 06:15:00,0.9978589232386035,-0.06540312923014292,0.0191750494666666,22.093398,20.82297773333333,3052.952380953333
2020-06-17 06:30:00,0.9914448613738105,-0.13052619222005138,0.0346240851333333,22.2756266,21.973567733333333,6043.7261904766665
2020-06-17 06:45:00,0.9807852804032305,-0.19509032201612797,0.045347547,22.335686384615386,23.15451523076923,9034.5
2020-06-17 07:00:00,0.9659258262890683,-0.25881904510252085,0.0933161474666666,22.482625266666663,24.277018266666666,30183.839286
2020-06-17 07:15:00,0.9469301294951057,-0.3214394653031616,0.1437652418,22.711220200000003,25.8125894,45510.428573
2020-06-17 07:30:00,0.9238795325112867,-0.3826834323650897,0.22787363733333332,22.99848413333333,28.593758200000003,71874.964286
2020-06-17 07:45:00,0.8968727415326884,-0.44228869021900113,0.2681349153333333,23.364750200000003,30.827225666666664,83619.446428
2020-06-17 08:00:00,0.8660254037844387,-0.4999999999999998,0.23450972933333333,23.751955,31.0847412,75328.892859
2020-06-17 08:15:00,0.8314696123025451,-0.5555702330196023,0.2610877493333334,24.041337,31.605246866666672,83278.589285
2020-06-17 08:30:00,0.7933533402912352,-0.6087614290087207,0.2754482242857142,24.25599892857143,32.83224278571429,89576.000001
2020-06-17 08:45:00,0.7518398074789774,-0.6593458151000688,0.262713,24.443902533333333,32.258191,86027.0
2020-06-17 09:00:00,0.7071067811865476,-0.7071067811865475,0.3381332306666667,24.68842373333333,34.1126014,111291.857143
2020-06-17 09:15:00,0.6593458151000686,-0.7518398074789776,0.36664574800000005,24.982682266666668,34.559212133333325,118653.25
2020-06-17 09:30:00,0.6087614290087204,-0.7933533402912353,0.4660193226666667,25.439449133333333,37.621647133333326,151664.999999
2020-06-17 09:45:00,0.5555702330196022,-0.8314696123025453,0.38333966199999997,25.527582066666664,37.25813600000001,125579.875
2020-06-17 10:00:00,0.49999999999999994,-0.8660254037844387,0.42463413133333333,25.684653533333332,37.61702466666667,137429.428571
2020-06-17 10:15:00,0.4422886902190013,-0.8968727415326883,0.45435483866666665,25.957446399999995,38.814910666666655,147871.25
2020-06-17 10:30:00,0.3826834323650899,-0.9238795325112867,0.5010602806666667,26.182826666666664,40.22812886666667,159709.142858
2020-06-17 10:45:00,0.32143946530316175,-0.9469301294951056,0.464913585,26.47013421428571,41.11575328571428,145370.464286
2020-06-17 11:00:00,0.258819045102521,-0.9659258262890682,0.45085772066666663,26.236733,37.096722333333325,148259.392858
2020-06-17 11:15:00,0.19509032201612816,-0.9807852804032304,0.564246406,26.771500733333337,42.28302813333334,175713.482142
2020-06-17 11:30:00,0.13052619222005157,-0.9914448613738104,0.5372297933333333,27.251393533333328,41.926712666666674,169041.375
2020-06-17 11:45:00,0.06540312923014312,-0.9978589232386035,0.892716588,27.742724733333333,46.33160186666667,253784.30358
2020-06-17 12:00:00,1.2246467991473532e-16,-1.0,0.8971673586666665,28.4727662,51.776054,253799.642864
2020-06-17 12:15:00,-0.06540312923014287,-0.9978589232386035,1.0312303086666668,28.649094666666667,53.77353713333333,297928.39287
2020-06-17 12:30:00,-0.13052619222005132,-0.9914448613738105,0.718821216,28.941943333333327,51.340740666666676,210966.428569
2020-06-17 12:45:00,-0.19509032201612792,-0.9807852804032305,0.7001748986666666,29.028007,47.83913766666667,221577.017863
2020-06-17 13:00:00,-0.25881904510252035,-0.9659258262890684,0.4894874157142857,28.579515642857142,43.52298428571428,154807.553571
2020-06-17 13:15:00,-0.3214394653031611,-0.9469301294951058,0.6021715766666667,28.496042933333328,42.57935760000001,194384.142859
2020-06-17 13:30:00,-0.3826834323650892,-0.923879532511287,0.6593983766666666,28.954923333333337,44.68992900000001,215289.75
2020-06-17 13:45:00,-0.44228869021900147,-0.8968727415326883,0.5994605753333334,29.05773106666667,45.0513366,181490.0
2020-06-17 14:00:00,-0.5000000000000001,-0.8660254037844386,0.4384577806666666,28.6523418,41.97513206666667,138150.875
2020-06-17 14:15:00,-0.5555702330196023,-0.8314696123025452,0.4106262193333334,28.22970173333333,39.4037556,133169.428572
2020-06-17 14:30:00,-0.6087614290087207,-0.7933533402912352,0.58660541,28.766581200000005,42.79567873333334,183476.0
2020-06-17 14:45:00,-0.6593458151000688,-0.7518398074789774,0.5350119733333333,29.11126313333333,44.9506284,172201.999998
2020-06-17 15:00:00,-0.7071067811865475,-0.7071067811865477,0.3174531373333333,28.617018666666663,39.946699866666656,104550.303571
2020-06-17 15:15:00,-0.7518398074789773,-0.6593458151000691,0.10420548971428568,27.914616214285715,34.29488935714285,34177.892856
2020-06-17 15:30:00,-0.7933533402912349,-0.6087614290087209,0.0553157361333333,25.617765266666666,26.244122399999995,19862.5
2020-06-17 15:45:00,-0.8314696123025448,-0.555570233019603,0.085784176,23.556774866666668,23.536191933333328,31009.214286000002
2020-06-17 16:00:00,-0.8660254037844385,-0.5000000000000004,0.19977125733333334,23.40352773333333,24.986667866666668,70458.732142
2020-06-17 16:15:00,-0.8968727415326883,-0.44228869021900136,0.235077558,24.112786799999995,28.996931866666667,80255.714286
2020-06-17 16:30:00,-0.9238795325112868,-0.3826834323650895,0.11863001239999998,24.390767466666663,29.473142333333332,40381.375001
2020-06-17 16:45:00,-0.9469301294951056,-0.3214394653031618,0.0716163500666666,24.2918964,26.972265600000004,24905.910713
2020-06-17 17:00:00,-0.9659258262890683,-0.25881904510252063,0.0864726348666666,24.191860066666663,25.51240246666667,28956.375001
2020-06-17 17:15:00,-0.9807852804032303,-0.19509032201612866,0.1047624446428571,24.196166857142853,26.664971428571434,34329.285715
2020-06-17 17:30:00,-0.9914448613738104,-0.13052619222005163,0.0901317685454545,24.278403545454545,26.86244345454546,29492.0
2020-06-17 17:45:00,-0.9978589232386035,-0.06540312923014362,0.0652585639285714,24.17417021428572,25.950271714285723,20813.4285715
2020-06-17 18:00:00,-1.0,-1.8369701987210297e-16,0.0419395646666666,24.13034873333333,25.080924533333327,13312.0000002
2020-06-17 18:15:00,-0.9978589232386036,0.06540312923014237,0.0234457014666666,24.03815733333333,24.0682496,7450.625
2020-06-17 18:30:00,-0.9914448613738104,0.13052619222005213,0.0070068898142857,23.8402385,22.968658428571427,1718.57142858
2020-06-17 18:45:00,-0.9807852804032304,0.1950903220161283,3.9083115333333336e-05,23.583048599999998,22.460372,0.0
2020-06-17 19:00:00,-0.9659258262890682,0.25881904510252113,0.0,23.474888266666667,22.42334993333333,0.0
2020-06-17 19:15:00,-0.9469301294951057,0.3214394653031615,0.0,23.489280266666665,22.7568808,0.0
2020-06-17 19:30:00,-0.9238795325112866,0.38268343236509,0.0,23.455611066666673,22.7176046,0.0
2020-06-17 19:45:00,-0.8968727415326884,0.442288690219001,0.0,23.0513224,21.774304133333327,0.0
2020-06-17 20:00:00,-0.8660254037844386,0.5000000000000001,0.0,23.0032632,21.24322106666667,0.0
2020-06-17 20:15:00,-0.8314696123025455,0.5555702330196018,0.0,22.890356333333337,20.784727,0.0
2020-06-17 20:30:00,-0.7933533402912352,0.6087614290087205,0.0,22.891965666666664,20.9494608,0.0
2020-06-17 20:45:00,-0.7518398074789777,0.6593458151000684,0.0,22.8874295,21.12194821428572,0.0
2020-06-17 21:00:00,-0.7071067811865477,0.7071067811865474,0.0,22.89988213333333,21.383107466666665,0.0
2020-06-17 21:15:00,-0.6593458151000687,0.7518398074789775,0.0,22.892598466666666,21.563179466666664,0.0
2020-06-17 21:30:00,-0.608761429008721,0.7933533402912349,0.0,22.9965616,21.869773466666665,0.0
2020-06-17 21:45:00,-0.5555702330196022,0.8314696123025452,0.0,23.137091,22.1259848,0.0
2020-06-17 22:00:00,-0.5000000000000004,0.8660254037844384,0.0,22.563179466666668,21.164713466666665,0.0
2020-06-17 22:15:00,-0.4422886902190014,0.8968727415326883,0.0,22.19922893333333,20.51527293333333,0.0
2020-06-17 22:30:00,-0.38268343236508956,0.9238795325112868,0.0,22.171736666666664,21.0808288,0.0
2020-06-17 22:45:00,-0.32143946530316186,0.9469301294951056,0.0,22.150569666666662,21.480377266666668,0.0
2020-06-17 23:00:00,-0.2588190451025207,0.9659258262890683,0.0,22.129815666666666,21.38902386666667,0.0
2020-06-17 23:15:00,-0.19509032201612872,0.9807852804032303,0.0,22.008274642857145,20.709211357142856,0.0
2020-06-17 23:30:00,-0.13052619222005168,0.9914448613738104,0.0,21.96949473333333,20.7349628,0.0
2020-06-17 23:45:00,-0.06540312923014367,0.9978589232386035,0.0,21.909287666666668,20.4279724,0.0
