DATE_TIME,TIME_SIN,TIME_COS,IRRADIATION,AMBIENT_TEMPERATURE,MODULE_TEMPERATURE,DC_POWER
2020-05-15 00:00:00,0.0,1.0,0.0,27.00476370000001,25.0607889,0.0
2020-05-15 00:15:00,0.06540312923014306,0.9978589232386035,0.0,26.880811433333328,24.421868833333328,0.0
2020-05-15 00:30:00,0.13052619222005157,0.9914448613738104,0.0,26.68205534482759,24.427290310344823,0.0
2020-05-15 00:45:00,0.19509032201612825,0.9807852804032304,0.0,26.500588900000004,24.4206776,0.0
2020-05-15 01:00:00,0.25881904510252074,0.9659258262890683,0.0,26.596148000000003,25.088210413793107,0.0
2020-05-15 01:15:00,0.3214394653031616,0.9469301294951057,0.0,26.512740033333333,25.31796966666667,0.0
2020-05-15 01:30:00,0.3826834323650898,0.9238795325112867,0.0,26.49433896666666,25.217192533333336,0.0
2020-05-15 01:45:00,0.4422886902190013,0.8968727415326883,0.0,26.420410206896552,25.065062310344832,0.0
2020-05-15 02:00:00,0.49999999999999994,0.8660254037844387,0.0,26.401946133333333,24.691469366666652,0.0
2020-05-15 02:15:00,0.5555702330196022,0.8314696123025452,0.0,26.226078206896556,24.559480793103447,0.0
2020-05-15 02:30:00,0.6087614290087207,0.7933533402912352,0.0,26.2603992,24.482406633333337,0.0
2020-05-15 02:45:00,0.6593458151000688,0.7518398074789774,0.0,26.297826100000005,24.4886982,0.0
2020-05-15 03:00:00,0.7071067811865476,0.7071067811865476,0.0,26.328249103448275,24.506289620689657,0.0
2020-05-15 03:15:00,0.7518398074789773,0.659345815100069,0.0,26.15870973333333,24.595197433333336,0.0
2020-05-15 03:30:00,0.7933533402912352,0.6087614290087207,0.0,26.078499333333333,24.80131436666666,0.0
2020-05-15 03:45:00,0.8314696123025452,0.5555702330196023,0.0,26.00130396551724,24.607817448275856,0.0
2020-05-15 04:00:00,0.8660254037844386,0.5000000000000001,0.0,25.697210600000002,24.626179,0.0
2020-05-15 04:15:00,0.8968727415326884,0.44228869021900125,0.0,25.6277024137931,24.773145068965515,0.0
2020-05-15 04:30:00,0.9238795325112867,0.38268343236508984,0.0,25.482045785714284,24.796690750000003,0.0
2020-05-15 04:45:00,0.9469301294951057,0.3214394653031615,0.0,25.23093168965517,24.43690427586207,0.0
2020-05-15 05:00:00,0.9659258262890683,0.25881904510252074,0.0,25.117598600000004,24.10457963333334,0.0
2020-05-15 05:15:00,0.9807852804032304,0.19509032201612833,0.0,25.0918621,23.897232,0.0
2020-05-15 05:30:00,0.9914448613738104,0.1305261922200517,0.0,24.916967827586213,23.83947131034483,0.0
2020-05-15 05:45:00,0.9978589232386035,0.06540312923014305,0.002838054505,24.74127379999999,23.7866618,0.0
2020-05-15 06:00:00,1.0,6.123233995736766e-17,0.012961978146666601,24.74278656666667,24.07722983333333,331.99333333333334
2020-05-15 06:15:00,0.9978589232386035,-0.06540312923014292,0.0210376687241379,24.763910896551725,24.356189448275867,587.1795238095239
2020-05-15 06:30:00,0.9914448613738105,-0.13052619222005138,0.042435399,24.786322900000002,24.548886100000004,1284.2057142857143
2020-05-15 06:45:00,0.9807852804032305,-0.19509032201612797,0.1034958783448276,25.04824510344827,25.746662,3450.8971428571426
2020-05-15 07:00:00,0.9659258262890683,-0.25881904510252085,0.1994504836666666,25.6732025,28.67470703333333,6733.253333333333
2020-05-15 07:15:00,0.9469301294951057,-0.3214394653031616,0.317665025862069,26.076818,30.72550493103449,8379.64
2020-05-15 07:30:00,0.9238795325112867,-0.3826834323650897,0.3829133633333333,26.424239066666665,32.206803566666665,10109.33238095238
2020-05-15 07:45:00,0.8968727415326884,-0.44228869021900113,0.44828666310344817,27.12028751724138,34.59156220689654,12052.23142857143
2020-05-15 08:00:00,0.8660254037844387,-0.4999999999999998,0.4550275753333332,27.678970266666667,35.705856366666666,12379.565238095238
2020-05-15 08:15:00,0.8314696123025451,-0.5555702330196023,0.509315263,27.95349233333333,36.78689773333334,14071.28
2020-05-15 08:30:00,0.7933533402912352,-0.6087614290087207,0.5709116793103447,28.52621465517241,38.617749482758605,16053.013333333332
2020-05-15 08:45:00,0.7518398074789774,-0.6593458151000688,0.6253999813333333,29.319021466666655,40.738035900000014,17777.12857142857
2020-05-15 09:00:00,0.7071067811865476,-0.7071067811865475,0.6542055951724136,29.572043620689648,41.47150403448277,18697.333333333332
2020-05-15 09:15:00,0.6593458151000686,-0.7518398074789776,0.7024373413333334,30.091407233333328,43.4653736,20195.25380952381
2020-05-15 09:30:00,0.6087614290087204,-0.7933533402912353,0.7566826427586206,30.638658379310343,44.1451964137931,19997.386666666665
2020-05-15 09:45:00,0.5555702330196022,-0.8314696123025453,0.7997459940000001,31.375120033333328,45.71952399999999,19059.164285714287
2020-05-15 10:00:00,0.49999999999999994,-0.8660254037844387,0.8280959380000001,31.89209383333333,46.13117390000001,18570.720476190476
2020-05-15 10:15:00,0.4422886902190013,-0.8968727415326883,0.8748338506896551,32.43747986206897,47.14350827586207,17465.253333333334
2020-05-15 10:30:00,0.3826834323650899,-0.9238795325112867,0.9080560733333332,33.07413526666666,48.6802898,18074.0
2020-05-15 10:45:00,0.32143946530316175,-0.9469301294951056,0.943352708275862,33.19247010344828,50.249560172413794,18684.176666666666
2020-05-15 11:00:00,0.258819045102521,-0.9659258262890682,0.9579001053333333,33.46205666666668,51.61099133333334,17977.836666666666
2020-05-15 11:15:00,0.19509032201612816,-0.9807852804032304,0.9704477541379308,34.2517951724138,54.89430189655173,17757.35523809524
2020-05-15 11:30:00,0.13052619222005157,-0.9914448613738104,0.987932009,34.651454666666666,56.083952933333336,18009.66
2020-05-15 11:45:00,0.06540312923014312,-0.9978589232386035,0.9533445175862068,35.15152596551724,55.593795275862064,17059.7
2020-05-15 12:00:00,1.2246467991473532e-16,-1.0,0.9469201943333332,35.16610503333333,57.4882405,16969.051904761905
2020-05-15 12:15:00,-0.06540312923014287,-0.9978589232386035,0.977187623448276,36.37757096551724,57.58858162068966,18008.725714285712
2020-05-15 12:30:00,-0.13052619222005132,-0.9914448613738105,0.9562375366666666,35.96635756666666,58.88815280000001,17661.64857142857
2020-05-15 12:45:00,-0.19509032201612792,-0.9807852804032305,0.9790904166666669,35.992946499999995,57.72948603333334,17586.326666666668
2020-05-15 13:00:00,-0.25881904510252035,-0.9659258262890684,0.9264382120689656,36.45858144827585,60.389376793103445,17838.133333333335
2020-05-15 13:15:00,-0.3214394653031611,-0.9469301294951058,0.904246814,36.93956406666666,56.85950403333334,17768.745714285713
2020-05-15 13:30:00,-0.3826834323650892,-0.923879532511287,0.8954739062068966,36.89079344827587,57.14867327586207,18686.08761904762
2020-05-15 13:45:00,-0.44228869021900147,-0.8968727415326883,0.8660270623333335,36.614378066666674,52.980611200000006,17746.318571428572
2020-05-15 14:00:00,-0.5000000000000001,-0.8660254037844386,0.8379443868965519,36.84276606896551,54.810004896551725,18242.933333333334
2020-05-15 14:15:00,-0.5555702330196023,-0.8314696123025452,0.8261285799999999,37.3528292,53.53894659999999,18774.32
2020-05-15 14:30:00,-0.6087614290087207,-0.7933533402912352,0.6810660216666665,37.268465866666666,51.3589315,17019.533809523808
2020-05-15 14:45:00,-0.6593458151000688,-0.7518398074789774,0.68664654,37.21659834482757,49.36587620689656,18272.444285714286
2020-05-15 15:00:00,-0.7071067811865475,-0.7071067811865477,0.6538071269999998,37.115580266666655,50.19004316666666,20077.719523809523
2020-05-15 15:15:00,-0.7518398074789773,-0.6593458151000691,0.6051379079310345,37.08661827586207,48.28441227586208,19133.233333333334
2020-05-15 15:30:00,-0.7933533402912349,-0.6087614290087209,0.4486365886666666,36.626162833333325,45.371701266666655,14042.306666666667
2020-05-15 15:45:00,-0.8314696123025448,-0.555570233019603,0.5056144153333334,36.75573503333335,44.97519003333333,15855.710000000001
2020-05-15 16:00:00,-0.8660254037844385,-0.5000000000000004,0.45046358896551725,36.754657551724144,45.037737517241375,14186.605714285713
2020-05-15 16:15:00,-0.8968727415326883,-0.44228869021900136,0.3271433133333333,36.599552466666665,41.94711026666667,10408.01857142857
2020-05-15 16:30:00,-0.9238795325112868,-0.3826834323650895,0.2918783699999999,36.25738223333334,40.564846766666655,9310.133333333333
2020-05-15 16:45:00,-0.9469301294951056,-0.3214394653031618,0.3002540158620689,36.28795296551724,40.679581068965526,9733.8
2020-05-15 17:00:00,-0.9659258262890683,-0.25881904510252063,0.20380112399999997,36.00283696666666,39.219846633333326,6389.254285714286
2020-05-15 17:15:00,-0.9807852804032303,-0.19509032201612866,0.1339985576206896,35.6273375862069,37.1342668275862,4269.249523809523
2020-05-15 17:30:00,-0.9914448613738104,-0.13052619222005163,0.0668117974,35.20957449999999,35.67895299999999,2091.0466666666666
2020-05-15 17:45:00,-0.9978589232386035,-0.06540312923014362,0.0281551489655172,34.73165155172415,34.005620655172415,847.7733333333333
2020-05-15 18:00:00,-1.0,-1.8369701987210297e-16,0.0178952295833333,34.36776166666667,33.148010066666664,545.24
2020-05-15 18:15:00,-0.9978589232386036,0.06540312923014237,0.010471804437931,33.98528399999999,32.47362655172414,333.97809523809525
2020-05-15 18:30:00,-0.9914448613738104,0.13052619222005213,0.0026849175524666,33.545849633333326,31.703619466666666,51.731904761904765
2020-05-15 18:45:00,-0.9807852804032304,0.1950903220161283,0.0,33.09357417241378,31.061414,0.0
2020-05-15 19:00:00,-0.9659258262890682,0.25881904510252113,0.0,32.57998866666667,30.368819166666665,0.0
2020-05-15 19:15:00,-0.9469301294951057,0.3214394653031615,0.0,32.106470551724136,29.5702694137931,0.0
2020-05-15 19:30:00,-0.9238795325112866,0.38268343236509,0.0,31.785209066666667,29.3748617,0.0
2020-05-15 19:45:00,-0.8968727415326884,0.442288690219001,0.0,31.505344758620687,28.926431620689655,0.0
2020-05-15 20:00:00,-0.8660254037844386,0.5000000000000001,0.0,31.4473155,28.39059036666666,0.0
2020-05-15 20:15:00,-0.8314696123025455,0.5555702330196018,0.0,30.79767863333333,27.45114633333333,0.0
2020-05-15 20:30:00,-0.7933533402912352,0.6087614290087205,0.0,30.55072879310345,27.475042827586208,0.0
2020-05-15 20:45:00,-0.7518398074789777,0.6593458151000684,0.0001204262175862,31.04741058620689,29.370689551724137,0.0
2020-05-15 21:00:00,-0.7071067811865477,0.7071067811865474,0.0,30.0076782,29.1692108,0.0
2020-05-15 21:15:00,-0.6593458151000687,0.7518398074789775,0.0,28.979583733333325,28.141885233333333,0.0
2020-05-15 21:30:00,-0.608761429008721,0.7933533402912349,0.0,28.427109413793104,27.41392779310344,0.0
2020-05-15 21:45:00,-0.5555702330196022,0.8314696123025452,0.0,28.300552466666662,27.0304251,0.0
2020-05-15 22:00:00,-0.5000000000000004,0.8660254037844384,0.0,28.32985817241379,26.92777213793104,0.0
2020-05-15 22:15:00,-0.4422886902190014,0.8968727415326883,0.0,28.324164999999997,26.87666233333333,0.0
2020-05-15 22:30:00,-0.38268343236508956,0.9238795325112868,0.0,28.22888173333333,26.848583000000005,0.0
2020-05-15 22:45:00,-0.32143946530316186,0.9469301294951056,0.0,28.145526758620687,26.78983489655172,0.0
2020-05-15 23:00:00,-0.2588190451025207,0.9659258262890683,0.0,27.709494464285708,26.529794928571434,0.0
2020-05-15 23:15:00,-0.19509032201612872,0.9807852804032303,0.0,27.330631454365076,25.805496075396825,0.0
2020-05-15 23:30:00,-0.13052619222005168,0.9914448613738104,0.0,26.95176844444444,25.08119722222222,0.0
2020-05-15 23:45:00,-0.06540312923014367,0.9978589232386035,0.0,26.75583189655173,24.81448375862069,0.0
2020-05-16 00:00:00,0.0,1.0,0.0,26.52780646666667,24.433264066666666,0.0
2020-05-16 00:15:00,0.06540312923014306,0.9978589232386035,0.0,26.687312620689656,24.52914206896552,0.0
2020-05-16 00:30:00,0.13052619222005157,0.9914448613738104,0.0,26.633027833333333,24.68845123333333,0.0
2020-05-16 00:45:00,0.19509032201612825,0.9807852804032304,0.0,26.676575733333333,24.880440366666672,0.0
2020-05-16 01:00:00,0.25881904510252074,0.9659258262890683,0.0,26.44045593103448,24.55380875862069,0.0
2020-05-16 01:15:00,0.3214394653031616,0.9469301294951057,0.0,26.193041999999995,24.11722213333333,0.0
2020-05-16 01:30:00,0.3826834323650898,0.9238795325112867,0.0,26.003380103448265,23.93489220689656,0.0
2020-05-16 01:45:00,0.4422886902190013,0.8968727415326883,0.0,25.95458273333333,23.974197333333336,0.0
2020-05-16 02:00:00,0.49999999999999994,0.8660254037844387,0.0,25.73270810344827,23.781227931034483,0.0
2020-05-16 02:15:00,0.5555702330196022,0.8314696123025452,0.0,25.415572900000004,23.332380266666668,0.0
2020-05-16 02:30:00,0.6087614290087207,0.7933533402912352,0.0,25.192772241379313,22.96086503448276,0.0
2020-05-16 02:45:00,0.6593458151000688,0.7518398074789774,0.0,24.890646333333336,22.694644266666664,0.0
2020-05-16 03:00:00,0.7071067811865476,0.7071067811865476,0.0,24.73890786666667,22.36363426666667,0.0
2020-05-16 03:15:00,0.7518398074789773,0.659345815100069,0.0,24.387892137931036,22.108074344827585,0.0
2020-05-16 03:30:00,0.7933533402912352,0.6087614290087207,0.0,24.3363027,21.9420616,0.0
2020-05-16 03:45:00,0.8314696123025452,0.5555702330196023,0.0,24.443725379310344,21.88146162068965,0.0
2020-05-16 04:00:00,0.8660254037844386,0.5000000000000001,0.0,24.145103033333328,21.844980999999997,0.0
2020-05-16 04:15:00,0.8968727415326884,0.44228869021900125,0.0,23.82684310344827,21.786381275862077,0.0
2020-05-16 04:30:00,0.9238795325112867,0.38268343236508984,0.0,23.926709899999995,21.9009552,0.0
2020-05-16 04:45:00,0.9469301294951057,0.3214394653031615,0.0,23.850604333333333,21.746985866666662,0.0
2020-05-16 05:00:00,0.9659258262890683,0.25881904510252074,0.0,23.555944965517245,21.469423448275865,0.0
2020-05-16 05:15:00,0.9807852804032304,0.19509032201612833,0.0,23.608172666666665,21.290091866666668,0.0
2020-05-16 05:30:00,0.9914448613738104,0.1305261922200517,0.0,23.658127551724135,21.13980431034483,0.0
2020-05-16 05:45:00,0.9978589232386035,0.06540312923014305,0.001471635056,23.7527953,21.5181203,0.0
2020-05-16 06:00:00,1.0,6.123233995736766e-17,0.013038686723333302,24.044604566666667,22.218803,313.557619047619
2020-05-16 06:15:00,0.9978589232386035,-0.06540312923014292,0.0351802419310345,23.967375551724135,22.682919206896557,1032.84
2020-05-16 06:30:00,0.9914448613738105,-0.13052619222005138,0.0609255881666666,24.587146000000004,23.915494766666665,1892.047619047619
2020-05-16 06:45:00,0.9807852804032305,-0.19509032201612797,0.0875569148620689,25.354185862068963,25.459055931034484,2790.5666666666666
2020-05-16 07:00:00,0.9659258262890683,-0.25881904510252085,0.1271157612,25.97149146666667,27.4219574,3700.975238095238
2020-05-16 07:15:00,0.9469301294951057,-0.3214394653031616,0.1977868686206896,26.566503000000008,28.13256420689656,5537.123333333334
2020-05-16 07:30:00,0.9238795325112867,-0.3826834323650897,0.3151637090000001,27.209009833333326,28.955779966666668,8557.279999999999
2020-05-16 07:45:00,0.8968727415326884,-0.44228869021900113,0.3058852646666667,27.765504866666664,34.27935109999999,8476.396666666666
2020-05-16 08:00:00,0.8660254037844387,-0.4999999999999998,0.440460198965517,28.175339344827588,37.61465024137932,11957.473333333333
2020-05-16 08:15:00,0.8314696123025451,-0.5555702330196023,0.4899591566666666,29.1131897,42.300315966666666,13697.88619047619
2020-05-16 08:30:00,0.7933533402912352,-0.6087614290087207,0.5499689682758621,29.58924068965517,45.436127724137926,15514.132857142857
2020-05-16 08:45:00,0.7518398074789774,-0.6593458151000688,0.5789609316666666,30.2332306,47.403093399999996,16532.306666666667
2020-05-16 09:00:00,0.7071067811865476,-0.7071067811865475,0.6565032462068967,30.441318862068968,48.82589500000001,18643.05904761905
2020-05-16 09:15:00,0.6593458151000686,-0.7518398074789776,0.7055703729999999,31.131299866666662,51.067704066666664,19964.40476190476
2020-05-16 09:30:00,0.6087614290087204,-0.7933533402912353,0.7526609196666668,31.737163266666663,54.30058103333333,21194.826666666664
2020-05-16 09:45:00,0.5555702330196022,-0.8314696123025453,0.7908359968965514,32.11526058620689,56.264713862068966,21132.76523809524
2020-05-16 10:00:00,0.49999999999999994,-0.8660254037844387,0.8210548630000001,32.42292273333334,56.885681000000005,17822.166666666668
2020-05-16 10:15:00,0.4422886902190013,-0.8968727415326883,0.850826361724138,32.974314482758615,58.694732793103455,18617.789523809523
2020-05-16 10:30:00,0.3826834323650899,-0.9238795325112867,0.8944378663333334,33.75172126666666,59.498480466666656,16596.39476190476
2020-05-16 10:45:00,0.32143946530316175,-0.9469301294951056,0.8842393555172413,33.87341937931034,59.90787155172415,17041.871428571427
2020-05-16 11:00:00,0.258819045102521,-0.9659258262890682,0.9198567633333332,34.151093499999995,61.63474146666669,17570.84857142857
2020-05-16 11:15:00,0.19509032201612816,-0.9807852804032304,0.930322056,34.838311733333335,62.845888866666655,17782.994761904763
2020-05-16 11:30:00,0.13052619222005157,-0.9914448613738104,0.9810386655172416,34.8309061724138,63.092098931034485,18292.12
2020-05-16 11:45:00,0.06540312923014312,-0.9978589232386035,0.9896192403333331,35.47820933333332,63.82718396666667,17485.090952380953
2020-05-16 12:00:00,1.2246467991473532e-16,-1.0,0.9797943403448275,36.231302137931024,66.0162788275862,16119.827142857142
2020-05-16 12:15:00,-0.06540312923014287,-0.9978589232386035,0.6037395006666664,36.358955866666655,62.169259600000004,13660.139047619046
2020-05-16 12:30:00,-0.13052619222005132,-0.9914448613738105,0.731962184,35.73488673333333,55.99414356666668,15947.421428571428
2020-05-16 12:45:00,-0.19509032201612792,-0.9807852804032305,0.48704871206896533,35.67410289655172,53.97351393103449,11057.164285714285
2020-05-16 13:00:00,-0.25881904510252035,-0.9659258262890684,0.70216736,35.51978066666666,53.70854493333332,16365.330476190476
2020-05-16 13:15:00,-0.3214394653031611,-0.9469301294951058,0.6825979027586205,35.95901182758621,54.6805472413793,16549.509047619045
2020-05-16 13:30:00,-0.3826834323650892,-0.923879532511287,0.8414354963333334,36.162999766666665,57.33585800000001,17928.887142857144
2020-05-16 13:45:00,-0.44228869021900147,-0.8968727415326883,0.4480849389999999,35.903057700000005,52.90961203333333,10545.405714285715
2020-05-16 14:00:00,-0.5000000000000001,-0.8660254037844386,0.634171807586207,35.1703901724138,48.407383448275866,13976.779999999999
2020-05-16 14:15:00,-0.5555702330196023,-0.8314696123025452,0.713821422,35.07013266666666,47.87680756666668,18914.999047619047
2020-05-16 14:30:00,-0.6087614290087207,-0.7933533402912352,0.7975343986206895,35.35950041379311,51.45765844827587,19055.24380952381
2020-05-16 14:45:00,-0.6593458151000688,-0.7518398074789774,0.464079111,35.03316013333334,47.3765094,13788.718571428572
2020-05-16 15:00:00,-0.7071067811865475,-0.7071067811865477,0.443339748,34.605278500000004,44.74481596666666,13911.71380952381
2020-05-16 15:15:00,-0.7518398074789773,-0.6593458151000691,0.304116098275862,34.166512275862075,40.970847448275855,9766.206666666667
2020-05-16 15:30:00,-0.7933533402912349,-0.6087614290087209,0.3934120083333333,34.53725489999999,42.3535389,12599.598095238094
2020-05-16 15:45:00,-0.8314696123025448,-0.555570233019603,0.3116804148275861,34.33549355172413,41.21859306896552,10075.410952380953
2020-05-16 16:00:00,-0.8660254037844385,-0.5000000000000004,0.22228577399999996,34.15994656666666,39.690612866666655,7246.648095238095
2020-05-16 16:15:00,-0.8968727415326883,-0.44228869021900136,0.21924623758620687,33.8724427586207,38.416914103448285,7005.188571428571
2020-05-16 16:30:00,-0.9238795325112868,-0.3826834323650895,0.1167878973333333,33.260399433333326,37.33207720000001,3638.2066666666665
2020-05-16 16:45:00,-0.9469301294951056,-0.3214394653031618,0.0669655043666666,31.583788233333337,33.56913959999999,2197.7514285714287
2020-05-16 17:00:00,-0.9659258262890683,-0.25881904510252063,0.0890762916206896,31.56179186206896,33.81071955172414,2814.942380952381
2020-05-16 17:15:00,-0.9807852804032303,-0.19509032201612866,0.0307999431833333,31.838677099999998,32.7122988,989.4195238095238
2020-05-16 17:30:00,-0.9914448613738104,-0.13052619222005163,0.0055210760799999,31.224220733333336,29.016643266666662,351.05333333333334
2020-05-16 17:45:00,-0.9978589232386035,-0.06540312923014362,0.0027049280665517,30.5263031724138,27.029708379310332,170.07333333333332
2020-05-16 18:00:00,-1.0,-1.8369701987210297e-16,0.0,29.6090585,26.4780304,17.282857142857143
2020-05-16 18:15:00,-0.9978589232386036,0.06540312923014237,0.00042744677137929995,29.016219655172417,26.25001072413793,0.0
2020-05-16 18:30:00,-0.9914448613738104,0.13052619222005213,0.001152606812,29.191568099999998,26.27404806666668,0.0
2020-05-16 18:45:00,-0.9807852804032304,0.1950903220161283,0.0006664907476666,29.557291533333327,25.794328700000005,0.0
2020-05-16 19:00:00,-0.9659258262890682,0.25881904510252113,0.0014265874813793001,30.232590344827585,27.72766,0.0
2020-05-16 19:15:00,-0.9469301294951057,0.3214394653031615,8.698919513333332e-05,29.9654093,29.119404200000005,0.0
2020-05-16 19:30:00,-0.9238795325112866,0.38268343236509,0.0,29.823854724137927,28.76035496551724,0.0
2020-05-16 19:45:00,-0.8968727415326884,0.442288690219001,0.0,29.420118100000003,28.404772933333334,0.0
2020-05-16 20:00:00,-0.8660254037844386,0.5000000000000001,0.0,28.763137344827587,27.835330310344833,0.0
2020-05-16 20:15:00,-0.8314696123025455,0.5555702330196018,0.0,28.20594473333334,27.102158700000004,0.0
2020-05-16 20:30:00,-0.7933533402912352,0.6087614290087205,0.0,28.205386266666668,26.741445866666677,0.0
2020-05-16 20:45:00,-0.7518398074789777,0.6593458151000684,0.0,28.360543206896555,26.71066275862069,0.0
2020-05-16 21:00:00,-0.7071067811865477,0.7071067811865474,0.0,28.578784100000004,26.9042196,0.0
2020-05-16 21:15:00,-0.6593458151000687,0.7518398074789775,0.0,28.61048517241379,27.115082793103443,0.0
2020-05-16 21:30:00,-0.608761429008721,0.7933533402912349,0.0,28.4075919,26.798993800000005,0.0
2020-05-16 21:45:00,-0.5555702330196022,0.8314696123025452,0.0,28.27099406666666,26.638355366666666,0.0
2020-05-16 22:00:00,-0.5000000000000004,0.8660254037844384,0.0,28.258463862068968,26.729321620689657,0.0
2020-05-16 22:15:00,-0.4422886902190014,0.8968727415326883,0.0,28.136055633333328,26.82591456666667,0.0
2020-05-16 22:30:00,-0.38268343236508956,0.9238795325112868,0.0,28.31342096551724,27.72299413793103,0.0
2020-05-16 22:45:00,-0.32143946530316186,0.9469301294951056,0.0,28.208466666666663,27.788521233333334,0.0
2020-05-16 23:00:00,-0.2588190451025207,0.9659258262890683,0.0,27.52852131034483,27.18614355172414,0.0
2020-05-16 23:15:00,-0.19509032201612872,0.9807852804032303,0.0,27.13286423333333,26.697984833333336,0.0
2020-05-16 23:30:00,-0.13052619222005168,0.9914448613738104,0.0,26.87304173333333,26.26826893333333,0.0
2020-05-16 23:45:00,-0.06540312923014367,0.9978589232386035,0.0,26.52578620689655,25.573910379310345,0.0
2020-05-17 00:00:00,0.0,1.0,0.0,26.290046066666665,25.420961466666665,0.0
2020-05-17 00:15:00,0.06540312923014306,0.9978589232386035,0.0,26.148865724137924,25.07488058620689,0.0
2020-05-17 00:30:00,0.13052619222005157,0.9914448613738104,0.0,25.88355113333333,24.7258465,0.0
2020-05-17 00:45:00,0.19509032201612825,0.9807852804032304,0.0,25.906167800000006,24.595490533333336,0.0
2020-05-17 01:00:00,0.25881904510252074,0.9659258262890683,0.0,25.762797379310346,24.34820031034483,0.0
2020-05-17 01:15:00,0.3214394653031616,0.9469301294951057,0.0,25.516406200000002,23.86896563333333,0.0
2020-05-17 01:30:00,0.3826834323650898,0.9238795325112867,0.0,25.367535400000005,23.30727846666667,0.0
2020-05-17 01:45:00,0.4422886902190013,0.8968727415326883,0.0,24.830521599999997,22.68963426666667,0.0
2020-05-17 02:00:00,0.49999999999999994,0.8660254037844387,0.0,24.73006183333333,22.41169846666667,0.0
2020-05-17 02:15:00,0.5555702330196022,0.8314696123025452,0.0,24.467926172413787,22.172177068965517,0.0
2020-05-17 02:30:00,0.6087614290087207,0.7933533402912352,0.0,24.2546642,21.830827966666668,0.0
2020-05-17 02:45:00,0.6593458151000688,0.7518398074789774,0.0,24.288478482758624,22.096859793103448,0.0
2020-05-17 03:00:00,0.7071067811865476,0.7071067811865476,0.0,24.1800069,22.02151296666667,0.0
2020-05-17 03:15:00,0.7518398074789773,0.659345815100069,0.0,23.95225926666667,21.7182801,0.0
2020-05-17 03:30:00,0.7933533402912352,0.6087614290087207,0.0,24.118318793103448,22.020067,0.0
2020-05-17 03:45:00,0.8314696123025452,0.5555702330196023,0.0,24.31887113333333,22.570317666666664,0.0
2020-05-17 04:00:00,0.8660254037844386,0.5000000000000001,0.0,24.36630162068965,22.70163386206896,0.0
2020-05-17 04:15:00,0.8968727415326884,0.44228869021900125,4.478824343333332e-05,24.637875333333326,23.12236843333333,0.0
2020-05-17 04:30:00,0.9238795325112867,0.38268343236508984,0.0,24.72773365517241,23.30426886206897,0.0
2020-05-17 04:45:00,0.9469301294951057,0.3214394653031615,0.0,24.898120000000002,23.51796473333333,0.0
2020-05-17 05:00:00,0.9659258262890683,0.25881904510252074,0.0,24.736520689655173,23.29568382758621,0.0
2020-05-17 05:15:00,0.9807852804032304,0.19509032201612833,0.0,24.85698943333333,23.20309153333333,0.0
2020-05-17 05:30:00,0.9914448613738104,0.1305261922200517,0.0,24.683102300000005,23.135338366666662,0.0
2020-05-17 05:45:00,0.9978589232386035,0.06540312923014305,9.398705537931033e-05,24.473037241379306,22.776863793103452,0.0
2020-05-17 06:00:00,1.0,6.123233995736766e-17,0.005539939377931,24.319194931034485,23.056784827586203,85.45333333333333
2020-05-17 06:15:00,0.9978589232386035,-0.06540312923014292,0.0183704660333333,25.05646456666667,24.00412286666667,530.2542857142857
2020-05-17 06:30:00,0.9914448613738105,-0.13052619222005138,0.0262915067333333,25.291162066666672,24.82253713333333,790.055238095238
2020-05-17 06:45:00,0.9807852804032305,-0.19509032201612797,0.0311807835517241,25.52368889655172,25.355253000000005,942.8909523809524
2020-05-17 07:00:00,0.9659258262890683,-0.25881904510252085,0.047666922,25.723395833333328,25.946431433333327,1497.9885714285715
2020-05-17 07:15:00,0.9469301294951057,-0.3214394653031616,0.0694368633448276,26.135726448275864,27.00165524137931,2247.4266666666667
2020-05-17 07:30:00,0.9238795325112867,-0.3826834323650897,0.1270576554999999,26.674718199999997,28.91844586666667,4074.0695238095236
2020-05-17 07:45:00,0.8968727415326884,-0.44228869021900113,0.23571825199999988,27.605171699999996,32.49521086666666,7276.105238095238
2020-05-17 08:00:00,0.8660254037844387,-0.4999999999999998,0.43066671413793095,28.544006379310346,37.891594034482765,12329.71619047619
2020-05-17 08:15:00,0.8314696123025451,-0.5555702330196023,0.46176349233333336,29.2123748,43.30446356666668,13375.270476190477
2020-05-17 08:30:00,0.7933533402912352,-0.6087614290087207,0.5120760037931033,29.689127689655166,44.71320524137932,14594.586666666666
2020-05-17 08:45:00,0.7518398074789774,-0.6593458151000688,0.47091149400000004,29.98807683333333,45.068606466666665,13939.560952380953
2020-05-17 09:00:00,0.7071067811865476,-0.7071067811865475,0.5358374679310345,30.047706344827592,44.35975200000001,15864.659523809523
2020-05-17 09:15:00,0.6593458151000686,-0.7518398074789776,0.7126864326666665,30.70545853333333,48.360558,20434.131904761904
2020-05-17 09:30:00,0.6087614290087204,-0.7933533402912353,0.6903431299999999,31.6398318,51.343681800000006,17300.712857142855
2020-05-17 09:45:00,0.5555702330196022,-0.8314696123025453,0.7143508155172414,31.798153655172413,50.57241631034481,17717.393333333333
2020-05-17 10:00:00,0.49999999999999994,-0.8660254037844387,0.6756343696666666,32.372193566666674,52.08409933333333,15965.435714285713
2020-05-17 10:15:00,0.4422886902190013,-0.8968727415326883,0.5722676586666666,32.30568233333333,49.34352216666668,13423.970476190476
2020-05-17 10:30:00,0.3826834323650899,-0.9238795325112867,0.6707603986206897,32.44208482758621,48.37232193103448,17289.507619047617
2020-05-17 10:45:00,0.32143946530316175,-0.9469301294951056,0.7487384033333335,32.98318686666667,50.800837966666656,16788.320952380953
2020-05-17 11:00:00,0.258819045102521,-0.9659258262890682,0.7441024282758621,33.59000886206896,51.39774210344828,15127.646666666667
2020-05-17 11:15:00,0.19509032201612816,-0.9807852804032304,0.681933306,33.80211653333333,51.108978366666655,13797.64238095238
2020-05-17 11:30:00,0.13052619222005157,-0.9914448613738104,0.4981052958620688,33.97323479310345,47.9988477586207,12095.34
2020-05-17 11:45:00,0.06540312923014312,-0.9978589232386035,0.4553650786666666,33.6794626,44.84200643333333,14267.708571428571
2020-05-17 12:00:00,1.2246467991473532e-16,-1.0,0.5253698983333334,33.770686966666666,46.61196483333334,16429.01619047619
2020-05-17 12:15:00,-0.06540312923014287,-0.9978589232386035,0.5782548813793102,34.136448310344825,48.85399431034482,17958.74
2020-05-17 12:30:00,-0.13052619222005132,-0.9914448613738105,0.6100332046666667,34.32172226666668,50.20386160000001,18671.429523809522
2020-05-17 12:45:00,-0.19509032201612792,-0.9807852804032305,0.7156156220689655,34.64678210344827,51.27062162068966,18492.44238095238
2020-05-17 13:00:00,-0.25881904510252035,-0.9659258262890684,0.754738481,35.0309509,53.76064456666666,18502.626666666667
2020-05-17 13:15:00,-0.3214394653031611,-0.9469301294951058,0.7998285427586208,35.52410268965517,56.54186906896552,14833.030476190475
2020-05-17 13:30:00,-0.3826834323650892,-0.923879532511287,0.6887480663333334,36.10341906666667,59.100529966666656,9830.653333333334
2020-05-17 13:45:00,-0.44228869021900147,-0.8968727415326883,0.7612834286206897,36.21466379310345,55.30187886206895,17951.210952380952
2020-05-17 14:00:00,-0.5000000000000001,-0.8660254037844386,0.7789892303333334,36.4980315,54.58956799999999,16154.867142857143
2020-05-17 14:15:00,-0.5555702330196023,-0.8314696123025452,0.732283932,36.60296943333335,52.84633386666666,17191.741904761904
2020-05-17 14:30:00,-0.6087614290087207,-0.7933533402912352,0.5855804424137931,36.83124206896552,51.13231051724138,14813.366666666667
2020-05-17 14:45:00,-0.6593458151000688,-0.7518398074789774,0.49268455899999997,36.53318553333334,49.36536973333334,14521.96
2020-05-17 15:00:00,-0.7071067811865475,-0.7071067811865477,0.3013766968965517,36.10952948275863,45.67703886206896,9389.083809523809
2020-05-17 15:15:00,-0.7518398074789773,-0.6593458151000691,0.2451468573333333,35.419343399999995,40.62791256666667,7986.613333333333
2020-05-17 15:30:00,-0.7933533402912349,-0.6087614290087209,0.283091291,35.6123197,40.969849633333325,9297.790476190477
2020-05-17 15:45:00,-0.8314696123025448,-0.555570233019603,0.2785615713793103,35.5120261724138,41.27848017241379,9066.5
2020-05-17 16:00:00,-0.8660254037844385,-0.5000000000000004,0.2795773376666665,35.33530586666666,40.34242463333332,9112.459523809523
2020-05-17 16:15:00,-0.8968727415326883,-0.44228869021900136,0.4279635396296296,35.821209925925935,42.76871762962963,14004.575824175823
2020-05-17 16:30:00,-0.9238795325112868,-0.3826834323650895,0.4045281216666666,36.07769153333333,44.569872033333326,13119.66238095238
2020-05-17 16:45:00,-0.9469301294951056,-0.3214394653031618,0.3040243293333332,36.44374493333334,43.57221573333334,9941.61238095238
2020-05-17 17:00:00,-0.9659258262890683,-0.25881904510252063,0.093825594,35.507159172413786,38.92884879310344,2960.6
2020-05-17 17:15:00,-0.9807852804032303,-0.19509032201612866,0.11243402089999989,35.09537646666667,36.100673466666656,3484.299523809524
2020-05-17 17:30:00,-0.9914448613738104,-0.13052619222005163,0.157049409137931,35.30165672413793,37.281979379310336,4954.152857142857
2020-05-17 17:45:00,-0.9978589232386035,-0.06540312923014362,0.0815178720666666,35.0653644,36.49970813333333,2556.2395238095237
2020-05-17 18:00:00,-1.0,-1.8369701987210297e-16,0.0685123559666666,34.57465116666667,35.23109946666666,2253.3366666666666
2020-05-17 18:15:00,-0.9978589232386036,0.06540312923014237,0.025263765344827497,34.26270155172412,33.82328855172414,845.96
2020-05-17 18:30:00,-0.9914448613738104,0.13052619222005213,0.0048542384033333,33.82243973333334,31.868562866666664,157.09857142857143
2020-05-17 18:45:00,-0.9807852804032304,0.1950903220161283,0.0,32.505662655172415,30.87187879310345,0.0
2020-05-17 19:00:00,-0.9659258262890682,0.25881904510252113,0.0,31.505608199999998,30.328579666666656,0.0
2020-05-17 19:15:00,-0.9469301294951057,0.3214394653031615,0.0,31.155717000000003,29.985615999999997,0.0
2020-05-17 19:30:00,-0.9238795325112866,0.38268343236509,0.0,30.802734275862075,29.774999034482757,0.0
2020-05-17 19:45:00,-0.8968727415326884,0.442288690219001,0.0,30.547670433333337,29.623739566666664,0.0
2020-05-17 20:00:00,-0.8660254037844386,0.5000000000000001,0.0,30.300568827586208,29.35396499999999,0.0
2020-05-17 20:15:00,-0.8314696123025455,0.5555702330196018,0.0,29.811618933333328,29.0146261,0.0
2020-05-17 20:30:00,-0.7933533402912352,0.6087614290087205,0.0,29.1945903,28.482287666666664,0.0
2020-05-17 20:45:00,-0.7518398074789777,0.6593458151000684,0.0,28.80817068965517,28.060144827586203,0.0
2020-05-17 21:00:00,-0.7071067811865477,0.7071067811865474,0.0,28.49680176666666,27.8069132,0.0
2020-05-17 21:15:00,-0.6593458151000687,0.7518398074789775,0.0,28.221233689655172,27.64579282758621,0.0
2020-05-17 21:30:00,-0.608761429008721,0.7933533402912349,0.0,27.90885813333334,27.563309933333333,0.0
2020-05-17 21:45:00,-0.5555702330196022,0.8314696123025452,0.0,27.756202166666665,27.456904133333328,0.0
2020-05-17 22:00:00,-0.5000000000000004,0.8660254037844384,0.0,26.50748420689656,25.221006344827583,0.0
2020-05-17 22:15:00,-0.4422886902190014,0.8968727415326883,0.0016489731516666,26.32278346666666,24.444667433333333,0.0
2020-05-17 22:30:00,-0.38268343236508956,0.9238795325112868,0.0019374660551724,26.622738586206893,24.97724548275862,0.0
2020-05-17 22:45:00,-0.32143946530316186,0.9469301294951056,0.0010388260513333,26.279789100000002,25.810257866666674,0.0
2020-05-17 23:00:00,-0.2588190451025207,0.9659258262890683,0.0007459025993333,26.047402966666663,25.58270970000001,0.0
2020-05-17 23:15:00,-0.19509032201612872,0.9807852804032303,0.0001429450220689,25.51867668965517,25.402041793103454,0.0
2020-05-17 23:30:00,-0.13052619222005168,0.9914448613738104,0.0,24.473160699999998,24.721717233333333,0.0
2020-05-17 23:45:00,-0.06540312923014367,0.9978589232386035,0.0,23.42992334482759,23.82487224137931,0.0
2020-05-18 00:00:00,0.0,1.0,0.0,23.441599666666676,23.655607233333328,0.0
2020-05-18 00:15:00,0.06540312923014306,0.9978589232386035,0.0,23.88182434482759,23.5995621724138,0.0
2020-05-18 00:30:00,0.13052619222005157,0.9914448613738104,0.0,24.515677933333333,23.709772966666662,0.0
2020-05-18 00:45:00,0.19509032201612825,0.9807852804032304,0.0,25.033409566666663,23.981148333333337,0.0
2020-05-18 01:00:00,0.25881904510252074,0.9659258262890683,0.0,25.385701999999995,24.332798310344824,0.0
2020-05-18 01:15:00,0.3214394653031616,0.9469301294951057,0.0,25.4975228,24.42722153333333,0.0
2020-05-18 01:30:00,0.3826834323650898,0.9238795325112867,0.0,25.53473610344828,24.60439417241379,0.0
2020-05-18 01:45:00,0.4422886902190013,0.8968727415326883,0.0,25.494532066666668,24.99542026666667,0.0
2020-05-18 02:00:00,0.49999999999999994,0.8660254037844387,0.0,24.925125033333334,24.870464266666662,0.0
2020-05-18 02:15:00,0.5555702330196022,0.8314696123025452,0.0,24.694614724137935,24.69655734482759,0.0
2020-05-18 02:30:00,0.6087614290087207,0.7933533402912352,0.0,24.847948,24.792500000000004,0.0
2020-05-18 02:45:00,0.6593458151000688,0.7518398074789774,0.0,24.940316999999997,24.90185237931034,0.0
2020-05-18 03:00:00,0.7071067811865476,0.7071067811865476,0.0,25.032384133333327,24.97456553333333,0.0
2020-05-18 03:15:00,0.7518398074789773,0.659345815100069,0.0,24.9947755,24.7240641,0.0
2020-05-18 03:30:00,0.7933533402912352,0.6087614290087207,3.044425379310345e-05,24.698266310344824,24.10419668965517,0.0
2020-05-18 03:45:00,0.8314696123025452,0.5555702330196023,9.724493333333333e-05,24.366484666666675,23.828308199999995,0.0
2020-05-18 04:00:00,0.8660254037844386,0.5000000000000001,0.0,23.957140689655173,23.491908793103445,0.0
2020-05-18 04:15:00,0.8968727415326884,0.44228869021900125,0.0003083751808666,23.24427496666667,22.8459626,0.0
2020-05-18 04:30:00,0.9238795325112867,0.38268343236508984,0.0,20.942384766666667,20.78624756666667,0.0
2020-05-18 04:45:00,0.9469301294951057,0.3214394653031615,0.0,20.95653134482759,20.93981193103448,0.0
2020-05-18 05:00:00,0.9659258262890683,0.25881904510252074,0.0,20.963444933333328,21.0104237,0.0
2020-05-18 05:15:00,0.9807852804032304,0.19509032201612833,2.7799756655172406e-05,21.226854034482763,21.11130072413793,0.0
2020-05-18 05:30:00,0.9914448613738104,0.1305261922200517,0.0,21.544671666666677,21.298067133333337,0.0
2020-05-18 05:45:00,0.9978589232386035,0.06540312923014305,0.0,21.69882520689656,21.302836379310342,0.0
2020-05-18 06:00:00,1.0,6.123233995736766e-17,0.0002661739907,21.56733580000001,21.031936566666666,0.0
2020-05-18 06:15:00,0.9978589232386035,-0.06540312923014292,0.0008433108796666,21.769482433333323,21.18667396666666,0.0
2020-05-18 06:30:00,0.9914448613738105,-0.13052619222005138,0.0015422382517241,22.012576241379307,21.32534503448276,0.0
2020-05-18 06:45:00,0.9807852804032305,-0.19509032201612797,0.0034551432533333,22.117356600000004,21.35921143333333,0.0
2020-05-18 07:00:00,0.9659258262890683,-0.25881904510252085,0.0066534674275862,22.266623413793106,21.529330586206893,82.74666666666667
2020-05-18 07:15:00,0.9469301294951057,-0.3214394653031616,0.0111933843666666,22.6920623,21.737910933333332,318.20619047619044
2020-05-18 07:30:00,0.9238795325112867,-0.3826834323650897,0.0198939469666666,22.9404184,22.058558200000004,593.2871428571428
2020-05-18 07:45:00,0.8968727415326884,-0.44228869021900113,0.0399777279655172,23.156025344827587,22.699053551724138,1322.6414285714286
2020-05-18 08:00:00,0.8660254037844387,-0.4999999999999998,0.1108077218666666,23.4337169,24.26010233333333,3743.65
2020-05-18 08:15:00,0.8314696123025451,-0.5555702330196023,0.2145577755172414,24.188384034482752,26.959184310344824,7122.7071428571435
2020-05-18 08:30:00,0.7933533402912352,-0.6087614290087207,0.286081037,25.090119333333334,29.4129538,9356.278095238094
2020-05-18 08:45:00,0.7518398074789774,-0.6593458151000688,0.39532014033333335,26.415036066666666,34.17802436666666,12306.028095238094
2020-05-18 09:00:00,0.7071067811865476,-0.7071067811865475,0.42292100068965516,26.55128113793103,34.97463162068965,13168.936666666666
2020-05-18 09:15:00,0.6593458151000686,-0.7518398074789776,0.4732118349999999,27.0270212,36.77487683333332,14446.750952380951
2020-05-18 09:30:00,0.6087614290087204,-0.7933533402912353,0.5877528527586208,27.32489017241379,37.78216986206897,17334.654285714285
2020-05-18 09:45:00,0.5555702330196022,-0.8314696123025453,0.6936572341379309,27.701905379310343,40.01903634482758,17378.552857142855
2020-05-18 10:00:00,0.49999999999999994,-0.8660254037844387,0.6619857259999999,27.856152266666676,40.04020273333332,15700.525714285714
2020-05-18 10:15:00,0.4422886902190013,-0.8968727415326883,0.6871823993103447,28.334036034482764,41.74061737931036,15725.287619047618
2020-05-18 10:30:00,0.3826834323650899,-0.9238795325112867,0.457640915,28.277725233333328,38.94443266666667,10860.010476190477
2020-05-18 10:45:00,0.32143946530316175,-0.9469301294951056,0.4531049243333333,28.130790266666665,37.07710153333334,13576.18857142857
2020-05-18 11:00:00,0.258819045102521,-0.9659258262890682,0.6689661120689653,28.949897448275863,41.61910062068966,17502.057619047617
2020-05-18 11:15:00,0.19509032201612816,-0.9807852804032304,0.733017678,29.270029633333333,44.4611593,17018.78523809524
2020-05-18 11:30:00,0.13052619222005157,-0.9914448613738104,0.7727462144827584,29.42511820689656,45.57827120689655,17112.14
2020-05-18 11:45:00,0.06540312923014312,-0.9978589232386035,0.8346098513333335,29.8037496,47.60093166666666,17561.54095238095
2020-05-18 12:00:00,1.2246467991473532e-16,-1.0,0.8786557337931034,30.224230482758625,49.63103317241378,17315.75857142857
2020-05-18 12:15:00,-0.06540312923014287,-0.9978589232386035,0.8129037663333335,30.198338766666662,48.785755133333325,15981.88095238095
2020-05-18 12:30:00,-0.13052619222005132,-0.9914448613738105,0.8767699360000001,30.606464633333335,49.40591829999999,17892.292857142857
2020-05-18 12:45:00,-0.19509032201612792,-0.9807852804032305,0.74495337,30.55539796551724,48.349171655172405,14861.566666666666
2020-05-18 13:00:00,-0.25881904510252035,-0.9659258262890684,0.7598188213333331,30.690965866666673,46.304233,15050.046666666667
2020-05-18 13:15:00,-0.3214394653031611,-0.9469301294951058,0.8388255679310344,31.415864172413805,49.11488696551723,15465.539999999999
2020-05-18 13:30:00,-0.3826834323650892,-0.923879532511287,0.8313699896666666,32.053389366666664,50.117130533333345,16775.294761904763
2020-05-18 13:45:00,-0.44228869021900147,-0.8968727415326883,0.7953829,32.3029751,50.82574513333334,16369.834761904762
2020-05-18 14:00:00,-0.5000000000000001,-0.8660254037844386,0.7585735186206896,32.429869551724146,50.336128,16919.540476190476
2020-05-18 14:15:00,-0.5555702330196023,-0.8314696123025452,0.7463281493333334,33.168809033333325,50.758866600000005,17007.04
2020-05-18 14:30:00,-0.6087614290087207,-0.7933533402912352,0.7109748358620688,33.362330931034485,50.32767351724138,16974.10523809524
2020-05-18 14:45:00,-0.6593458151000688,-0.7518398074789774,0.6675782790000002,33.482829466666665,49.369564,17422.714285714286
2020-05-18 15:00:00,-0.7071067811865475,-0.7071067811865477,0.6223585434482761,33.88921465517242,49.1997121724138,17164.501904761906
2020-05-18 15:15:00,-0.7518398074789773,-0.6593458151000691,0.48124581899999996,33.72917989999999,46.27826336666665,14748.004285714285
2020-05-18 15:30:00,-0.7933533402912349,-0.6087614290087209,0.3532313366666666,33.613372500000004,43.14834789999999,11489.74857142857
2020-05-18 15:45:00,-0.8314696123025448,-0.555570233019603,0.3397950134482759,33.40481962068966,40.65085562068965,10882.764761904762
2020-05-18 16:00:00,-0.8660254037844385,-0.5000000000000004,0.41683871166666653,34.07618586666667,42.393848766666665,13491.690476190475
2020-05-18 16:15:00,-0.8968727415326883,-0.44228869021900136,0.3776245151724137,34.20788975862068,42.55650703448276,12289.881904761904
2020-05-18 16:30:00,-0.9238795325112868,-0.3826834323650895,0.2632670296666666,33.34700529999999,40.1755146,8492.772380952381
2020-05-18 16:45:00,-0.9469301294951056,-0.3214394653031618,0.1800321872413792,32.58227827586207,36.7663142413793,5862.802380952381
2020-05-18 17:00:00,-0.9659258262890683,-0.25881904510252063,0.1679854803333333,32.15728253333334,35.155683233333335,5481.2
2020-05-18 17:15:00,-0.9807852804032303,-0.19509032201612866,0.1303982456551724,31.96495755172414,34.34314610344827,4248.7585714285715
2020-05-18 17:30:00,-0.9914448613738104,-0.13052619222005163,0.0845372788333333,31.54798583333333,32.76274516666666,2751.1957142857145
2020-05-18 17:45:00,-0.9978589232386035,-0.06540312923014362,0.0564699078275862,31.191822,31.46601924137931,1740.1204761904762
2020-05-18 18:00:00,-1.0,-1.8369701987210297e-16,0.0366922300333333,30.797890166666665,30.46620993333333,1150.6138095238096
2020-05-18 18:15:00,-0.9978589232386036,0.06540312923014237,0.019040468137931,30.54190382758621,29.610186310344815,579.0600000000001
2020-05-18 18:30:00,-0.9914448613738104,0.13052619222005213,0.006231229831666601,30.34277076666667,29.031971233333334,133.97095238095238
2020-05-18 18:45:00,-0.9807852804032304,0.1950903220161283,4.477383166666667e-05,30.05953873333333,28.599336766666667,0.0
2020-05-18 19:00:00,-0.9659258262890682,0.25881904510252113,0.0,29.33382027586207,28.254738689655177,0.0
2020-05-18 19:15:00,-0.9469301294951057,0.3214394653031615,0.0,28.6457164,27.8103148,0.0
2020-05-18 19:30:00,-0.9238795325112866,0.38268343236509,0.0,28.333952862068973,27.492270620689656,0.0
2020-05-18 19:45:00,-0.8968727415326884,0.442288690219001,0.0,28.03039053333333,27.14371329999999,0.0
2020-05-18 20:00:00,-0.8660254037844386,0.5000000000000001,0.0,27.82547393333333,26.870435566666664,0.0
2020-05-18 20:15:00,-0.8314696123025455,0.5555702330196018,0.0,27.588050482758625,26.46023665517241,0.0
2020-05-18 20:30:00,-0.7933533402912352,0.6087614290087205,0.0,27.29808046666667,26.04421686666667,0.0
2020-05-18 20:45:00,-0.7518398074789777,0.6593458151000684,0.0,27.068115,25.48158756666667,0.0
2020-05-18 21:00:00,-0.7071067811865477,0.7071067811865474,0.0,26.900301034482762,24.89649586206896,0.0
2020-05-18 21:15:00,-0.6593458151000687,0.7518398074789775,0.0,26.78260506666667,24.8998698,0.0
2020-05-18 21:30:00,-0.608761429008721,0.7933533402912349,0.0,26.301334758620683,24.567905689655174,0.0
2020-05-18 21:45:00,-0.5555702330196022,0.8314696123025452,0.0,26.547206666666668,24.84273073333333,0.0
2020-05-18 22:00:00,-0.5000000000000004,0.8660254037844384,0.0,26.305780033333328,24.96690463333334,0.0
2020-05-18 22:15:00,-0.4422886902190014,0.8968727415326883,0.0,26.015667137931043,24.688852310344828,0.0
2020-05-18 22:30:00,-0.38268343236508956,0.9238795325112868,0.0,26.02266536666666,24.672434466666672,0.0
2020-05-18 22:45:00,-0.32143946530316186,0.9469301294951056,0.0,25.952140137931032,24.654015896551723,0.0
2020-05-18 23:00:00,-0.2588190451025207,0.9659258262890683,0.0,25.955106766666667,24.724001166666667,0.0
2020-05-18 23:15:00,-0.19509032201612872,0.9807852804032303,0.0,25.841874300000004,24.602924599999998,0.0
2020-05-18 23:30:00,-0.13052619222005168,0.9914448613738104,0.0,25.74263996551724,24.49737855172414,0.0
2020-05-18 23:45:00,-0.06540312923014367,0.9978589232386035,0.0,25.765357533333336,24.498939866666664,0.0
2020-05-19 00:00:00,0.0,1.0,0.0,25.826530862068964,24.66096231034483,0.0
2020-05-19 00:15:00,0.06540312923014306,0.9978589232386035,0.0,25.762284399999995,24.583375966666665,0.0
2020-05-19 00:30:00,0.13052619222005157,0.9914448613738104,0.0,25.661357500000005,24.37365103333333,0.0
2020-05-19 00:45:00,0.19509032201612825,0.9807852804032304,0.0,25.584366241379318,24.250307275862077,0.0
2020-05-19 01:00:00,0.25881904510252074,0.9659258262890683,0.0,25.538236199999997,24.1884826,0.0
2020-05-19 01:15:00,0.3214394653031616,0.9469301294951057,0.0,25.485765965517245,24.08965855172414,0.0
2020-05-19 01:30:00,0.3826834323650898,0.9238795325112867,0.0,25.3748421,23.869368566666665,0.0
2020-05-19 01:45:00,0.4422886902190013,0.8968727415326883,0.0,25.354532700000004,23.893946300000007,0.0
2020-05-19 02:00:00,0.49999999999999994,0.8660254037844387,0.0,25.325819275862067,23.844329931034483,0.0
2020-05-19 02:15:00,0.5555702330196022,0.8314696123025452,0.0,25.229304866666656,23.758779,0.0
2020-05-19 02:30:00,0.6087614290087207,0.7933533402912352,0.0,25.14567003448275,23.728196793103447,0.0
2020-05-19 02:45:00,0.6593458151000688,0.7518398074789774,0.0,25.137797166666665,23.72291670000001,0.0
2020-05-19 03:00:00,0.7071067811865476,0.7071067811865476,0.0,25.142842799999997,23.866790766666664,0.0
2020-05-19 03:15:00,0.7518398074789773,0.659345815100069,0.0,25.161872724137933,23.892513862068963,0.0
2020-05-19 03:30:00,0.7933533402912352,0.6087614290087207,0.0,25.13274246666667,23.860702433333337,0.0
2020-05-19 03:45:00,0.8314696123025452,0.5555702330196023,0.0,25.07153855172413,23.784706793103453,0.0
2020-05-19 04:00:00,0.8660254037844386,0.5000000000000001,0.0,25.084300900000002,23.90541496666667,0.0
2020-05-19 04:15:00,0.8968727415326884,0.44228869021900125,0.0,25.120121466666664,24.043188600000004,0.0
2020-05-19 04:30:00,0.9238795325112867,0.38268343236508984,0.0,25.108053413793087,23.9891051724138,0.0
2020-05-19 04:45:00,0.9469301294951057,0.3214394653031615,0.0,25.09842243333333,23.912918933333334,0.0
2020-05-19 05:00:00,0.9659258262890683,0.25881904510252074,0.0,25.01160706896552,23.79802844827586,0.0
2020-05-19 05:15:00,0.9807852804032304,0.19509032201612833,0.0,24.96392923333333,23.693600433333334,0.0
2020-05-19 05:30:00,0.9914448613738104,0.1305261922200517,0.0,24.875560466666663,23.604404766666665,0.0
2020-05-19 05:45:00,0.9978589232386035,0.06540312923014305,0.0003547446068965,24.855137137931035,23.588394655172408,0.0
2020-05-19 06:00:00,1.0,6.123233995736766e-17,0.0088200197566666,24.819868999999997,23.79692286666667,182.73285714285714
2020-05-19 06:15:00,0.9978589232386035,-0.06540312923014292,0.0355508631724138,24.827134655172415,24.33462103448276,1082.182857142857
2020-05-19 06:30:00,0.9914448613738105,-0.13052619222005138,0.0578894304333333,24.917693999999997,24.800521900000003,1811.04
2020-05-19 06:45:00,0.9807852804032305,-0.19509032201612797,0.0836488363333333,25.0238301,25.534048433333336,2623.6680952380952
2020-05-19 07:00:00,0.9659258262890683,-0.25881904510252085,0.1025722453448275,25.170778517241374,26.249124379310345,3232.983809523809
2020-05-19 07:15:00,0.9469301294951057,-0.3214394653031616,0.2387451663333333,25.621686733333334,28.534140033333337,7209.74619047619
2020-05-19 07:30:00,0.9238795325112867,-0.3826834323650897,0.3529456655172413,26.388763413793104,32.45415948275862,10247.57
2020-05-19 07:45:00,0.8968727415326884,-0.44228869021900113,0.3446251163333333,26.525773066666662,32.451766133333344,9801.866666666667
2020-05-19 08:00:00,0.8660254037844387,-0.4999999999999998,0.3126744565517241,26.654752586206893,32.383876379310344,9588.923333333334
2020-05-19 08:15:00,0.8314696123025451,-0.5555702330196023,0.3516789246666667,26.52682696666667,31.77521156666667,10127.865714285714
2020-05-19 08:30:00,0.7933533402912352,-0.6087614290087207,0.3633468526666667,26.875693633333334,33.99969796666668,10981.003333333334
2020-05-19 08:45:00,0.7518398074789774,-0.6593458151000688,0.2290580524137931,26.747689,32.03219493103448,7208.878571428571
2020-05-19 09:00:00,0.7071067811865476,-0.7071067811865475,0.49224650999999997,27.435730933333332,35.84101773333334,13999.2
2020-05-19 09:15:00,0.6593458151000686,-0.7518398074789776,0.2753400410344827,27.386309241379312,34.54598362068967,9204.340952380953
2020-05-19 09:30:00,0.6087614290087204,-0.7933533402912353,0.2372463603333332,27.299538166666665,32.5958526,7470.413333333334
2020-05-19 09:45:00,0.5555702330196022,-0.8314696123025453,0.2245894565517241,27.278511793103448,31.882327413793107,7226.421904761904
2020-05-19 10:00:00,0.49999999999999994,-0.8660254037844387,0.2635695233333332,27.56580913333333,32.14256796666667,8244.935714285715
2020-05-19 10:15:00,0.4422886902190013,-0.8968727415326883,0.7757806623333334,28.93706556666666,41.523643,3434.0280952380954
2020-05-19 10:30:00,0.3826834323650899,-0.9238795325112867,0.7823134841379311,29.899837965517246,47.6299161724138,16801.760000000002
2020-05-19 10:45:00,0.32143946530316175,-0.9469301294951056,0.883623795,30.44308386666667,48.417112166666655,15637.740952380953
2020-05-19 11:00:00,0.258819045102521,-0.9659258262890682,0.9527868706896552,30.649964448275856,49.40851693103448,15965.454285714286
2020-05-19 11:15:00,0.19509032201612816,-0.9807852804032304,0.9542261986666664,30.9685251,50.26547433333333,16617.298095238097
2020-05-19 11:30:00,0.13052619222005157,-0.9914448613738104,0.9315328379310344,31.455090862068968,51.00279793103448,15487.084285714285
2020-05-19 11:45:00,0.06540312923014312,-0.9978589232386035,0.9472872033333332,31.767433533333328,50.95129696666665,16128.946666666667
2020-05-19 12:00:00,1.2246467991473532e-16,-1.0,0.9674634931034484,32.061154310344826,51.707680655172425,16176.573333333334
2020-05-19 12:15:00,-0.06540312923014287,-0.9978589232386035,0.9228361510000002,32.56087253333334,52.558259099999994,16606.14285714286
2020-05-19 12:30:00,-0.13052619222005132,-0.9914448613738105,0.8343676568965516,32.68662231034483,52.33079479310344,15211.246666666668
2020-05-19 12:45:00,-0.19509032201612792,-0.9807852804032305,0.8438206080000001,32.76796153333333,50.57210499999999,16089.254761904762
2020-05-19 13:00:00,-0.25881904510252035,-0.9659258262890684,0.7695755772413793,33.02636206896551,50.010879206896554,16216.727619047619
2020-05-19 13:15:00,-0.3214394653031611,-0.9469301294951058,0.9061599400000001,33.465824399999995,51.619203699999986,17283.327619047617
2020-05-19 13:30:00,-0.3826834323650892,-0.923879532511287,0.839523890689655,33.95278820689655,53.399306620689664,16774.86904761905
2020-05-19 13:45:00,-0.44228869021900147,-0.8968727415326883,0.6888711973333332,33.5244263,50.37124133333332,15151.646666666667
2020-05-19 14:00:00,-0.5000000000000001,-0.8660254037844386,0.6510980537931034,33.976512896551725,49.86670800000001,16012.000952380951
2020-05-19 14:15:00,-0.5555702330196023,-0.8314696123025452,0.7018116086666665,34.40232743333333,50.24767436666668,18221.23
2020-05-19 14:30:00,-0.6087614290087207,-0.7933533402912352,0.6089637913333333,34.51084996666668,49.6829406,15697.357619047618
2020-05-19 14:45:00,-0.6593458151000688,-0.7518398074789774,0.4982356875862069,34.437600862068955,46.93042603448275,14694.96
2020-05-19 15:00:00,-0.7071067811865475,-0.7071067811865477,0.369271392,33.798010433333324,42.3022998,11953.06
2020-05-19 15:15:00,-0.7518398074789773,-0.6593458151000691,0.23340347,33.23434548275863,40.04291196551724,7654.924761904762
2020-05-19 15:30:00,-0.7933533402912349,-0.6087614290087209,0.09715627726666659,27.055305866666664,29.508684366666667,3610.6266666666666
2020-05-19 15:45:00,-0.8314696123025448,-0.555570233019603,0.0441190209678571,24.55274310714285,24.52630835714285,1813.8615384615382
2020-05-19 16:00:00,-0.8660254037844385,-0.5000000000000004,0.03356098610892855,23.74302817857143,22.824004303571424,1272.168269230769
2020-05-19 16:15:00,-0.8968727415326883,-0.44228869021900136,0.02300295125,22.933313250000005,21.12170025,730.475
2020-05-19 16:30:00,-0.9238795325112868,-0.3826834323650895,0.054725162,23.387061931034484,21.8203125862069,1793.742857142857
2020-05-19 16:45:00,-0.9469301294951056,-0.3214394653031618,0.027573267433333295,24.308211266666664,22.346285166666664,814.04
2020-05-19 17:00:00,-0.9659258262890683,-0.25881904510252063,0.0159814222241379,23.701372896551728,21.968187,474.0733333333333
2020-05-19 17:15:00,-0.9807852804032303,-0.19509032201612866,0.0078289189366666,23.62663786666667,21.9704834,145.90666666666667
2020-05-19 17:30:00,-0.9914448613738104,-0.13052619222005163,0.004388399575862,23.32891844827586,21.96210255172414,0.0
2020-05-19 17:45:00,-0.9978589232386035,-0.06540312923014362,0.0046015545931034,22.905833206896556,21.970494827586204,0.0
2020-05-19 18:00:00,-1.0,-1.8369701987210297e-16,0.00270012998,22.59090876666666,21.751172866666664,0.0
2020-05-19 18:15:00,-0.9978589232386036,0.06540312923014237,0.0057227409633333,22.781149333333328,21.412376,36.61333333333333
2020-05-19 18:30:00,-0.9914448613738104,0.13052619222005213,0.006374143527586199,23.769236517241378,21.45997579310345,17.099999999999998
2020-05-19 18:45:00,-0.9807852804032304,0.1950903220161283,0.0022560805666666,23.401081366666663,21.83125313333333,0.0
2020-05-19 19:00:00,-0.9659258262890682,0.25881904510252113,0.0023246097586206,24.668545379310345,22.740741689655174,0.0
2020-05-19 19:15:00,-0.9469301294951057,0.3214394653031615,6.398413333333332e-06,21.648595166666667,20.295639066666663,0.0
2020-05-19 19:30:00,-0.9238795325112866,0.38268343236509,5.427619586206896e-05,21.893734620689653,20.521611724137934,0.0
2020-05-19 19:45:00,-0.8968727415326884,0.442288690219001,0.0002508178,22.465216933333338,20.90105176666667,0.0
2020-05-19 20:00:00,-0.8660254037844386,0.5000000000000001,0.0025417144999999,23.660331999999997,21.273469103448274,0.0
2020-05-19 20:15:00,-0.8314696123025455,0.5555702330196018,0.0028690485799999,24.39279383333333,22.762568133333332,0.0
2020-05-19 20:30:00,-0.7933533402912352,0.6087614290087205,0.0017487525344827002,24.279873655172413,23.061630758620687,0.0
2020-05-19 20:45:00,-0.7518398074789777,0.6593458151000684,0.0008765826303333001,23.863251733333332,22.95575250000001,0.0
2020-05-19 21:00:00,-0.7071067811865477,0.7071067811865474,0.0003561047920689,24.10814589655172,23.08405286206896,0.0
2020-05-19 21:15:00,-0.6593458151000687,0.7518398074789775,3.839048e-06,24.047049099999995,23.071009333333336,0.0
2020-05-19 21:30:00,-0.608761429008721,0.7933533402912349,2.5593588666666667e-06,24.319949366666666,23.2351491,0.0
2020-05-19 21:45:00,-0.5555702330196022,0.8314696123025452,0.0,24.345729620689657,23.295026206896548,0.0
2020-05-19 22:00:00,-0.5000000000000004,0.8660254037844384,0.0,24.287572678571426,23.22814078571428,0.0
2020-05-19 22:15:00,-0.4422886902190014,0.8968727415326883,0.0,24.207670200000006,23.11916696666667,0.0
2020-05-19 22:30:00,-0.38268343236508956,0.9238795325112868,0.0,24.172946310344827,22.996127517241376,0.0
2020-05-19 22:45:00,-0.32143946530316186,0.9469301294951056,0.0,23.983647666666666,22.873686533333327,0.0
2020-05-19 23:00:00,-0.2588190451025207,0.9659258262890683,0.0,23.764134793103448,22.499025586206898,0.0
2020-05-19 23:15:00,-0.19509032201612872,0.9807852804032303,0.0,23.48484706666666,21.76337476666667,0.0
2020-05-19 23:30:00,-0.13052619222005168,0.9914448613738104,0.0,23.018634966666667,20.832572366666668,0.0
2020-05-19 23:45:00,-0.06540312923014367,0.9978589232386035,0.0,22.96248424137931,20.819839,0.0
2020-05-20 00:00:00,0.0,1.0,0.0,22.8691498,20.88145033333333,0.0
2020-05-20 00:15:00,0.06540312923014306,0.9978589232386035,2.7799998827586205e-05,23.50438506896552,21.389197034482763,0.0
2020-05-20 00:30:00,0.13052619222005157,0.9914448613738104,0.0001420447746666,24.69240406666667,22.599083466666656,0.0
2020-05-20 00:45:00,0.19509032201612825,0.9807852804032304,0.0,24.77382903333334,23.07526043333333,0.0
2020-05-20 01:00:00,0.25881904510252074,0.9659258262890683,0.0,24.617744172413797,22.88777313793103,0.0
2020-05-20 01:15:00,0.3214394653031616,0.9469301294951057,0.0,24.450394766666665,22.722356066666663,0.0
2020-05-20 01:30:00,0.3826834323650898,0.9238795325112867,0.0,24.319342133333333,22.55997093333333,0.0
2020-05-20 01:45:00,0.4422886902190013,0.8968727415326883,0.0,24.397555689655167,22.59517368965517,0.0
2020-05-20 02:00:00,0.49999999999999994,0.8660254037844387,0.0,24.487008866666667,22.7013214,0.0
2020-05-20 02:15:00,0.5555702330196022,0.8314696123025452,0.0,24.398595482758623,22.730788517241376,0.0
2020-05-20 02:30:00,0.6087614290087207,0.7933533402912352,0.0,24.248618633333336,22.4012268,0.0
2020-05-20 02:45:00,0.6593458151000688,0.7518398074789774,0.0,24.087829733333336,22.237516399999993,0.0
2020-05-20 03:00:00,0.7071067811865476,0.7071067811865476,0.0,23.977405448275864,22.20281693103448,0.0
2020-05-20 03:15:00,0.7518398074789773,0.659345815100069,0.0,23.883553833333327,22.140261866666663,0.0
2020-05-20 03:30:00,0.7933533402912352,0.6087614290087207,0.0,23.85213686206896,22.3865651724138,0.0
2020-05-20 03:45:00,0.8314696123025452,0.5555702330196023,0.0,24.005214566666663,22.449035666666664,0.0
2020-05-20 04:00:00,0.8660254037844386,0.5000000000000001,0.0,23.995881333333333,22.497091633333337,0.0
2020-05-20 04:15:00,0.8968727415326884,0.44228869021900125,3.309451227586207e-05,24.191343172413795,23.287200793103448,0.0
2020-05-20 04:30:00,0.9238795325112867,0.38268343236508984,0.0,24.161286533333328,22.910397333333336,0.0
2020-05-20 04:45:00,0.9469301294951057,0.3214394653031615,0.0,24.00179234482759,22.337048758620693,0.0
2020-05-20 05:00:00,0.9659258262890683,0.25881904510252074,0.0,23.918817933333333,22.17627273333333,0.0
2020-05-20 05:15:00,0.9807852804032304,0.19509032201612833,0.0,23.893834166666668,22.186045566666667,0.0
2020-05-20 05:30:00,0.9914448613738104,0.1305261922200517,0.0,23.869367758620694,22.12683337931034,0.0
2020-05-20 05:45:00,0.9978589232386035,0.06540312923014305,0.0004734719072,23.686161400000003,21.987447133333337,0.0
2020-05-20 06:00:00,1.0,6.123233995736766e-17,0.0131981180620689,23.641993137931035,22.088292689655173,182.55333333333334
2020-05-20 06:15:00,0.9978589232386035,-0.06540312923014292,0.0329641202333333,23.6592806,22.6049336,500.8880952380953
2020-05-20 06:30:00,0.9914448613738105,-0.13052619222005138,0.0532596423333333,23.731026266666664,23.105738333333324,858.43
2020-05-20 06:45:00,0.9807852804032305,-0.19509032201612797,0.0815247817241379,24.00944055172413,24.11705706896552,1333.5066666666667
2020-05-20 07:00:00,0.9659258262890683,-0.25881904510252085,0.1068528692333333,24.19482623333333,25.095684733333332,1758.6933333333334
2020-05-20 07:15:00,0.9469301294951057,-0.3214394653031616,0.174225292413793,24.43605424137931,26.56041113793103,2833.2066666666665
2020-05-20 07:30:00,0.9238795325112867,-0.3826834323650897,0.2957842996666666,24.89542023333333,29.149282866666667,4510.639047619047
2020-05-20 07:45:00,0.8968727415326884,-0.44228869021900113,0.3489275079310345,25.457674206896552,31.8375128275862,5527.206666666667
2020-05-20 08:00:00,0.8660254037844387,-0.4999999999999998,0.38447198833333324,25.69534393333333,32.733932200000005,6064.193333333334
2020-05-20 08:15:00,0.8314696123025451,-0.5555702330196023,0.39669881599999995,26.174195366666662,34.1762287,6473.313333333333
2020-05-20 08:30:00,0.7933533402912352,-0.6087614290087207,0.4990015193103448,26.49222537931035,35.83274265517242,8116.49
2020-05-20 08:45:00,0.7518398074789774,-0.6593458151000688,0.501239439,26.77674966666667,36.66196696666668,8362.254761904762
2020-05-20 09:00:00,0.7071067811865476,-0.7071067811865475,0.5697500368965517,27.25867220689656,38.37599344827586,9232.468571428572
2020-05-20 09:15:00,0.6593458151000686,-0.7518398074789776,0.6406315396666667,27.7584269,40.67017606666668,9161.866666666667
2020-05-20 09:30:00,0.6087614290087204,-0.7933533402912353,0.6470725131034483,28.255152206896557,42.38117079310345,8876.193333333333
2020-05-20 09:45:00,0.5555702330196022,-0.8314696123025453,0.6862952536666667,28.474303266666663,43.55698946666667,8603.323809523808
2020-05-20 10:00:00,0.49999999999999994,-0.8660254037844387,0.747509839,28.602340733333325,44.1669975,7963.170952380952
2020-05-20 10:15:00,0.4422886902190013,-0.8968727415326883,0.8641144379310344,28.900173896551724,45.35204320689655,5480.660000000001
2020-05-20 10:30:00,0.3826834323650899,-0.9238795325112867,0.8492220146666666,29.477747666666662,46.90938813333333,3585.3333333333335
2020-05-20 10:45:00,0.32143946530316175,-0.9469301294951056,0.9121699306896552,30.04928175862069,48.90987755172413,3763.546666666666
2020-05-20 11:00:00,0.258819045102521,-0.9659258262890682,0.8782139643333334,30.170891333333334,48.8913961,3647.7242857142855
2020-05-20 11:15:00,0.19509032201612816,-0.9807852804032304,0.9002838820689654,30.52978934482759,49.119193172413794,3774.4604761904766
2020-05-20 11:30:00,0.13052619222005157,-0.9914448613738104,0.904425871,31.04592693333333,51.21273570000002,3796.386666666667
2020-05-20 11:45:00,0.06540312923014312,-0.9978589232386035,0.892504974,31.343127399999997,52.38038843333334,3941.533333333333
2020-05-20 12:00:00,1.2246467991473532e-16,-1.0,0.8887461020689656,31.557537206896555,51.59497410344829,5259.153333333334
2020-05-20 12:15:00,-0.06540312923014287,-0.9978589232386035,0.9234582183333332,31.916929933333336,52.51163343333334,5713.85
2020-05-20 12:30:00,-0.13052619222005132,-0.9914448613738105,0.9023842899999998,32.014409620689655,52.1759842413793,5155.554761904762
2020-05-20 12:45:00,-0.19509032201612792,-0.9807852804032305,0.9005759923333333,32.36966773333334,52.110103166666654,5156.593333333334
2020-05-20 13:00:00,-0.25881904510252035,-0.9659258262890684,0.8902271979999999,32.85877673333334,53.1356262,5101.346666666667
2020-05-20 13:15:00,-0.3214394653031611,-0.9469301294951058,0.8847205834482758,33.052698620689654,53.0448231724138,5056.78
2020-05-20 13:30:00,-0.3826834323650892,-0.923879532511287,0.8430181390000001,33.2762693,52.434183600000004,4815.88
2020-05-20 13:45:00,-0.44228869021900147,-0.8968727415326883,0.8276894493103452,33.618522931034484,52.44284375862068,4723.733333333333
2020-05-20 14:00:00,-0.5000000000000001,-0.8660254037844386,0.8284374166666665,33.5427245,52.00774616666667,4726.183333333333
2020-05-20 14:15:00,-0.5555702330196023,-0.8314696123025452,0.7792082066666665,34.32369355555555,52.94268122222222,15629.225
2020-05-20 14:30:00,-0.6087614290087207,-0.7933533402912352,0.740106457,34.165522233333334,51.360926366666654,16738.68666666667
2020-05-20 14:45:00,-0.6593458151000688,-0.7518398074789774,0.698653132413793,34.68678010344828,50.58309831034481,16854.62
2020-05-20 15:00:00,-0.7071067811865475,-0.7071067811865477,0.6510247456666666,34.696256433333346,49.871641,19627.95333333333
2020-05-20 15:15:00,-0.7518398074789773,-0.6593458151000691,0.5921279251724137,34.74052886206896,49.13013541379309,19083.02666666667
2020-05-20 15:30:00,-0.7933533402912349,-0.6087614290087209,0.5751749540000001,34.91765323333333,48.48633400000001,18739.246666666666
2020-05-20 15:45:00,-0.8314696123025448,-0.555570233019603,0.522234634137931,35.11777689655172,47.44648613793103,17126.277619047618
2020-05-20 16:00:00,-0.8660254037844385,-0.5000000000000004,0.40402717399999993,34.88353173333334,45.30406083333333,13306.342857142856
2020-05-20 16:15:00,-0.8968727415326883,-0.44228869021900136,0.296182354137931,34.4421722413793,41.43351058620691,9878.44
2020-05-20 16:30:00,-0.9238795325112868,-0.3826834323650895,0.24407644799999997,34.001508766666674,39.39245916666666,8025.853333333333
2020-05-20 16:45:00,-0.9469301294951056,-0.3214394653031618,0.23564859999999987,33.72384234482759,37.97408410344828,7874.98
2020-05-20 17:00:00,-0.9659258262890683,-0.25881904510252063,0.2062742293333333,33.62940656666667,37.57149436666667,6788.992380952381
2020-05-20 17:15:00,-0.9807852804032303,-0.19509032201612866,0.1821361048275861,33.378233517241384,36.39362724137931,6023.786666666667
2020-05-20 17:30:00,-0.9914448613738104,-0.13052619222005163,0.1589812296666666,33.276536,35.80599556666667,5189.380952380952
2020-05-20 17:45:00,-0.9978589232386035,-0.06540312923014362,0.11152326629999988,32.67218623333333,34.304395666666665,3634.9666666666667
2020-05-20 18:00:00,-1.0,-1.8369701987210297e-16,0.0717149450344827,32.12889024137931,32.75317803448276,2302.1666666666665
2020-05-20 18:15:00,-0.9978589232386036,0.06540312923014237,0.0360787077333333,31.585428766666677,31.28490096666667,1154.8785714285714
2020-05-20 18:30:00,-0.9914448613738104,0.13052619222005213,0.0110565051413793,31.030958586206904,29.939957137931035,338.43666666666667
2020-05-20 18:45:00,-0.9807852804032304,0.1950903220161283,0.0003645842063333,30.5501171,28.829000933333337,0.0
2020-05-20 19:00:00,-0.9659258262890682,0.25881904510252113,0.0,30.137354517241377,28.26681206896552,0.0
2020-05-20 19:15:00,-0.9469301294951057,0.3214394653031615,0.0,29.7821186,27.898326600000004,0.0
2020-05-20 19:30:00,-0.9238795325112866,0.38268343236509,0.0,29.3896393,27.706148266666663,0.0
2020-05-20 19:45:00,-0.8968727415326884,0.442288690219001,0.0,29.005323965517235,27.357198827586213,0.0
2020-05-20 20:00:00,-0.8660254037844386,0.5000000000000001,0.0,28.620362333333336,26.8948649,0.0
2020-05-20 20:15:00,-0.8314696123025455,0.5555702330196018,0.0,28.3833875,26.593303233333337,0.0
2020-05-20 20:30:00,-0.7933533402912352,0.6087614290087205,0.0,28.08839475862069,26.907827482758616,0.0
2020-05-20 20:45:00,-0.7518398074789777,0.6593458151000684,0.0,27.42665943333333,26.8379731,0.0
2020-05-20 21:00:00,-0.7071067811865477,0.7071067811865474,0.0,27.427721862068964,26.25202579310345,0.0
2020-05-20 21:15:00,-0.6593458151000687,0.7518398074789775,0.0,27.547032833333333,25.841535366666665,0.0
2020-05-20 21:30:00,-0.608761429008721,0.7933533402912349,0.0,27.466087551724147,26.006621,0.0
2020-05-20 21:45:00,-0.5555702330196022,0.8314696123025452,0.0,27.16962063333333,25.819460933333332,0.0
2020-05-20 22:00:00,-0.5000000000000004,0.8660254037844384,0.0,26.8102366,25.4684804,0.0
2020-05-20 22:15:00,-0.4422886902190014,0.8968727415326883,0.0,26.517158275862077,24.998898206896552,0.0
2020-05-20 22:30:00,-0.38268343236508956,0.9238795325112868,0.0,26.3451751,24.654283666666664,0.0
2020-05-20 22:45:00,-0.32143946530316186,0.9469301294951056,0.0,26.07077975862069,24.29676868965517,0.0
2020-05-20 23:00:00,-0.2588190451025207,0.9659258262890683,0.0,25.79210823333333,23.759390233333328,0.0
2020-05-20 23:15:00,-0.19509032201612872,0.9807852804032303,0.0,25.69977813333333,23.434327233333327,0.0
2020-05-20 23:30:00,-0.13052619222005168,0.9914448613738104,0.0,25.704486655172413,23.516461793103456,0.0
2020-05-20 23:45:00,-0.06540312923014367,0.9978589232386035,0.0,25.51383043333333,23.45196050000001,0.0
2020-05-21 00:00:00,0.0,1.0,0.0,25.318034700000005,23.365838666666665,0.0
2020-05-21 00:15:00,0.06540312923014306,0.9978589232386035,0.0,25.137857448275856,23.122347034482758,0.0
2020-05-21 00:30:00,0.13052619222005157,0.9914448613738104,0.0,24.896141400000005,22.891414566666665,0.0
2020-05-21 00:45:00,0.19509032201612825,0.9807852804032304,0.0,24.814705620689647,22.888990689655177,0.0
2020-05-21 01:00:00,0.25881904510252074,0.9659258262890683,0.0,24.72378326666667,22.647266700000003,0.0
2020-05-21 01:15:00,0.3214394653031616,0.9469301294951057,0.0,24.570636,22.4875092,0.0
2020-05-21 01:30:00,0.3826834323650898,0.9238795325112867,0.0,24.436040517241373,22.384284862068963,0.0
2020-05-21 01:45:00,0.4422886902190013,0.8968727415326883,0.0,24.333214466666668,22.284662133333327,0.0
2020-05-21 02:00:00,0.49999999999999994,0.8660254037844387,0.0,24.05332268965517,22.017030862068964,0.0
2020-05-21 02:15:00,0.5555702330196022,0.8314696123025452,0.0,23.89200113333333,21.74873963333333,0.0
2020-05-21 02:30:00,0.6087614290087207,0.7933533402912352,0.0,23.998843466666663,22.40360516666667,0.0
2020-05-21 02:45:00,0.6593458151000688,0.7518398074789774,0.0,23.87595310344827,22.37518951724138,0.0
2020-05-21 03:00:00,0.7071067811865476,0.7071067811865476,0.0,23.766126166666677,22.278221800000004,0.0
2020-05-21 03:15:00,0.7518398074789773,0.659345815100069,0.0,23.701200533333328,22.14907433333333,0.0
2020-05-21 03:30:00,0.7933533402912352,0.6087614290087207,0.0,23.608773103448275,21.999887379310348,0.0
2020-05-21 03:45:00,0.8314696123025452,0.5555702330196023,0.0,23.428441699999997,21.779378366666663,0.0
2020-05-21 04:00:00,0.8660254037844386,0.5000000000000001,0.0,23.419859,21.85795237931034,0.0
2020-05-21 04:15:00,0.8968727415326884,0.44228869021900125,0.0,23.546890133333328,22.0455058,0.0
2020-05-21 04:30:00,0.9238795325112867,0.38268343236508984,0.0,23.666124566666664,22.18126123333333,0.0
2020-05-21 04:45:00,0.9469301294951057,0.3214394653031615,0.0,23.743891206896556,22.01769706896552,0.0
2020-05-21 05:00:00,0.9659258262890683,0.25881904510252074,0.0,23.792037733333338,22.0929973,0.0
2020-05-21 05:15:00,0.9807852804032304,0.19509032201612833,0.0,23.766128827586204,21.99099851724138,0.0
2020-05-21 05:30:00,0.9914448613738104,0.1305261922200517,0.0,23.6753734,21.821995066666663,0.0
2020-05-21 05:45:00,0.9978589232386035,0.06540312923014305,0.0004171757465333,23.698282,21.852598200000003,0.0
2020-05-21 06:00:00,1.0,6.123233995736766e-17,0.0099153282689655,23.62991651724138,21.697624551724136,221.89142857142858
2020-05-21 06:15:00,0.9978589232386035,-0.06540312923014292,0.0319293617666666,23.748148566666664,22.19340626666667,806.4642857142857
2020-05-21 06:30:00,0.9914448613738105,-0.13052619222005138,0.061535912896551706,24.054223517241383,22.877097275862067,1559.0885714285714
2020-05-21 06:45:00,0.9807852804032305,-0.19509032201612797,0.0912944973666667,24.3392457,23.469086766666663,2341.4133333333334
2020-05-21 07:00:00,0.9659258262890683,-0.25881904510252085,0.1323661420999999,24.7259083,25.596747766666667,3229.7457142857143
2020-05-21 07:15:00,0.9469301294951057,-0.3214394653031616,0.1916870813793104,25.1307951724138,27.652967793103446,4282.948095238095
2020-05-21 07:30:00,0.9238795325112867,-0.3826834323650897,0.2804657803333333,25.6293538,30.21505633333333,6068.366666666667
2020-05-21 07:45:00,0.8968727415326884,-0.44228869021900113,0.330876642413793,26.114782965517243,32.13542331034482,7157.799999999999
2020-05-21 08:00:00,0.8660254037844387,-0.4999999999999998,0.3646174746666666,26.42889406666666,33.528763966666666,8137.653333333334
2020-05-21 08:15:00,0.8314696123025451,-0.5555702330196023,0.4523513453333334,27.0080363,36.20038943333332,10203.871428571429
2020-05-21 08:30:00,0.7933533402912352,-0.6087614290087207,0.5087915496551723,27.568994,38.0886988275862,11612.730476190476
2020-05-21 08:45:00,0.7518398074789774,-0.6593458151000688,0.527344807,27.91441243333333,39.03520423333334,12101.907142857142
2020-05-21 09:00:00,0.7071067811865476,-0.7071067811865475,0.5712185906896551,28.49767431034483,40.98327006896552,13120.173333333332
2020-05-21 09:15:00,0.6593458151000686,-0.7518398074789776,0.6130063813333334,28.890587200000002,42.63647043333332,13883.106666666667
2020-05-21 09:30:00,0.6087614290087204,-0.7933533402912353,0.6787978413333333,29.26914473333333,44.30564853333334,13496.185238095239
2020-05-21 09:45:00,0.5555702330196022,-0.8314696123025453,0.7990305310344827,29.860123103448277,48.23675210344828,8501.933333333334
2020-05-21 10:00:00,0.49999999999999994,-0.8660254037844387,0.8282022053333332,30.530053833333334,52.767174,2450.982857142857
2020-05-21 10:15:00,0.4422886902190013,-0.8968727415326883,0.869698526,30.639095000000005,52.03794556666666,9945.47238095238
2020-05-21 10:30:00,0.3826834323650899,-0.9238795325112867,0.8919624448275862,30.81421317241379,51.59807182758621,9307.733333333334
2020-05-21 10:45:00,0.32143946530316175,-0.9469301294951056,0.777137033,30.956570366666668,50.37744846666666,8134.406666666668
2020-05-21 11:00:00,0.258819045102521,-0.9659258262890682,0.8626964131034482,31.183037068965525,50.54957334482759,9435.158095238095
2020-05-21 11:15:00,0.19509032201612816,-0.9807852804032304,0.9679210946666666,31.7292979,53.648289866666666,12296.933333333334
2020-05-21 11:30:00,0.13052619222005157,-0.9914448613738104,0.9191237226666666,32.08981006666667,54.79509786666667,12625.806666666667
2020-05-21 11:45:00,0.06540312923014312,-0.9978589232386035,0.9089151193103449,32.471466241379325,54.038198655172415,12716.126666666667
2020-05-21 12:00:00,1.2246467991473532e-16,-1.0,0.9256855569999995,32.87360940000001,54.70988666666666,12320.380000000001
2020-05-21 12:15:00,-0.06540312923014287,-0.9978589232386035,0.9373386224137933,33.46413631034482,57.893448413793095,11713.757142857143
2020-05-21 12:30:00,-0.13052619222005132,-0.9914448613738105,0.9231444756666664,33.841558799999994,57.901819833333334,11634.293333333331
2020-05-21 12:45:00,-0.19509032201612792,-0.9807852804032305,0.9149018331034484,34.14877648275862,57.341468551724134,11611.833333333334
2020-05-21 13:00:00,-0.25881904510252035,-0.9659258262890684,0.9045094869999999,34.03666283333334,57.12523916666666,12146.973333333333
2020-05-21 13:15:00,-0.3214394653031611,-0.9469301294951058,0.8704650123333332,34.20353676666667,55.519519900000006,12063.133333333333
2020-05-21 13:30:00,-0.3826834323650892,-0.923879532511287,0.8783041982758619,34.3404424137931,55.405979689655176,19292.7
2020-05-21 13:45:00,-0.44228869021900147,-0.8968727415326883,0.8235497586666666,34.94132503333332,57.3582947,20291.684761904762
2020-05-21 14:00:00,-0.5000000000000001,-0.8660254037844386,0.7924297686206895,34.928457413793105,55.53873186206898,19733.29333333333
2020-05-21 14:15:00,-0.5555702330196023,-0.8314696123025452,0.7762209313333333,35.249380366666664,56.173416133333326,19320.586666666666
2020-05-21 14:30:00,-0.6087614290087207,-0.7933533402912352,0.7614740259999999,35.47774553333333,55.6046551,19021.700476190475
2020-05-21 14:45:00,-0.6593458151000688,-0.7518398074789774,0.6975825462068966,35.62312793103448,52.90307186206896,17699.147142857142
2020-05-21 15:00:00,-0.7071067811865475,-0.7071067811865477,0.6634513303333333,35.5592145,51.371613700000005,17098.910476190475
2020-05-21 15:15:00,-0.7518398074789773,-0.6593458151000691,0.6050661937931034,35.80841389655173,51.32030410344827,15663.113333333333
2020-05-21 15:30:00,-0.7933533402912349,-0.6087614290087209,0.4435466976666667,35.614079733333334,48.27868333333334,11706.166666666666
2020-05-21 15:45:00,-0.8314696123025448,-0.555570233019603,0.4402719755172414,35.53067965517241,46.37265427586206,11755.599047619047
2020-05-21 16:00:00,-0.8660254037844385,-0.5000000000000004,0.4321853633333334,35.64163303333333,45.98237203333333,11482.14
2020-05-21 16:15:00,-0.8968727415326883,-0.44228869021900136,0.3604990543333334,35.794751166666664,45.00151576666666,9616.770952380954
2020-05-21 16:30:00,-0.9238795325112868,-0.3826834323650895,0.3515134220689655,35.93014420689656,43.8989605862069,9457.22
2020-05-21 16:45:00,-0.9469301294951056,-0.3214394653031618,0.2784560696666667,35.85598156666667,42.702622266666665,7486.259999999999
2020-05-21 17:00:00,-0.9659258262890683,-0.25881904510252063,0.2381099286206896,35.75847879310346,41.00935848275862,6387.045714285714
2020-05-21 17:15:00,-0.9807852804032303,-0.19509032201612866,0.1875920766666666,35.11375726666666,39.076770100000005,4960.467142857143
2020-05-21 17:30:00,-0.9914448613738104,-0.13052619222005163,0.1358204227931034,34.842693551724146,37.10937710344828,3534.27619047619
2020-05-21 17:45:00,-0.9978589232386035,-0.06540312923014362,0.0886679892,34.46411540000001,35.105866400000004,2265.3733333333334
2020-05-21 18:00:00,-1.0,-1.8369701987210297e-16,0.0529919840333333,33.8088268,33.25552273333333,1334.6133333333332
2020-05-21 18:15:00,-0.9978589232386036,0.06540312923014237,0.0275458502413793,33.11641393103449,31.822437999999995,691.9300000000001
2020-05-21 18:30:00,-0.9914448613738104,0.13052619222005213,0.00828100051,32.4825041,30.666963733333336,184.99190476190478
2020-05-21 18:45:00,-0.9807852804032304,0.1950903220161283,0.000276297903,32.057482166666674,29.9940937,0.0
2020-05-21 19:00:00,-0.9659258262890682,0.25881904510252113,0.0,31.57672868965517,29.450249000000003,0.0
2020-05-21 19:15:00,-0.9469301294951057,0.3214394653031615,0.0,31.25591933333333,29.04394843333333,0.0
2020-05-21 19:30:00,-0.9238795325112866,0.38268343236509,0.0,30.977107482758623,28.795829172413796,0.0
2020-05-21 19:45:00,-0.8968727415326884,0.442288690219001,0.0,30.550292100000004,28.455880800000003,0.0
2020-05-21 20:00:00,-0.8660254037844386,0.5000000000000001,0.0,30.003459666666668,28.12197983333333,0.0
2020-05-21 20:15:00,-0.8314696123025455,0.5555702330196018,0.0,29.51438727586207,27.67549913793104,0.0
2020-05-21 20:30:00,-0.7933533402912352,0.6087614290087205,0.0,29.050989866666676,27.293773466666668,0.0
2020-05-21 20:45:00,-0.7518398074789777,0.6593458151000684,0.0,28.758831034482757,26.977796827586204,0.0
2020-05-21 21:00:00,-0.7071067811865477,0.7071067811865474,0.0,28.3369395,26.6307382,0.0
2020-05-21 21:15:00,-0.6593458151000687,0.7518398074789775,0.0,28.085361966666667,26.3725992,0.0
2020-05-21 21:30:00,-0.608761429008721,0.7933533402912349,0.0,27.949096758620687,26.246206344827588,0.0
2020-05-21 21:45:00,-0.5555702330196022,0.8314696123025452,0.0,27.632276166666667,25.878340466666668,0.0
2020-05-21 22:00:00,-0.5000000000000004,0.8660254037844384,0.0,27.514004666666665,25.730857066666665,0.0
2020-05-21 22:15:00,-0.4422886902190014,0.8968727415326883,0.0,27.29016837931034,25.48178410344828,0.0
2020-05-21 22:30:00,-0.38268343236508956,0.9238795325112868,0.0,26.98126303333333,25.008386133333325,0.0
2020-05-21 22:45:00,-0.32143946530316186,0.9469301294951056,0.0,26.77157196551724,24.67034910344828,0.0
2020-05-21 23:00:00,-0.2588190451025207,0.9659258262890683,0.0,26.574941966666668,24.570593333333328,0.0
2020-05-21 23:15:00,-0.19509032201612872,0.9807852804032303,0.0,26.40247083333333,24.3771219,0.0
2020-05-21 23:30:00,-0.13052619222005168,0.9914448613738104,0.0,26.296492,24.223027758620685,0.0
2020-05-21 23:45:00,-0.06540312923014367,0.9978589232386035,0.0,26.206535933333328,24.350091533333337,0.0
2020-05-22 00:00:00,0.0,1.0,0.0,25.994852137931037,24.166761793103444,0.0
2020-05-22 00:15:00,0.06540312923014306,0.9978589232386035,0.0,25.83828143333333,23.9945465,0.0
2020-05-22 00:30:00,0.13052619222005157,0.9914448613738104,0.0,25.670603366666665,24.014672933333337,0.0
2020-05-22 00:45:00,0.19509032201612825,0.9807852804032304,0.0,25.446779241379318,23.89589393103448,0.0
2020-05-22 01:00:00,0.25881904510252074,0.9659258262890683,0.0,25.227821766666665,23.655807633333332,0.0
2020-05-22 01:15:00,0.3214394653031616,0.9469301294951057,0.0,25.062640366666667,23.2972891,0.0
2020-05-22 01:30:00,0.3826834323650898,0.9238795325112867,0.0,24.878541,22.97140606896552,0.0
2020-05-22 01:45:00,0.4422886902190013,0.8968727415326883,0.0,24.82188206666667,22.935877500000004,0.0
2020-05-22 02:00:00,0.49999999999999994,0.8660254037844387,0.0,24.76963206896552,22.937171724137933,0.0
2020-05-22 02:15:00,0.5555702330196022,0.8314696123025452,0.0,24.59553123333333,22.7131093,0.0
2020-05-22 02:30:00,0.6087614290087207,0.7933533402912352,0.0,24.56362903333333,22.73851293333333,0.0
2020-05-22 02:45:00,0.6593458151000688,0.7518398074789774,0.0,24.40930920689655,22.607190448275855,0.0
2020-05-22 03:00:00,0.7071067811865476,0.7071067811865476,0.0,24.281303,22.438980066666662,0.0
2020-05-22 03:15:00,0.7518398074789773,0.659345815100069,0.0,24.142280241379307,22.20255896551724,0.0
2020-05-22 03:30:00,0.7933533402912352,0.6087614290087207,0.0,24.0494489,22.219565933333328,0.0
2020-05-22 03:45:00,0.8314696123025452,0.5555702330196023,0.0,23.964467366666668,22.411711633333333,0.0
2020-05-22 04:00:00,0.8660254037844386,0.5000000000000001,0.0,23.787370000000003,22.20228948275863,0.0
2020-05-22 04:15:00,0.8968727415326884,0.44228869021900125,0.0,23.615461266666667,21.958758733333333,0.0
2020-05-22 04:30:00,0.9238795325112867,0.38268343236508984,0.0,23.491023,21.728594866666665,0.0
2020-05-22 04:45:00,0.9469301294951057,0.3214394653031615,0.0,23.501643689655165,21.673350482758625,0.0
2020-05-22 05:00:00,0.9659258262890683,0.25881904510252074,0.0,23.441046433333337,21.604836033333335,0.0
2020-05-22 05:15:00,0.9807852804032304,0.19509032201612833,0.0,23.344786689655177,21.351205724137927,0.0
2020-05-22 05:30:00,0.9914448613738104,0.1305261922200517,0.0,23.216699333333334,21.19199323333333,0.0
2020-05-22 05:45:00,0.9978589232386035,0.06540312923014305,0.0018504192289999003,23.207561233333337,21.154133166666668,3.6533333333333333
2020-05-22 06:00:00,1.0,6.123233995736766e-17,0.0150464187413793,23.224341172413794,21.23008989655172,368.2266666666667
2020-05-22 06:15:00,0.9978589232386035,-0.06540312923014292,0.0364440829333333,23.412565133333327,21.6428325,917.9580952380952
2020-05-22 06:30:00,0.9914448613738105,-0.13052619222005138,0.0682039968275862,23.731374896551724,22.332524862068965,1881.14
2020-05-22 06:45:00,0.9807852804032305,-0.19509032201612797,0.1043299106666666,24.2926026,23.7948202,2979.9009523809523
2020-05-22 07:00:00,0.9659258262890683,-0.25881904510252085,0.1522340403333332,24.837042200000003,26.701679566666662,3494.735714285714
2020-05-22 07:15:00,0.9469301294951057,-0.3214394653031616,0.2235164524137931,25.161568413793105,28.02738165517241,4939.266666666666
2020-05-22 07:30:00,0.9238795325112867,-0.3826834323650897,0.3315709863333333,25.86289676666667,31.228511600000004,7134.977142857143
2020-05-22 07:45:00,0.8968727415326884,-0.44228869021900113,0.3869112479310344,26.552562793103448,34.14181817241379,8471.41
2020-05-22 08:00:00,0.8660254037844387,-0.4999999999999998,0.4244252026666666,27.161824433333337,35.93253889999999,9668.130000000001
2020-05-22 08:15:00,0.8314696123025451,-0.5555702330196023,0.46748109966666657,27.541916000000004,36.8019186,11018.011428571428
2020-05-22 08:30:00,0.7933533402912352,-0.6087614290087207,0.5250420731034483,27.82692844827586,38.308498275862064,12664.146666666667
2020-05-22 08:45:00,0.7518398074789774,-0.6593458151000688,0.5898400813333334,28.18195803333333,40.66426703333333,13796.141904761904
2020-05-22 09:00:00,0.7071067811865476,-0.7071067811865475,0.6501507796551723,28.84968306896552,43.654425413793085,12985.117619047618
2020-05-22 09:15:00,0.6593458151000686,-0.7518398074789776,0.7139103179999999,29.2417327,47.507954666666656,12854.32
2020-05-22 09:30:00,0.6087614290087204,-0.7933533402912353,0.7607933420000002,29.78351343333334,49.5048544,12496.496190476191
2020-05-22 09:45:00,0.5555702330196022,-0.8314696123025453,0.802964108275862,30.145207965517233,51.536908413793114,12764.625714285716
2020-05-22 10:00:00,0.49999999999999994,-0.8660254037844387,0.8434504773333334,30.632145200000007,54.14784453333334,12559.706666666667
2020-05-22 10:15:00,0.4422886902190013,-0.8968727415326883,0.8787097734482758,31.01010031034483,55.509167999999995,12763.088571428572
2020-05-22 10:30:00,0.3826834323650899,-0.9238795325112867,0.9044473933333332,31.450413966666662,56.60856536666666,12457.58
2020-05-22 10:45:00,0.32143946530316175,-0.9469301294951056,0.9310419879310344,31.71230344827587,56.49571617241379,12357.363333333331
2020-05-22 11:00:00,0.258819045102521,-0.9659258262890682,0.9389363266666668,31.708683233333332,56.65728056666668,12502.980952380953
2020-05-22 11:15:00,0.19509032201612816,-0.9807852804032304,0.9486198849999999,32.242335166666656,57.71978933333334,12651.853333333333
2020-05-22 11:30:00,0.13052619222005157,-0.9914448613738104,0.9552498431034484,32.77925151724137,59.33700803448275,12865.693333333333
2020-05-22 11:45:00,0.06540312923014312,-0.9978589232386035,0.9528012313333333,33.20048229999999,60.913221100000015,12922.66619047619
2020-05-22 12:00:00,1.2246467991473532e-16,-1.0,0.9440981024137931,33.58039268965517,61.8809381724138,12874.127619047618
2020-05-22 12:15:00,-0.06540312923014287,-0.9978589232386035,0.9378280049999999,34.01334813333334,62.70936686666667,12885.256666666666
2020-05-22 12:30:00,-0.13052619222005132,-0.9914448613738105,0.9293206790000001,33.95082383333333,60.745529,12825.153333333334
2020-05-22 12:45:00,-0.19509032201612792,-0.9807852804032305,0.9196886072413792,34.40181331034483,61.76934610344828,12801.92
2020-05-22 13:00:00,-0.25881904510252035,-0.9659258262890684,0.9072182727586203,34.976118482758615,63.80456327586208,13574.155238095238
2020-05-22 13:15:00,-0.3214394653031611,-0.9469301294951058,0.8938536562068966,34.83037393103448,61.95494127586206,13308.623333333333
2020-05-22 13:30:00,-0.3826834323650892,-0.923879532511287,0.8757099556666667,34.964687966666666,62.98175066666666,11795.806666666667
2020-05-22 13:45:00,-0.44228869021900147,-0.8968727415326883,0.8573449146666666,35.293674633333325,63.429100433333325,12196.110952380952
2020-05-22 14:00:00,-0.5000000000000001,-0.8660254037844386,0.8319279393103448,35.30012999999999,60.322807482758634,12374.34
2020-05-22 14:15:00,-0.5555702330196023,-0.8314696123025452,0.7988914876666666,35.97692966666666,62.595028600000006,12784.864285714286
2020-05-22 14:30:00,-0.6087614290087207,-0.7933533402912352,0.757962963448276,35.95554637931035,60.3234254137931,13742.522380952381
2020-05-22 14:45:00,-0.6593458151000688,-0.7518398074789774,0.712892354,36.15517973333333,59.44070023333333,15130.033333333333
2020-05-22 15:00:00,-0.7071067811865475,-0.7071067811865477,0.6639036466666666,36.203579833333336,57.10282613333332,15872.06619047619
2020-05-22 15:15:00,-0.7518398074789773,-0.6593458151000691,0.6136021413793104,36.53600855172413,54.92006168965517,14856.404285714285
2020-05-22 15:30:00,-0.7933533402912349,-0.6087614290087209,0.566235797,36.4829009,53.35857623333335,13926.50619047619
2020-05-22 15:45:00,-0.8314696123025448,-0.555570233019603,0.5137632668965518,36.51623772413792,50.82568079310345,12783.110952380952
2020-05-22 16:00:00,-0.8660254037844385,-0.5000000000000004,0.46191806466666663,36.495479266666656,48.6366159,11563.253333333334
2020-05-22 16:15:00,-0.8968727415326883,-0.44228869021900136,0.4072016037931034,36.90676475862068,48.01077582758621,10239.534285714286
2020-05-22 16:30:00,-0.9238795325112868,-0.3826834323650895,0.351029381,36.86410623333334,46.2538929,8904.04476190476
2020-05-22 16:45:00,-0.9469301294951056,-0.3214394653031618,0.291662732413793,36.90602689655172,44.56530331034482,7473.671428571429
2020-05-22 17:00:00,-0.9659258262890683,-0.25881904510252063,0.237599299,36.889153933333326,43.03815289999999,6015.310476190476
2020-05-22 17:15:00,-0.9807852804032303,-0.19509032201612866,0.1854702793333333,36.57830536666666,40.440850833333336,4665.106666666667
2020-05-22 17:30:00,-0.9914448613738104,-0.13052619222005163,0.1359976352068965,36.53098717241378,38.56217789655173,3353.6280952380953
2020-05-22 17:45:00,-0.9978589232386035,-0.06540312923014362,0.0913657824666666,36.01259269999999,36.65240663333333,2218.0428571428574
2020-05-22 18:00:00,-1.0,-1.8369701987210297e-16,0.0304520288965517,34.713825862068965,34.0462762413793,778.6442857142857
2020-05-22 18:15:00,-0.9978589232386036,0.06540312923014237,0.0084263664133333,33.565036133333344,31.3863639,235.7995238095238
2020-05-22 18:30:00,-0.9914448613738104,0.13052619222005213,0.0024452188362068,33.05054237931034,30.11554696551724,14.100000000000001
2020-05-22 18:45:00,-0.9807852804032304,0.1950903220161283,6.139619366666667e-05,32.84936956666666,29.88410336666666,0.0
2020-05-22 19:00:00,-0.9659258262890682,0.25881904510252113,0.0,32.577243,29.541916966666665,0.0
2020-05-22 19:15:00,-0.9469301294951057,0.3214394653031615,0.0,32.24653451724138,29.283911275862067,0.0
2020-05-22 19:30:00,-0.9238795325112866,0.38268343236509,0.0,31.64729096666666,29.4522431,0.0
2020-05-22 19:45:00,-0.8968727415326884,0.442288690219001,0.0,30.919840433333334,29.248356266666665,0.0
2020-05-22 20:00:00,-0.8660254037844386,0.5000000000000001,0.0,30.412124275862066,28.664334034482764,0.0
2020-05-22 20:15:00,-0.8314696123025455,0.5555702330196018,0.0,30.16422013333333,28.157295733333328,0.0
2020-05-22 20:30:00,-0.7933533402912352,0.6087614290087205,0.0,29.98364779310345,27.917840413793105,0.0
2020-05-22 20:45:00,-0.7518398074789777,0.6593458151000684,0.0,29.997549299999996,28.12562353333333,0.0
2020-05-22 21:00:00,-0.7071067811865477,0.7071067811865474,0.0,29.6879445,27.79396453333333,0.0
2020-05-22 21:15:00,-0.6593458151000687,0.7518398074789775,0.0,29.530937482758628,27.591031793103447,0.0
2020-05-22 21:30:00,-0.608761429008721,0.7933533402912349,0.0,29.269591266666666,27.34383643333334,0.0
2020-05-22 21:45:00,-0.5555702330196022,0.8314696123025452,0.0,28.94984596551724,26.888740275862062,0.0
2020-05-22 22:00:00,-0.5000000000000004,0.8660254037844384,0.0,28.6407368,26.4522593,0.0
2020-05-22 22:15:00,-0.4422886902190014,0.8968727415326883,0.0,28.326372366666668,25.970764066666664,0.0
2020-05-22 22:30:00,-0.38268343236508956,0.9238795325112868,0.0,28.08963337931035,25.651714448275865,0.0
2020-05-22 22:45:00,-0.32143946530316186,0.9469301294951056,0.0,27.973987866666665,25.81418643333333,0.0
2020-05-22 23:00:00,-0.2588190451025207,0.9659258262890683,0.0,27.65889544827586,25.563916310344823,0.0
2020-05-22 23:15:00,-0.19509032201612872,0.9807852804032303,0.0,27.41701873333333,25.288167199999997,0.0
2020-05-22 23:30:00,-0.13052619222005168,0.9914448613738104,0.0,27.38874326666667,25.531736033333335,0.0
2020-05-22 23:45:00,-0.06540312923014367,0.9978589232386035,0.0,27.014191448275856,25.30840106896552,0.0
2020-05-23 00:00:00,0.0,1.0,0.0,26.720194766666665,24.93793233333333,0.0
2020-05-23 00:15:00,0.06540312923014306,0.9978589232386035,0.0,26.4556884,24.550320333333328,0.0
2020-05-23 00:30:00,0.13052619222005157,0.9914448613738104,0.0,26.211620310344827,24.194504241379303,0.0
2020-05-23 00:45:00,0.19509032201612825,0.9807852804032304,0.0,26.107979466666677,24.0992696,0.0
2020-05-23 01:00:00,0.25881904510252074,0.9659258262890683,0.0,25.871246482758625,23.85640748275862,0.0
2020-05-23 01:15:00,0.3214394653031616,0.9469301294951057,0.0,25.814145100000005,23.765325833333332,0.0
2020-05-23 01:30:00,0.3826834323650898,0.9238795325112867,0.0,25.837760566666667,24.232896966666665,0.0
2020-05-23 01:45:00,0.4422886902190013,0.8968727415326883,0.0,25.81694824137931,24.5491331724138,0.0
2020-05-23 02:00:00,0.49999999999999994,0.8660254037844387,0.0,25.700773966666663,24.362688066666674,0.0
2020-05-23 02:15:00,0.5555702330196022,0.8314696123025452,0.0,25.590836333333336,24.136146066666665,0.0
2020-05-23 02:30:00,0.6087614290087207,0.7933533402912352,0.0,25.44831779310345,23.78755879310345,0.0
2020-05-23 02:45:00,0.6593458151000688,0.7518398074789774,0.0,25.415001333333333,23.583281600000003,0.0
2020-05-23 03:00:00,0.7071067811865476,0.7071067811865476,0.0,25.22627310344828,23.231575793103445,0.0
2020-05-23 03:15:00,0.7518398074789773,0.659345815100069,0.0,24.98559566666667,22.74414273333333,0.0
2020-05-23 03:30:00,0.7933533402912352,0.6087614290087207,0.0,24.79134396666667,22.508908,0.0
2020-05-23 03:45:00,0.8314696123025452,0.5555702330196023,0.0,24.651769103448277,22.246350517241375,0.0
2020-05-23 04:00:00,0.8660254037844386,0.5000000000000001,0.0,24.4721009,21.9592774,0.0
2020-05-23 04:15:00,0.8968727415326884,0.44228869021900125,0.0,24.21784606896552,21.940328862068963,0.0
2020-05-23 04:30:00,0.9238795325112867,0.38268343236508984,0.0,24.31587946666667,21.950208633333336,0.0
2020-05-23 04:45:00,0.9469301294951057,0.3214394653031615,0.0,24.316370799999994,21.891620866666667,0.0
2020-05-23 05:00:00,0.9659258262890683,0.25881904510252074,0.0,24.02792989655172,21.66462337931035,0.0
2020-05-23 05:15:00,0.9807852804032304,0.19509032201612833,0.0,23.813047033333334,21.8106323,0.0
2020-05-23 05:30:00,0.9914448613738104,0.1305261922200517,0.0,23.84403503448276,21.93014427586207,0.0
2020-05-23 05:45:00,0.9978589232386035,0.06540312923014305,0.0014383581393333,23.707536033333334,21.791834533333336,0.0
2020-05-23 06:00:00,1.0,6.123233995736766e-17,0.0141595838133333,23.836609733333333,21.784125766666676,312.48857142857145
2020-05-23 06:15:00,0.9978589232386035,-0.06540312923014292,0.0352355902413793,23.965293,22.39798713793104,830.6933333333333
2020-05-23 06:30:00,0.9914448613738105,-0.13052619222005138,0.058712884,24.5411042,23.30528673333333,1539.1485714285714
2020-05-23 06:45:00,0.9807852804032305,-0.19509032201612797,0.0874251922333333,24.972080400000007,24.083968033333335,2438.5642857142857
2020-05-23 07:00:00,0.9659258262890683,-0.25881904510252085,0.1645789924137931,25.369075275862077,24.992333827586204,3532.3942857142856
2020-05-23 07:15:00,0.9469301294951057,-0.3214394653031616,0.24182491066666667,26.0042399,27.742071500000005,4809.708571428571
2020-05-23 07:30:00,0.9238795325112867,-0.3826834323650897,0.3148570596551724,26.917700241379308,32.55195479310345,6230.953333333333
2020-05-23 07:45:00,0.8968727415326884,-0.44228869021900113,0.3793576726666666,27.429699566666663,35.60990889999999,7646.271428571428
2020-05-23 08:00:00,0.8660254037844387,-0.4999999999999998,0.4341270063333333,27.988890533333333,38.3060976,9119.64
2020-05-23 08:15:00,0.8314696123025451,-0.5555702330196023,0.4836398434482758,28.67064903448276,40.821387965517246,10552.950476190475
2020-05-23 08:30:00,0.7933533402912352,-0.6087614290087207,0.5337677543333335,29.2585235,43.078069000000006,11903.494761904762
2020-05-23 08:45:00,0.7518398074789774,-0.6593458151000688,0.5889204568965518,29.826199241379314,45.5783502413793,13216.06380952381
2020-05-23 09:00:00,0.7071067811865476,-0.7071067811865475,0.6451150216666667,30.42623806666667,47.827062100000006,14370.288571428571
2020-05-23 09:15:00,0.6593458151000686,-0.7518398074789776,0.7018423813333332,31.15696106666666,49.68050939999999,15256.64
2020-05-23 09:30:00,0.6087614290087204,-0.7933533402912353,0.7519769720689654,31.65189851724138,51.29599096551725,13195.028095238094
2020-05-23 09:45:00,0.5555702330196022,-0.8314696123025453,0.791683317,31.959610933333327,52.2273416,12424.32
2020-05-23 10:00:00,0.49999999999999994,-0.8660254037844387,0.8298047317241377,32.56005868965518,53.39805979310346,12994.733333333334
2020-05-23 10:15:00,0.4422886902190013,-0.8968727415326883,0.8577585426666665,32.90432746666666,55.08873696666666,12964.89619047619
2020-05-23 10:30:00,0.3826834323650899,-0.9238795325112867,0.8960065056666665,33.65044886666667,56.94043680000001,12704.653333333334
2020-05-23 10:45:00,0.32143946530316175,-0.9469301294951056,0.9227391144827585,33.529896620689655,55.78548137931034,12212.28
2020-05-23 11:00:00,0.258819045102521,-0.9659258262890682,0.938062118,33.776356233333345,57.2085926,12487.858095238094
2020-05-23 11:15:00,0.19509032201612816,-0.9807852804032304,0.9489915310344829,34.1564585862069,56.55521031034483,12732.553333333335
2020-05-23 11:30:00,0.13052619222005157,-0.9914448613738104,0.953267991,34.1468976,56.96633583333332,12847.410476190476
2020-05-23 11:45:00,0.06540312923014312,-0.9978589232386035,0.9497544024137932,34.264609448275856,57.884599068965514,12878.313333333334
2020-05-23 12:00:00,1.2246467991473532e-16,-1.0,0.939489804,34.852522833333325,58.916664633333326,12813.176666666666
2020-05-23 12:15:00,-0.06540312923014287,-0.9978589232386035,0.9247430913333334,35.171084566666664,58.82255163333333,12727.671904761904
2020-05-23 12:30:00,-0.13052619222005132,-0.9914448613738105,0.9124897296551724,35.31690075862069,59.86130489655173,13367.746666666666
2020-05-23 12:45:00,-0.19509032201612792,-0.9807852804032305,0.8985497946666666,35.353965233333334,58.10581040000001,13360.105238095239
2020-05-23 13:00:00,-0.25881904510252035,-0.9659258262890684,0.8877546427586208,35.96277151724138,58.698997724137925,12262.02
2020-05-23 13:15:00,-0.3214394653031611,-0.9469301294951058,0.8630840616666667,36.29276526666667,57.50219543333333,13678.993333333334
2020-05-23 13:30:00,-0.3826834323650892,-0.923879532511287,0.8493076746666667,36.44097606666667,55.83034573333333,14127.809523809523
2020-05-23 13:45:00,-0.44228869021900147,-0.8968727415326883,0.8451140272413794,36.76474110344827,56.15993317241379,13787.26
2020-05-23 14:00:00,-0.5000000000000001,-0.8660254037844386,0.8151929123333334,37.34248639999999,58.3555124,12771.946666666667
2020-05-23 14:15:00,-0.5555702330196023,-0.8314696123025452,0.7900291168965516,37.497076448275855,58.33965862068965,13294.570476190476
2020-05-23 14:30:00,-0.6087614290087207,-0.7933533402912352,0.7452246323333332,37.63767076666666,56.476443666666654,14374.414761904762
2020-05-23 14:45:00,-0.6593458151000688,-0.7518398074789774,0.7034089543333332,37.5318053,54.732021066666654,15014.742857142857
2020-05-23 15:00:00,-0.7071067811865475,-0.7071067811865477,0.6494585644827586,37.63801317241379,55.340708655172406,15510.773333333333
2020-05-23 15:15:00,-0.7518398074789773,-0.6593458151000691,0.603796347,37.9939015,55.50677996666667,14523.606666666667
2020-05-23 15:30:00,-0.7933533402912349,-0.6087614290087209,0.5547324962068965,37.99130351724138,53.36105868965516,13541.646666666667
2020-05-23 15:45:00,-0.8314696123025448,-0.555570233019603,0.5077070613333333,37.81119796666666,50.44492493333334,12455.34857142857
2020-05-23 16:00:00,-0.8660254037844385,-0.5000000000000004,0.4419189286666667,37.853689633333325,49.362306666666655,10972.588095238096
2020-05-23 16:15:00,-0.8968727415326883,-0.44228869021900136,0.3923041048275861,37.979447931034485,48.62139141379311,9792.950476190475
2020-05-23 16:30:00,-0.9238795325112868,-0.3826834323650895,0.3365806126666666,38.01695633333334,46.89483423333333,8560.9
2020-05-23 16:45:00,-0.9469301294951056,-0.3214394653031618,0.277961291,38.271593066666654,45.333284500000005,7446.1866666666665
2020-05-23 17:00:00,-0.9659258262890683,-0.25881904510252063,0.22409625965517244,38.68598265517242,44.41159051724138,6008.685714285714
2020-05-23 17:15:00,-0.9807852804032303,-0.19509032201612866,0.1742070463333333,38.21357223333335,42.65903836666667,4623.875714285714
2020-05-23 17:30:00,-0.9914448613738104,-0.13052619222005163,0.1285143323448275,37.20869589655173,39.7458832413793,3336.122380952381
2020-05-23 17:45:00,-0.9978589232386035,-0.06540312923014362,0.0879022486666666,36.82153546666666,37.669591033333326,2248.7604761904763
2020-05-23 18:00:00,-1.0,-1.8369701987210297e-16,0.0541260664482758,36.055505413793114,35.59737096551724,1362.1666666666665
2020-05-23 18:15:00,-0.9978589232386036,0.06540312923014237,0.0232463271333333,35.323333666666656,33.78148493333333,600.8461904761905
2020-05-23 18:30:00,-0.9914448613738104,0.13052619222005213,0.0038204958,34.50162689999999,32.10442206666666,57.03285714285714
2020-05-23 18:45:00,-0.9807852804032304,0.1950903220161283,0.0001720098631034,34.227281482758606,31.2971402413793,0.0
2020-05-23 19:00:00,-0.9659258262890682,0.25881904510252113,0.0,33.81844083333333,30.73789153333333,0.0
2020-05-23 19:15:00,-0.9469301294951057,0.3214394653031615,0.0,33.624554633333325,30.70417383333334,0.0
2020-05-23 19:30:00,-0.9238795325112866,0.38268343236509,0.0,33.44275720689656,31.28073951724138,0.0
2020-05-23 19:45:00,-0.8968727415326884,0.442288690219001,0.0,33.057945833333335,31.0951711,0.0
2020-05-23 20:00:00,-0.8660254037844386,0.5000000000000001,0.0,32.32888055172415,30.570153655172412,0.0
2020-05-23 20:15:00,-0.8314696123025455,0.5555702330196018,0.0,31.585262033333336,30.234904000000004,0.0
2020-05-23 20:30:00,-0.7933533402912352,0.6087614290087205,0.0,30.911041166666664,29.6288493,0.0
2020-05-23 20:45:00,-0.7518398074789777,0.6593458151000684,0.0,30.352885379310344,29.114773413793095,0.0
2020-05-23 21:00:00,-0.7071067811865477,0.7071067811865474,0.0,29.79706316666667,28.539672933333332,0.0
2020-05-23 21:15:00,-0.6593458151000687,0.7518398074789775,0.0,29.375490275862074,28.162750379310346,0.0
2020-05-23 21:30:00,-0.608761429008721,0.7933533402912349,0.0,28.980200233333328,27.7605824,0.0
2020-05-23 21:45:00,-0.5555702330196022,0.8314696123025452,0.0,28.529278600000005,27.305844233333328,0.0
2020-05-23 22:00:00,-0.5000000000000004,0.8660254037844384,0.0,28.255185,26.978490551724136,0.0
2020-05-23 22:15:00,-0.4422886902190014,0.8968727415326883,0.0,27.946787566666668,26.5799976,0.0
2020-05-23 22:30:00,-0.38268343236508956,0.9238795325112868,0.0,27.5781544137931,25.918446448275866,0.0
2020-05-23 22:45:00,-0.32143946530316186,0.9469301294951056,0.0,27.3795706,25.467831533333328,0.0
2020-05-23 23:00:00,-0.2588190451025207,0.9659258262890683,0.0,27.4245355,25.86614666666667,0.0
2020-05-23 23:15:00,-0.19509032201612872,0.9807852804032303,0.0,27.187055793103443,25.807518137931037,0.0
2020-05-23 23:30:00,-0.13052619222005168,0.9914448613738104,0.0,26.945311366666665,25.5226807,0.0
2020-05-23 23:45:00,-0.06540312923014367,0.9978589232386035,0.0,26.75863146666667,25.31033193333333,0.0
2020-05-24 00:00:00,0.0,1.0,0.0,26.402938222222225,24.869211851851848,0.0
2020-05-24 00:15:00,0.06540312923014306,0.9978589232386035,0.0,26.13339755172414,24.372671103448276,0.0
2020-05-24 00:30:00,0.13052619222005157,0.9914448613738104,0.0,25.986046366666663,23.951500466666666,0.0
2020-05-24 00:45:00,0.19509032201612825,0.9807852804032304,0.0,25.982040896551723,23.87191668965517,0.0
2020-05-24 01:00:00,0.25881904510252074,0.9659258262890683,0.0,25.891755433333337,23.89785863333333,0.0
2020-05-24 01:15:00,0.3214394653031616,0.9469301294951057,0.0,25.795194586206904,24.100080862068964,0.0
2020-05-24 01:30:00,0.3826834323650898,0.9238795325112867,0.0,25.6424488,24.4022807,0.0
2020-05-24 01:45:00,0.4422886902190013,0.8968727415326883,0.0,25.72024116666667,25.170368466666677,0.0
2020-05-24 02:00:00,0.49999999999999994,0.8660254037844387,0.0,25.841424655172418,25.445594482758622,0.0
2020-05-24 02:15:00,0.5555702330196022,0.8314696123025452,0.0,25.82490973333333,25.211149033333335,0.0
2020-05-24 02:30:00,0.6087614290087207,0.7933533402912352,0.0,25.820132517241383,25.46969706896552,0.0
2020-05-24 02:45:00,0.6593458151000688,0.7518398074789774,0.0,25.820789566666665,25.576496966666667,0.0
2020-05-24 03:00:00,0.7071067811865476,0.7071067811865476,0.0,25.818536137931037,25.57257344827586,0.0
2020-05-24 03:15:00,0.7518398074789773,0.659345815100069,0.0,25.8033478,25.360295433333327,0.0
2020-05-24 03:30:00,0.7933533402912352,0.6087614290087207,0.0,25.6260894,24.39922586666666,0.0
2020-05-24 03:45:00,0.8314696123025452,0.5555702330196023,0.0,25.460413517241378,23.8510911724138,0.0
2020-05-24 04:00:00,0.8660254037844386,0.5000000000000001,0.0,25.295731566666667,23.512646533333335,0.0
2020-05-24 04:15:00,0.8968727415326884,0.44228869021900125,0.0,25.30538189655173,23.366563655172417,0.0
2020-05-24 04:30:00,0.9238795325112867,0.38268343236508984,0.0,25.317015466666664,23.4218121,0.0
2020-05-24 04:45:00,0.9469301294951057,0.3214394653031615,0.0,25.217163,23.224318466666663,0.0
2020-05-24 05:00:00,0.9659258262890683,0.25881904510252074,0.0,25.227784068965512,23.253832551724145,0.0
2020-05-24 05:15:00,0.9807852804032304,0.19509032201612833,0.0,25.201992766666663,23.33053903333333,0.0
2020-05-24 05:30:00,0.9914448613738104,0.1305261922200517,0.0,25.03676106896552,23.232833448275866,0.0
2020-05-24 05:45:00,0.9978589232386035,0.06540312923014305,0.0013345879423333,24.86051013333333,23.04596746666667,0.0
2020-05-24 06:00:00,1.0,6.123233995736766e-17,0.01217407527,25.047056000000005,23.39000346666667,252.25809523809522
2020-05-24 06:15:00,0.9978589232386035,-0.06540312923014292,0.0350899675172413,25.28124058620689,24.041390206896548,832.7733333333333
2020-05-24 06:30:00,0.9914448613738105,-0.13052619222005138,0.0653380148999999,25.47712886666667,24.976963266666665,1659.775238095238
2020-05-24 06:45:00,0.9807852804032305,-0.19509032201612797,0.097212624275862,25.85121734482759,26.208415034482755,2584.9333333333334
2020-05-24 07:00:00,0.9659258262890683,-0.25881904510252085,0.1540659488,26.308291633333333,27.890579166666665,3495.9638095238092
2020-05-24 07:15:00,0.9469301294951057,-0.3214394653031616,0.2099217168965517,26.727254896551724,29.838664206896553,4573.21380952381
2020-05-24 07:30:00,0.9238795325112867,-0.3826834323650897,0.277260079,27.275140500000003,32.053650966666666,5993.366666666667
2020-05-24 07:45:00,0.8968727415326884,-0.44228869021900113,0.345086497,27.691247533333332,33.9516184,7596.593333333333
2020-05-24 08:00:00,0.8660254037844387,-0.4999999999999998,0.4045691006896551,28.09962306896552,36.22155120689655,9199.762857142858
2020-05-24 08:15:00,0.8314696123025451,-0.5555702330196023,0.4558197749999999,28.698854566666668,38.32156473333334,10670.965714285714
2020-05-24 08:30:00,0.7933533402912352,-0.6087614290087207,0.5044863772413792,29.101366862068964,40.631425517241375,12011.170952380953
2020-05-24 08:45:00,0.7518398074789774,-0.6593458151000688,0.556928267,29.76086726666667,43.5098734,13275.366666666667
2020-05-24 09:00:00,0.7071067811865476,-0.7071067811865475,0.6137585389655172,30.223874862068968,45.577474655172416,14532.946666666667
2020-05-24 09:15:00,0.6593458151000686,-0.7518398074789776,0.671353908,30.751166800000004,48.79332576666668,15767.413333333332
2020-05-24 09:30:00,0.6087614290087204,-0.7933533402912353,0.7204940260000001,31.119518999999993,50.53276903333334,14688.032857142856
2020-05-24 09:45:00,0.5555702330196022,-0.8314696123025453,0.7742790772413792,31.453297551724138,51.940889620689646,14305.61380952381
2020-05-24 10:00:00,0.49999999999999994,-0.8660254037844387,0.8106055340000001,32.016924233333334,54.5020254,13620.240000000002
2020-05-24 10:15:00,0.4422886902190013,-0.8968727415326883,0.844439604137931,32.350063862068964,54.18066510344827,13316.653333333334
2020-05-24 10:30:00,0.3826834323650899,-0.9238795325112867,0.8759719593333332,32.85800903333334,55.97336833333334,11444.566666666666
2020-05-24 10:45:00,0.32143946530316175,-0.9469301294951056,0.8976214170000001,33.199514866666654,56.135431966666665,11811.56142857143
2020-05-24 11:00:00,0.258819045102521,-0.9659258262890682,0.9150036986206896,33.41826031034483,55.3901491724138,12767.568095238095
2020-05-24 11:15:00,0.19509032201612816,-0.9807852804032304,0.9247903596666665,33.41838490000001,55.189324933333324,10237.78
2020-05-24 11:30:00,0.13052619222005157,-0.9914448613738104,0.9284057110344828,33.95821510344827,58.21003693103447,9841.49142857143
2020-05-24 11:45:00,0.06540312923014312,-0.9978589232386035,0.9262770653333333,34.242837333333334,57.9946881,9953.199999999999
2020-05-24 12:00:00,1.2246467991473532e-16,-1.0,0.9128928013333331,34.49443766666667,56.83340373333333,9972.22
2020-05-24 12:15:00,-0.06540312923014287,-0.9978589232386035,0.9061279965517239,34.92356531034483,57.05526503448276,10834.233333333334
2020-05-24 12:30:00,-0.13052619222005132,-0.9914448613738105,0.8972975103333334,35.02100123333334,56.940179533333335,10942.450952380952
2020-05-24 12:45:00,-0.19509032201612792,-0.9807852804032305,0.8916655068965517,35.59846348275862,59.70246931034482,10821.66
2020-05-24 13:00:00,-0.25881904510252035,-0.9659258262890684,0.8822624380000001,35.69947006666667,57.66288356666668,11060.380000000001
2020-05-24 13:15:00,-0.3214394653031611,-0.9469301294951058,0.8682732336666668,35.65648383333333,56.96130673333333,11624.798571428571
2020-05-24 13:30:00,-0.3826834323650892,-0.923879532511287,0.851252400689655,36.1507882413793,58.84478144827584,11846.63380952381
2020-05-24 13:45:00,-0.44228869021900147,-0.8968727415326883,0.825711697333333,36.4210002,56.72288319999999,12139.844285714285
2020-05-24 14:00:00,-0.5000000000000001,-0.8660254037844386,0.8011764662068966,36.75481344827586,57.15047062068965,12454.586666666666
2020-05-24 14:15:00,-0.5555702330196023,-0.8314696123025452,0.7703641123333332,37.07135226666667,57.42612313333333,12737.953333333333
2020-05-24 14:30:00,-0.6087614290087207,-0.7933533402912352,0.7298151716666667,37.2610419,56.476959333333326,13827.324285714287
2020-05-24 14:45:00,-0.6593458151000688,-0.7518398074789774,0.6869518420689655,37.33837655172415,55.58946293103448,14126.843809523809
2020-05-24 15:00:00,-0.7071067811865475,-0.7071067811865477,0.6405311346666664,37.3177489,52.49230353333333,16127.507619047617
2020-05-24 15:15:00,-0.7518398074789773,-0.6593458151000691,0.5906654517241378,37.8558788275862,53.01968789655172,15019.199999999999
2020-05-24 15:30:00,-0.7933533402912349,-0.6087614290087209,0.5408719786666665,37.629669266666674,52.48177703333332,13904.126666666667
2020-05-24 15:45:00,-0.8314696123025448,-0.555570233019603,0.4885721723333332,37.87520046666666,51.82158226666667,12651.28619047619
2020-05-24 16:00:00,-0.8660254037844385,-0.5000000000000004,0.4384419389655172,37.89913620689654,49.538368068965525,11414.186666666666
2020-05-24 16:15:00,-0.8968727415326883,-0.44228869021900136,0.385321908,38.77518216666667,49.99135630000001,10114.771904761905
2020-05-24 16:30:00,-0.9238795325112868,-0.3826834323650895,0.3314760710344827,38.987169,47.90914286206896,8793.273333333333
2020-05-24 16:45:00,-0.9469301294951056,-0.3214394653031618,0.273803273,38.97873133333332,45.854651066666655,7271.121428571429
2020-05-24 17:00:00,-0.9659258262890683,-0.25881904510252063,0.2209424236666666,38.56486116666667,43.506722933333336,5576.665238095238
2020-05-24 17:15:00,-0.9807852804032303,-0.19509032201612866,0.1709687255172413,38.470518758620685,41.95445324137931,4233.003333333333
2020-05-24 17:30:00,-0.9914448613738104,-0.13052619222005163,0.12487838906666661,39.18163776666666,40.44253733333333,3085.905714285714
2020-05-24 17:45:00,-0.9978589232386035,-0.06540312923014362,0.0853814388965517,37.96452296551725,38.272174689655166,2097.5066666666667
2020-05-24 18:00:00,-1.0,-1.8369701987210297e-16,0.0514484753666666,37.2827514,36.2624694,1264.0933333333332
2020-05-24 18:15:00,-0.9978589232386036,0.06540312923014237,0.0265587502,35.638953733333324,34.168562566666665,674.7090476190475
2020-05-24 18:30:00,-0.9914448613738104,0.13052619222005213,0.0094392373896551,34.93608875862069,32.78154768965517,244.0395238095238
2020-05-24 18:45:00,-0.9807852804032304,0.1950903220161283,0.0006638190729999,34.5740123,32.09254563333334,0.0
2020-05-24 19:00:00,-0.9659258262890682,0.25881904510252113,0.0,34.27799579310344,31.822861206896548,0.0
2020-05-24 19:15:00,-0.9469301294951057,0.3214394653031615,0.0,33.65466803333334,31.721485366666666,0.0
2020-05-24 19:30:00,-0.9238795325112866,0.38268343236509,0.0,32.58645563333333,31.161048366666666,0.0
2020-05-24 19:45:00,-0.8968727415326884,0.442288690219001,0.0,32.134470724137934,30.82447768965517,0.0
2020-05-24 20:00:00,-0.8660254037844386,0.5000000000000001,0.0,31.543602500000002,30.23712456666667,0.0
2020-05-24 20:15:00,-0.8314696123025455,0.5555702330196018,0.0,31.093900310344832,29.804957827586204,0.0
2020-05-24 20:30:00,-0.7933533402912352,0.6087614290087205,0.0,30.648675600000004,29.33413483333333,0.0
2020-05-24 20:45:00,-0.7518398074789777,0.6593458151000684,0.0,30.32377653333333,29.057456500000008,0.0
2020-05-24 21:00:00,-0.7071067811865477,0.7071067811865474,0.0,29.87006237931034,28.62210596551724,0.0
2020-05-24 21:15:00,-0.6593458151000687,0.7518398074789775,0.0,29.493515933333338,28.2586864,0.0
2020-05-24 21:30:00,-0.608761429008721,0.7933533402912349,0.0,29.129352766666663,27.972218800000004,0.0
2020-05-24 21:45:00,-0.5555702330196022,0.8314696123025452,0.0,28.813397620689656,27.683126379310345,0.0
2020-05-24 22:00:00,-0.5000000000000004,0.8660254037844384,0.0,28.480264433333332,27.3468169,0.0
2020-05-24 22:15:00,-0.4422886902190014,0.8968727415326883,0.0,28.15289306896552,27.024714,0.0
2020-05-24 22:30:00,-0.38268343236508956,0.9238795325112868,0.0,27.8130096,26.48564356666667,0.0
2020-05-24 22:45:00,-0.32143946530316186,0.9469301294951056,0.0,27.5779439,26.069362333333327,0.0
2020-05-24 23:00:00,-0.2588190451025207,0.9659258262890683,0.0,27.270795068965523,25.918397,0.0
2020-05-24 23:15:00,-0.19509032201612872,0.9807852804032303,0.0,27.093005166666664,25.6847971,0.0
2020-05-24 23:30:00,-0.13052619222005168,0.9914448613738104,0.0,26.94672872413793,25.54129548275862,0.0
2020-05-24 23:45:00,-0.06540312923014367,0.9978589232386035,0.0,26.781771833333337,25.295773199999992,0.0
2020-05-25 00:00:00,0.0,1.0,0.0,26.598948266666667,25.094320600000003,0.0
2020-05-25 00:15:00,0.06540312923014306,0.9978589232386035,0.0,26.496553517241374,25.05504517241379,0.0
2020-05-25 00:30:00,0.13052619222005157,0.9914448613738104,0.0,26.375868733333327,24.945605333333333,0.0
2020-05-25 00:45:00,0.19509032201612825,0.9807852804032304,0.0,26.233414866666667,24.790601666666664,0.0
2020-05-25 01:00:00,0.25881904510252074,0.9659258262890683,0.0,26.08462213793104,24.53372089655172,0.0
2020-05-25 01:15:00,0.3214394653031616,0.9469301294951057,0.0,25.9386293,24.3438151,0.0
2020-05-25 01:30:00,0.3826834323650898,0.9238795325112867,0.0,25.747982620689655,24.061103586206897,0.0
2020-05-25 01:45:00,0.4422886902190013,0.8968727415326883,0.0,25.6685404,23.945862000000005,0.0
2020-05-25 02:00:00,0.49999999999999994,0.8660254037844387,0.0,25.6219767,24.035473733333333,0.0
2020-05-25 02:15:00,0.5555702330196022,0.8314696123025452,0.0,25.496240931034485,23.91696686206896,0.0
2020-05-25 02:30:00,0.6087614290087207,0.7933533402912352,0.0,25.4765594,23.853684533333336,0.0
2020-05-25 02:45:00,0.6593458151000688,0.7518398074789774,0.0,25.58928316666666,24.11022853333333,0.0
2020-05-25 03:00:00,0.7071067811865476,0.7071067811865476,0.0,25.491499137931037,24.09814568965517,0.0
2020-05-25 03:15:00,0.7518398074789773,0.659345815100069,0.0,25.484710600000003,24.117967733333334,0.0
2020-05-25 03:30:00,0.7933533402912352,0.6087614290087207,0.0,25.516807586206887,24.24836575862069,0.0
2020-05-25 03:45:00,0.8314696123025452,0.5555702330196023,0.0,25.50256333333333,24.087815366666668,0.0
2020-05-25 04:00:00,0.8660254037844386,0.5000000000000001,0.0,25.38500763333333,23.88479713333333,0.0
2020-05-25 04:15:00,0.8968727415326884,0.44228869021900125,0.0,25.25344955172413,23.613887517241377,0.0
2020-05-25 04:30:00,0.9238795325112867,0.38268343236508984,0.0,25.22475063333333,23.563341266666665,0.0
2020-05-25 04:45:00,0.9469301294951057,0.3214394653031615,0.0,25.20791424137931,23.592037965517243,0.0
2020-05-25 05:00:00,0.9659258262890683,0.25881904510252074,0.0,25.1196219,23.583761666666664,0.0
2020-05-25 05:15:00,0.9807852804032304,0.19509032201612833,0.0,25.25614423333333,24.01270663333333,0.0
2020-05-25 05:30:00,0.9914448613738104,0.1305261922200517,0.0,25.23564296551724,24.11748327586207,0.0
2020-05-25 05:45:00,0.9978589232386035,0.06540312923014305,0.0018656662596666,25.09642653333333,23.864661666666677,0.0
2020-05-25 06:00:00,1.0,6.123233995736766e-17,0.0135406322366666,25.07477113333333,23.767200733333333,291.28761904761905
2020-05-25 06:15:00,0.9978589232386035,-0.06540312923014292,0.0409569667586206,25.33059148275862,24.42353882758621,946.8542857142857
2020-05-25 06:30:00,0.9914448613738105,-0.13052619222005138,0.0827299857,25.7025726,25.900403833333336,2020.8719047619047
2020-05-25 06:45:00,0.9807852804032305,-0.19509032201612797,0.107661149,26.17526551724137,27.515106241379307,2623.713333333333
2020-05-25 07:00:00,0.9659258262890683,-0.25881904510252085,0.1572406776666666,26.657475766666664,28.97328396666667,3539.42
2020-05-25 07:15:00,0.9469301294951057,-0.3214394653031616,0.215982752,27.24854133333333,31.063705399999996,4747.360000000001
2020-05-25 07:30:00,0.9238795325112867,-0.3826834323650897,0.2775579717241379,27.645486655172416,32.8367784137931,6050.516666666666
2020-05-25 07:45:00,0.8968727415326884,-0.44228869021900113,0.3435005653333333,28.04843343333333,34.35977076666667,7533.07380952381
2020-05-25 08:00:00,0.8660254037844387,-0.4999999999999998,0.3852337089655172,28.199119758620693,35.124880137931044,8678.88
2020-05-25 08:15:00,0.8314696123025451,-0.5555702330196023,0.4291123916666667,28.42741916666666,36.41876936666667,10058.633333333333
2020-05-25 08:30:00,0.7933533402912352,-0.6087614290087207,0.47643663033333333,28.852791333333332,38.169011266666665,11352.16
2020-05-25 08:45:00,0.7518398074789774,-0.6593458151000688,0.5185651593103447,29.553459206896548,40.767891620689674,12397.271904761905
2020-05-25 09:00:00,0.7071067811865476,-0.7071067811865475,0.5930232706666668,29.628590799999998,41.979558366666666,14098.064285714285
2020-05-25 09:15:00,0.6593458151000686,-0.7518398074789776,0.6412408689655172,30.055854551724128,44.41280589655172,15274.666666666666
2020-05-25 09:30:00,0.6087614290087204,-0.7933533402912353,0.710985943,30.467728699999995,46.11891973333335,15880.719999999998
2020-05-25 09:45:00,0.5555702330196022,-0.8314696123025453,0.7467538503333334,30.640335000000007,47.74636040000001,15692.093333333332
2020-05-25 10:00:00,0.49999999999999994,-0.8660254037844387,0.7555059558620689,31.24525617241379,49.34420779310346,15370.66857142857
2020-05-25 10:15:00,0.4422886902190013,-0.8968727415326883,0.8140237236666666,31.548298099999997,50.3546928,17254.90380952381
2020-05-25 10:30:00,0.3826834323650899,-0.9238795325112867,0.845634558275862,31.9778925862069,51.87954624137932,17729.48238095238
2020-05-25 10:45:00,0.32143946530316175,-0.9469301294951056,0.8138235590000001,32.2193849,52.1838337,17857.63333333333
2020-05-25 11:00:00,0.258819045102521,-0.9659258262890682,0.9013854026666664,32.46989949999999,52.15331013333333,18091.753333333334
2020-05-25 11:15:00,0.19509032201612816,-0.9807852804032304,0.9101380644827584,33.09682786206896,53.99734386206896,16905.486190476193
2020-05-25 11:30:00,0.13052619222005157,-0.9914448613738104,0.8306483269999999,33.35838830000001,53.1043416,16681.492857142857
2020-05-25 11:45:00,0.06540312923014312,-0.9978589232386035,0.9172781244827585,33.84070462068965,55.51189951724138,17365.29714285714
2020-05-25 12:00:00,1.2246467991473532e-16,-1.0,0.90696158,33.85287566666668,55.435443033333335,17528.093333333334
2020-05-25 12:15:00,-0.06540312923014287,-0.9978589232386035,0.9077990237931031,34.03098175862068,55.33183975862069,17673.04666666667
2020-05-25 12:30:00,-0.13052619222005132,-0.9914448613738105,0.9001118993333334,34.60776683333333,57.031275433333334,17576.486666666668
2020-05-25 12:45:00,-0.19509032201612792,-0.9807852804032305,0.8978923863333333,34.84495056666667,57.04478966666667,17534.542857142857
2020-05-25 13:00:00,-0.25881904510252035,-0.9659258262890684,0.884031485862069,35.04155441379311,57.14433331034482,17218.210952380952
2020-05-25 13:15:00,-0.3214394653031611,-0.9469301294951058,0.8647803196551723,35.411487586206896,56.247193379310346,17334.63857142857
2020-05-25 13:30:00,-0.3826834323650892,-0.923879532511287,0.8537382513793103,35.661075896551715,57.11944141379311,17633.840952380953
2020-05-25 13:45:00,-0.44228869021900147,-0.8968727415326883,0.828360965,36.27135023333333,58.391761133333326,17802.39619047619
2020-05-25 14:00:00,-0.5000000000000001,-0.8660254037844386,0.7983531075862069,36.14197313793103,57.50238355172414,17425.5
2020-05-25 14:15:00,-0.5555702330196023,-0.8314696123025452,0.7657678813333334,36.43180633333333,56.28563356666666,18164.615714285716
2020-05-25 14:30:00,-0.6087614290087207,-0.7933533402912352,0.7321732966666668,36.685085066666666,54.934546733333335,18134.31333333333
2020-05-25 14:45:00,-0.6593458151000688,-0.7518398074789774,0.6885375613793103,37.17701862068966,56.5918145862069,17105.266666666666
2020-05-25 15:00:00,-0.7071067811865475,-0.7071067811865477,0.644651987,37.03174523333334,53.851719133333326,16266.488095238095
2020-05-25 15:15:00,-0.7518398074789773,-0.6593458151000691,0.5943967366666667,37.240537399999994,52.91991370000001,15189.502380952381
2020-05-25 15:30:00,-0.7933533402912349,-0.6087614290087209,0.5421353327586205,37.39873517241379,51.745568724137925,14008.324761904762
2020-05-25 15:45:00,-0.8314696123025448,-0.555570233019603,0.4949797946666664,37.532655666666656,50.829609366666666,12828.86
2020-05-25 16:00:00,-0.8660254037844385,-0.5000000000000004,0.4748157786206895,37.87244606896552,50.33469896551724,12306.346666666666
2020-05-25 16:15:00,-0.8968727415326883,-0.44228869021900136,0.4429608533333333,38.03672389999999,50.688926266666655,11316.370476190476
2020-05-25 16:30:00,-0.9238795325112868,-0.3826834323650895,0.2183944863333333,37.39374793333332,46.0385316,5662.079047619047
2020-05-25 16:45:00,-0.9469301294951056,-0.3214394653031618,0.2564901431034483,37.130947827586205,42.81054062068965,6778.63
2020-05-25 17:00:00,-0.9659258262890683,-0.25881904510252063,0.1912531276666666,36.98203236666667,41.7511568,5132.866666666667
2020-05-25 17:15:00,-0.9807852804032303,-0.19509032201612866,0.0776011656206896,36.69451575862069,39.069836827586215,2158.733333333333
2020-05-25 17:30:00,-0.9914448613738104,-0.13052619222005163,0.029605416400000004,36.00379930000001,35.96322700000001,857.655238095238
2020-05-25 17:45:00,-0.9978589232386035,-0.06540312923014362,0.014767772349999998,35.52824183333334,34.22728683333333,452.7009523809524
2020-05-25 18:00:00,-1.0,-1.8369701987210297e-16,0.0084153075896551,35.27715700000001,33.420349275862065,242.07142857142858
2020-05-25 18:15:00,-0.9978589232386036,0.06540312923014237,0.0035430156366666,34.82022003333333,32.71644093333334,13.453333333333333
2020-05-25 18:30:00,-0.9914448613738104,0.13052619222005213,0.0028885420862068,34.42703462068965,32.08817193103449,0.0
2020-05-25 18:45:00,-0.9807852804032304,0.1950903220161283,0.0006920051126666,34.163541566666666,31.61218263333333,0.0
2020-05-25 19:00:00,-0.9659258262890682,0.25881904510252113,0.0,33.94068846666667,31.27500096666667,0.0
2020-05-25 19:15:00,-0.9469301294951057,0.3214394653031615,0.0,33.98035275862069,31.387653206896555,0.0
2020-05-25 19:30:00,-0.9238795325112866,0.38268343236509,0.0,33.921566000000006,31.59614653333333,0.0
2020-05-25 19:45:00,-0.8968727415326884,0.442288690219001,0.0,33.827981900000005,31.6019428,0.0
2020-05-25 20:00:00,-0.8660254037844386,0.5000000000000001,0.0,33.81912886206898,31.768905034482756,0.0
2020-05-25 20:15:00,-0.8314696123025455,0.5555702330196018,0.0,33.83254853333333,31.55258583333333,0.0
2020-05-25 20:30:00,-0.7933533402912352,0.6087614290087205,0.0,33.42381403448276,30.885767413793115,0.0
2020-05-25 20:45:00,-0.7518398074789777,0.6593458151000684,0.0,33.11771426666667,30.93858356666667,0.0
2020-05-25 21:00:00,-0.7071067811865477,0.7071067811865474,0.0,32.3061685,30.91641446666667,0.0
2020-05-25 21:15:00,-0.6593458151000687,0.7518398074789775,0.0,31.464322724137933,30.363739931034484,0.0
2020-05-25 21:30:00,-0.608761429008721,0.7933533402912349,0.0,30.9443297,30.07848716666668,0.0
2020-05-25 21:45:00,-0.5555702330196022,0.8314696123025452,0.0,30.527473166666667,29.7056731,0.0
2020-05-25 22:00:00,-0.5000000000000004,0.8660254037844384,0.0,30.17515310344828,29.125274620689652,0.0
2020-05-25 22:15:00,-0.4422886902190014,0.8968727415326883,0.0,29.845425366666664,28.714235499999997,0.0
2020-05-25 22:30:00,-0.38268343236508956,0.9238795325112868,0.0,29.525755862068973,28.399838344827582,0.0
2020-05-25 22:45:00,-0.32143946530316186,0.9469301294951056,0.0,28.848941000000007,27.76683043333333,0.0
2020-05-25 23:00:00,-0.2588190451025207,0.9659258262890683,0.0,28.36594346666667,27.074339833333333,0.0
2020-05-25 23:15:00,-0.19509032201612872,0.9807852804032303,0.0,28.17704706896552,26.731218758620688,0.0
2020-05-25 23:30:00,-0.13052619222005168,0.9914448613738104,0.0,28.059218566666665,26.648860599999995,0.0
2020-05-25 23:45:00,-0.06540312923014367,0.9978589232386035,0.0,28.20533268965517,27.197260379310347,0.0
2020-05-26 00:00:00,0.0,1.0,0.0,28.342236633333336,27.489857900000004,0.0
2020-05-26 00:15:00,0.06540312923014306,0.9978589232386035,0.0,28.330767,27.96586293333333,0.0
2020-05-26 00:30:00,0.13052619222005157,0.9914448613738104,0.0,26.956657689655177,27.15537851724138,0.0
2020-05-26 00:45:00,0.19509032201612825,0.9807852804032304,0.0,25.448591033333333,25.536963900000003,0.0
2020-05-26 01:00:00,0.25881904510252074,0.9659258262890683,0.0,24.655147172413795,24.86020213793104,0.0
2020-05-26 01:15:00,0.3214394653031616,0.9469301294951057,0.0,24.426945133333334,24.16675193333333,0.0
2020-05-26 01:30:00,0.3826834323650898,0.9238795325112867,0.0,24.272991933333333,23.955192066666665,0.0
2020-05-26 01:45:00,0.4422886902190013,0.8968727415326883,0.0,23.917083586206896,23.412220999999995,0.0
2020-05-26 02:00:00,0.49999999999999994,0.8660254037844387,0.0,23.914464199999998,23.141306566666668,0.0
2020-05-26 02:15:00,0.5555702330196022,0.8314696123025452,0.0,24.3156373,23.46102403333333,0.0
2020-05-26 02:30:00,0.6087614290087207,0.7933533402912352,0.0,24.750189344827582,23.78225075862069,0.0
2020-05-26 02:45:00,0.6593458151000688,0.7518398074789774,0.0,25.1728576,24.225251233333328,0.0
2020-05-26 03:00:00,0.7071067811865476,0.7071067811865476,0.0,25.45304903448275,24.545279551724136,0.0
2020-05-26 03:15:00,0.7518398074789773,0.659345815100069,0.0,25.338595533333336,24.509605933333336,0.0
2020-05-26 03:30:00,0.7933533402912352,0.6087614290087207,0.0,24.867053066666667,23.70800986666667,0.0
2020-05-26 03:45:00,0.8314696123025452,0.5555702330196023,0.0,24.683298068965517,22.948253793103447,0.0
2020-05-26 04:00:00,0.8660254037844386,0.5000000000000001,0.0,24.555170766666667,22.6975231,0.0
2020-05-26 04:15:00,0.8968727415326884,0.44228869021900125,0.0,24.32685389655173,22.39847658620689,0.0
2020-05-26 04:30:00,0.9238795325112867,0.38268343236508984,0.0,24.26740726666667,22.155735233333328,0.0
2020-05-26 04:45:00,0.9469301294951057,0.3214394653031615,0.0,24.230326533333333,21.9190888,0.0
2020-05-26 05:00:00,0.9659258262890683,0.25881904510252074,0.0,24.10113010344827,21.67725248275863,0.0
2020-05-26 05:15:00,0.9807852804032304,0.19509032201612833,0.0,23.952657033333335,21.39651183333333,0.0
2020-05-26 05:30:00,0.9914448613738104,0.1305261922200517,0.0,23.605529633333333,21.3432689,0.0
2020-05-26 05:45:00,0.9978589232386035,0.06540312923014305,0.0014217668682758,23.60175417241379,21.20069506896552,0.0
2020-05-26 06:00:00,1.0,6.123233995736766e-17,0.01306554796,23.248244166666662,21.408766666666665,309.00666666666666
2020-05-26 06:15:00,0.9978589232386035,-0.06540312923014292,0.0345209819310344,23.36390234482759,21.92561724137931,884.875238095238
2020-05-26 06:30:00,0.9914448613738105,-0.13052619222005138,0.05963833013333329,23.820372633333328,23.0798798,1625.3347619047618
2020-05-26 06:45:00,0.9807852804032305,-0.19509032201612797,0.0955279817666666,24.676736466666668,24.9631765,2508.930476190476
2020-05-26 07:00:00,0.9659258262890683,-0.25881904510252085,0.1609921791724138,25.71168996551724,27.316039000000004,3577.6657142857143
2020-05-26 07:15:00,0.9469301294951057,-0.3214394653031616,0.229912392,26.537083033333328,30.194055166666665,4856.986666666667
2020-05-26 07:30:00,0.9238795325112867,-0.3826834323650897,0.2940933110344827,27.06469403448276,33.83034337931035,6254.0
2020-05-26 07:45:00,0.8968727415326884,-0.44228869021900113,0.3591600466666666,27.74542343333334,37.048123366666665,7769.71380952381
2020-05-26 08:00:00,0.8660254037844387,-0.4999999999999998,0.4144524720689655,28.37274386206897,39.79584986206896,9283.019047619047
2020-05-26 08:15:00,0.8314696123025451,-0.5555702330196023,0.4670698486666666,29.11446326666667,42.41866956666666,10807.656190476191
2020-05-26 08:30:00,0.7933533402912352,-0.6087614290087207,0.5148884359999998,29.479894833333333,43.39231353333332,12149.119999999999
2020-05-26 08:45:00,0.7518398074789774,-0.6593458151000688,0.5685772948275861,29.25090296551725,41.69375503448276,13557.96
2020-05-26 09:00:00,0.7071067811865476,-0.7071067811865475,0.6259876306666667,29.43369843333333,42.97400699999999,14912.540952380952
2020-05-26 09:15:00,0.6593458151000686,-0.7518398074789776,0.6809812241379309,30.011620862068966,45.39386427586206,16030.836190476191
2020-05-26 09:30:00,0.6087614290087204,-0.7933533402912353,0.7296872236666668,31.118697033333337,48.9055509,17000.40095238095
2020-05-26 09:45:00,0.5555702330196022,-0.8314696123025453,0.7733682055172415,31.270243689655167,48.96429320689655,16240.486666666668
2020-05-26 10:00:00,0.49999999999999994,-0.8660254037844387,0.8099763006666665,31.42967723333333,49.56611956666666,15844.859999999999
2020-05-26 10:15:00,0.4422886902190013,-0.8968727415326883,0.8409387246666667,31.98654983333333,51.735156,16322.097142857143
2020-05-26 10:30:00,0.3826834323650899,-0.9238795325112867,0.8708299762068966,31.98130951724137,51.08637396551724,17038.53476190476
2020-05-26 10:45:00,0.32143946530316175,-0.9469301294951056,0.8921483193333333,32.71930446666667,52.434899833333326,18309.7
2020-05-26 11:00:00,0.258819045102521,-0.9659258262890682,0.9120311520689653,32.877126724137945,52.64238758620688,17949.176666666666
2020-05-26 11:15:00,0.19509032201612816,-0.9807852804032304,0.9223363586666667,33.28965223333333,53.12096660000001,17690.13238095238
2020-05-26 11:30:00,0.13052619222005157,-0.9914448613738104,0.9279103813793105,33.292132034482755,53.4798983448276,15942.34
2020-05-26 11:45:00,0.06540312923014312,-0.9978589232386035,0.9206189096666668,33.788357466666675,54.01042590000001,16026.385714285714
2020-05-26 12:00:00,1.2246467991473532e-16,-1.0,0.9187599279310343,34.13226224137932,53.987062379310345,16173.673333333332
2020-05-26 12:15:00,-0.06540312923014287,-0.9978589232386035,0.8841375929999998,34.20905173333334,53.7587892,16186.07142857143
2020-05-26 12:30:00,-0.13052619222005132,-0.9914448613738105,0.9052871096666664,34.99182436666668,55.36570216666665,16263.636666666667
2020-05-26 12:45:00,-0.19509032201612792,-0.9807852804032305,0.8976051606896552,35.052430241379305,56.085830103448274,16108.409523809523
2020-05-26 13:00:00,-0.25881904510252035,-0.9659258262890684,0.8801019616666667,35.18206683333334,56.01871870000001,15916.179999999998
2020-05-26 13:15:00,-0.3214394653031611,-0.9469301294951058,0.7367161268965517,35.11403779310345,54.24776093103447,15654.226666666666
2020-05-26 13:30:00,-0.3826834323650892,-0.923879532511287,0.7406371426666668,34.84871736666668,49.844618366666666,15843.439047619046
2020-05-26 13:45:00,-0.44228869021900147,-0.8968727415326883,0.8554158268965517,35.276455896551724,52.93590996551725,17481.529523809524
2020-05-26 14:00:00,-0.5000000000000001,-0.8660254037844386,0.8205244800000001,35.58944219999999,53.72626433333332,16922.141904761906
2020-05-26 14:15:00,-0.5555702330196023,-0.8314696123025452,0.6559813148275863,35.851493034482765,52.710907793103445,15888.286666666665
2020-05-26 14:30:00,-0.6087614290087207,-0.7933533402912352,0.7535172576666666,35.536838,51.79687606666668,17724.273333333334
2020-05-26 14:45:00,-0.6593458151000688,-0.7518398074789774,0.7243150323333335,35.52243240000001,52.3770518,17139.95380952381
2020-05-26 15:00:00,-0.7071067811865475,-0.7071067811865477,0.6602756279310344,35.69397924137931,51.18871013793104,15908.048095238093
2020-05-26 15:15:00,-0.7518398074789773,-0.6593458151000691,0.608282797,35.67794563333332,49.94267583333334,14816.986666666666
2020-05-26 15:30:00,-0.7933533402912349,-0.6087614290087209,0.5435938762068965,35.71428710344828,48.47235203448275,13146.726666666666
2020-05-26 15:45:00,-0.8314696123025448,-0.555570233019603,0.5014666836666666,35.899236233333326,47.2197897,12448.647142857142
2020-05-26 16:00:00,-0.8660254037844385,-0.5000000000000004,0.45236262862068954,35.93234362068964,46.234041620689645,11201.34
2020-05-26 16:15:00,-0.8968727415326883,-0.44228869021900136,0.4015102666666665,35.85735566666667,45.09171560000001,9993.772857142856
2020-05-26 16:30:00,-0.9238795325112868,-0.3826834323650895,0.36875262,36.129733133333325,44.49659299999999,9170.422857142856
2020-05-26 16:45:00,-0.9469301294951056,-0.3214394653031618,0.3133076403448276,36.31928237931035,44.1855354137931,7735.673333333333
2020-05-26 17:00:00,-0.9659258262890683,-0.25881904510252063,0.1544300921666666,35.64510623333332,40.699245066666656,3714.1709523809523
2020-05-26 17:15:00,-0.9807852804032303,-0.19509032201612866,0.1153053336896551,35.023723517241386,37.51514403448276,2846.9161904761904
2020-05-26 17:30:00,-0.9914448613738104,-0.13052619222005163,0.0905732479333333,34.622871999999994,36.126862733333326,2279.8514285714286
2020-05-26 17:45:00,-0.9978589232386035,-0.06540312923014362,0.0522844154827586,34.1636985862069,34.68681917241379,1326.4066666666665
2020-05-26 18:00:00,-1.0,-1.8369701987210297e-16,0.0313217537333333,33.8638795,33.452122066666675,778.3666666666667
2020-05-26 18:15:00,-0.9978589232386036,0.06540312923014237,0.0271783938333333,33.747506566666665,32.907039433333324,629.3885714285714
2020-05-26 18:30:00,-0.9914448613738104,0.13052619222005213,0.0181047242413793,33.429941000000014,32.58182196551724,406.75333333333333
2020-05-26 18:45:00,-0.9807852804032304,0.1950903220161283,0.0027898978513333,32.90912056666667,31.7251761,23.03761904761905
2020-05-26 19:00:00,-0.9659258262890682,0.25881904510252113,0.0,32.57301940000001,31.0817933,0.0
2020-05-26 19:15:00,-0.9469301294951057,0.3214394653031615,0.0,32.22199196551724,30.624296,0.0
2020-05-26 19:30:00,-0.9238795325112866,0.38268343236509,0.0,32.0799193,30.42423609999999,0.0
2020-05-26 19:45:00,-0.8968727415326884,0.442288690219001,0.0,31.805014758620686,30.099960896551732,0.0
2020-05-26 20:00:00,-0.8660254037844386,0.5000000000000001,0.0,31.45492246666667,30.054270433333343,0.0
2020-05-26 20:15:00,-0.8314696123025455,0.5555702330196018,0.0,31.126100566666665,29.756452333333325,0.0
2020-05-26 20:30:00,-0.7933533402912352,0.6087614290087205,0.0,30.858330896551724,29.46983806896552,0.0
2020-05-26 20:45:00,-0.7518398074789777,0.6593458151000684,0.0,30.67841600000001,29.306706600000002,0.0
2020-05-26 21:00:00,-0.7071067811865477,0.7071067811865474,0.0,30.486038333333333,29.092833533333337,0.0
2020-05-26 21:15:00,-0.6593458151000687,0.7518398074789775,0.0,30.26235337931034,28.856250758620693,0.0
2020-05-26 21:30:00,-0.608761429008721,0.7933533402912349,0.0,30.004433033333328,28.625546266666667,0.0
2020-05-26 21:45:00,-0.5555702330196022,0.8314696123025452,0.0,29.736635310344827,28.476535103448285,0.0
2020-05-26 22:00:00,-0.5000000000000004,0.8660254037844384,0.0,29.409286366666677,28.10703326666667,0.0
2020-05-26 22:15:00,-0.4422886902190014,0.8968727415326883,0.0,29.19312466666667,27.9139822,0.0
2020-05-26 22:30:00,-0.38268343236508956,0.9238795325112868,0.0,28.909453172413787,27.65186386206896,0.0
2020-05-26 22:45:00,-0.32143946530316186,0.9469301294951056,0.0,28.72979013333333,27.43372276666667,0.0
2020-05-26 23:00:00,-0.2588190451025207,0.9659258262890683,0.0,28.394730206896547,27.17892455172414,0.0
2020-05-26 23:15:00,-0.19509032201612872,0.9807852804032303,0.0,28.08758353333333,26.901304100000004,0.0
2020-05-26 23:30:00,-0.13052619222005168,0.9914448613738104,0.0,27.919102966666667,26.765421533333345,0.0
2020-05-26 23:45:00,-0.06540312923014367,0.9978589232386035,0.0,27.749124413793112,26.54149862068965,0.0
2020-05-27 00:00:00,0.0,1.0,0.0,27.54517020000001,26.290302733333327,0.0
2020-05-27 00:15:00,0.06540312923014306,0.9978589232386035,0.0,27.3088651724138,25.93619079310345,0.0
2020-05-27 00:30:00,0.13052619222005157,0.9914448613738104,0.0,27.243481233333338,25.818330900000003,0.0
2020-05-27 00:45:00,0.19509032201612825,0.9807852804032304,0.0,27.037514333333338,25.7874807,0.0
2020-05-27 01:00:00,0.25881904510252074,0.9659258262890683,0.0,26.721017896551725,25.61978475862069,0.0
2020-05-27 01:15:00,0.3214394653031616,0.9469301294951057,0.0,26.4405285,25.53565873333333,0.0
2020-05-27 01:30:00,0.3826834323650898,0.9238795325112867,0.0,26.336817137931032,25.409315517241385,0.0
2020-05-27 01:45:00,0.4422886902190013,0.8968727415326883,0.0,26.302457966666665,25.441988166666675,0.0
2020-05-27 02:00:00,0.49999999999999994,0.8660254037844387,0.0,26.29570036666667,25.482374166666677,0.0
2020-05-27 02:15:00,0.5555702330196022,0.8314696123025452,0.0,26.32174162068965,25.656483517241384,0.0
2020-05-27 02:30:00,0.6087614290087207,0.7933533402912352,0.0,26.358147999999996,25.897240100000005,0.0
2020-05-27 02:45:00,0.6593458151000688,0.7518398074789774,0.0,26.346510068965515,25.92935379310345,0.0
2020-05-27 03:00:00,0.7071067811865476,0.7071067811865476,0.0,26.33055106666666,25.81833503333333,0.0
2020-05-27 03:15:00,0.7518398074789773,0.659345815100069,0.0,26.293633066666665,25.58749793333333,0.0
2020-05-27 03:30:00,0.7933533402912352,0.6087614290087207,0.0,26.139750413793102,25.266624482758615,0.0
2020-05-27 03:45:00,0.8314696123025452,0.5555702330196023,0.0,25.990677766666664,24.988451099999995,0.0
2020-05-27 04:00:00,0.8660254037844386,0.5000000000000001,0.0,25.853110586206896,24.63523813793103,0.0
2020-05-27 04:15:00,0.8968727415326884,0.44228869021900125,0.0,25.72998553333333,24.491960533333334,0.0
2020-05-27 04:30:00,0.9238795325112867,0.38268343236508984,0.0,25.6414103,24.403943,0.0
2020-05-27 04:45:00,0.9469301294951057,0.3214394653031615,0.0,25.632463206896556,24.421985482758625,0.0
2020-05-27 05:00:00,0.9659258262890683,0.25881904510252074,0.0,25.662893466666667,24.5508331,0.0
2020-05-27 05:15:00,0.9807852804032304,0.19509032201612833,0.0,25.65468393103448,24.54721051724137,0.0
2020-05-27 05:30:00,0.9914448613738104,0.1305261922200517,8.957014266666669e-06,25.67775883333333,24.7202515,0.0
2020-05-27 05:45:00,0.9978589232386035,0.06540312923014305,0.0010940335161666,25.8521579,25.229091366666665,0.0
2020-05-27 06:00:00,1.0,6.123233995736766e-17,0.013587657275862,25.866408896551725,25.49740079310345,253.4819047619048
2020-05-27 06:15:00,0.9978589232386035,-0.06540312923014292,0.0311494365,25.87323526666667,25.523671366666665,706.7104761904762
2020-05-27 06:30:00,0.9914448613738105,-0.13052619222005138,0.05653500182758621,25.858954275862068,25.846911,1387.1057142857142
2020-05-27 06:45:00,0.9807852804032305,-0.19509032201612797,0.0924335526333333,26.015494833333324,26.7628153,2176.08
2020-05-27 07:00:00,0.9659258262890683,-0.25881904510252085,0.1447626058666667,26.345866766666663,28.121514933333334,3139.4133333333334
2020-05-27 07:15:00,0.9469301294951057,-0.3214394653031616,0.2032806665517241,26.68681624137931,29.731587344827588,4176.7814285714285
2020-05-27 07:30:00,0.9238795325112867,-0.3826834323650897,0.2717896166666667,27.126970233333328,31.62497153333333,5534.891428571429
2020-05-27 07:45:00,0.8968727415326884,-0.44228869021900113,0.3388386143333332,27.6012014,33.841401999999995,6972.373333333333
2020-05-27 08:00:00,0.8660254037844387,-0.4999999999999998,0.3980809603448276,27.946249172413797,35.547710517241384,8480.699999999999
2020-05-27 08:15:00,0.8314696123025451,-0.5555702330196023,0.4448523619999999,28.348582066666665,36.97313136666667,9805.046666666667
2020-05-27 08:30:00,0.7933533402912352,-0.6087614290087207,0.4987673606896552,28.66838748275863,38.95141403448275,11243.5
2020-05-27 08:45:00,0.7518398074789774,-0.6593458151000688,0.5528661323333331,29.11482856666667,40.6182475,12507.237619047619
2020-05-27 09:00:00,0.7071067811865476,-0.7071067811865475,0.6103561627586208,29.509938137931037,42.32373655172415,13738.513333333332
2020-05-27 09:15:00,0.6593458151000686,-0.7518398074789776,0.6693973010000001,30.09863990000001,44.7662934,14144.46
2020-05-27 09:30:00,0.6087614290087204,-0.7933533402912353,0.718648328,30.581374200000003,46.6188518,12426.693333333333
2020-05-27 09:45:00,0.5555702330196022,-0.8314696123025453,0.7639972810344828,30.935180586206897,48.113867379310335,10937.68380952381
2020-05-27 10:00:00,0.49999999999999994,-0.8660254037844387,0.79805604,31.31298023333333,49.45657856666668,10630.061428571427
2020-05-27 10:15:00,0.4422886902190013,-0.8968727415326883,0.8365737737931034,31.922479241379317,51.56761858620689,10853.013333333332
2020-05-27 10:30:00,0.3826834323650899,-0.9238795325112867,0.8668503409999999,32.06901443333333,51.58849673333333,11017.02
2020-05-27 10:45:00,0.32143946530316175,-0.9469301294951056,0.8864955837931034,32.310293586206896,54.26625848275863,10394.0
2020-05-27 11:00:00,0.258819045102521,-0.9659258262890682,0.9083214753333332,32.85389013333333,56.9974366,10247.499523809523
2020-05-27 11:15:00,0.19509032201612816,-0.9807852804032304,0.9223544430000001,33.18971146666667,57.363281966666676,9572.166666666668
2020-05-27 11:30:00,0.13052619222005157,-0.9914448613738104,0.9298871575862068,33.38143824137932,57.823421,9698.58
2020-05-27 11:45:00,0.06540312923014312,-0.9978589232386035,0.9260495819999998,33.659670966666674,59.53468139999999,9723.566666666668
2020-05-27 12:00:00,1.2246467991473532e-16,-1.0,0.9195128537931032,33.98225544827586,59.858907724137936,9824.152857142857
2020-05-27 12:15:00,-0.06540312923014287,-0.9978589232386035,0.9092761316666667,34.103615266666665,59.789541800000016,9953.925714285715
2020-05-27 12:30:00,-0.13052619222005132,-0.9914448613738105,0.9003745003333334,34.4032065,61.01963693333333,11058.553333333333
2020-05-27 12:45:00,-0.19509032201612792,-0.9807852804032305,0.8944253741379309,35.2097264137931,62.20644424137931,10980.62
2020-05-27 13:00:00,-0.25881904510252035,-0.9659258262890684,0.8813539596666666,34.87108163333334,59.036121566666665,10824.0
2020-05-27 13:15:00,-0.3214394653031611,-0.9469301294951058,0.871650222413793,34.894239724137925,58.56227693103449,10753.619999999999
2020-05-27 13:30:00,-0.3826834323650892,-0.923879532511287,0.8556886543333331,35.0906768,59.08446826666667,10375.480476190476
2020-05-27 13:45:00,-0.44228869021900147,-0.8968727415326883,0.8315519148275862,35.51851879310345,58.42096589655172,11227.38
2020-05-27 14:00:00,-0.5000000000000001,-0.8660254037844386,0.8040098256666666,35.476049966666665,56.9033244,11949.614761904762
2020-05-27 14:15:00,-0.5555702330196023,-0.8314696123025452,0.7707152826666666,35.65742886666667,57.16079906666667,11604.84
2020-05-27 14:30:00,-0.6087614290087207,-0.7933533402912352,0.727426555862069,35.912321000000006,56.77182734482759,12582.698095238095
2020-05-27 14:45:00,-0.6593458151000688,-0.7518398074789774,0.6953102462068966,36.235972448275874,57.29486737931034,13353.623076923077
2020-05-27 15:00:00,-0.7071067811865475,-0.7071067811865477,0.6456942672413793,36.513027896551726,55.280168379310346,12614.214761904761
2020-05-27 15:15:00,-0.7518398074789773,-0.6593458151000691,0.6026225323333332,36.57019083333334,52.36386706666666,14801.120476190477
2020-05-27 15:30:00,-0.7933533402912349,-0.6087614290087209,0.5468141826666665,36.45769750000001,50.0452634,14171.606666666667
2020-05-27 15:45:00,-0.8314696123025448,-0.555570233019603,0.4925972475862069,36.80793193103448,50.016385896551725,12817.921428571428
2020-05-27 16:00:00,-0.8660254037844385,-0.5000000000000004,0.441205682,36.71518786666666,48.349578,11513.823333333334
2020-05-27 16:15:00,-0.8968727415326883,-0.44228869021900136,0.383355916,36.964430766666666,46.67871173333333,9868.545714285714
2020-05-27 16:30:00,-0.9238795325112868,-0.3826834323650895,0.3314189710344827,36.576483275862074,44.791317793103445,8713.986666666666
2020-05-27 16:45:00,-0.9469301294951056,-0.3214394653031618,0.2773934323333332,36.52530409999999,42.988296433333325,7252.44
2020-05-27 17:00:00,-0.9659258262890683,-0.25881904510252063,0.22475778206896552,36.38729220689656,41.35595913793104,5874.993333333334
2020-05-27 17:15:00,-0.9807852804032303,-0.19509032201612866,0.1787798223333333,36.1450072,39.7874309,4622.20619047619
2020-05-27 17:30:00,-0.9914448613738104,-0.13052619222005163,0.1312430646666667,35.660515200000006,37.96012950000001,3346.3999999999996
2020-05-27 17:45:00,-0.9978589232386035,-0.06540312923014362,0.0984507385172413,35.27785006896551,36.45135282758619,2421.537619047619
2020-05-27 18:00:00,-1.0,-1.8369701987210297e-16,0.0688152109333333,34.87930386666667,35.163087999999995,1682.7199999999998
2020-05-27 18:15:00,-0.9978589232386036,0.06540312923014237,0.0424576224137931,34.3074077586207,33.987224655172405,1037.4066666666668
2020-05-27 18:30:00,-0.9914448613738104,0.13052619222005213,0.0170757014,33.31375693333333,32.678836133333334,425.1295238095238
2020-05-27 18:45:00,-0.9807852804032304,0.1950903220161283,0.00277697229,32.73957140000001,31.609019900000003,17.60809523809524
2020-05-27 19:00:00,-0.9659258262890682,0.25881904510252113,0.0001495296034482,32.29425027586207,30.93356203448276,0.0
2020-05-27 19:15:00,-0.9469301294951057,0.3214394653031615,0.0,31.97675153333334,30.487788933333327,0.0
2020-05-27 19:30:00,-0.9238795325112866,0.38268343236509,0.0,31.72019262068965,30.129186275862068,0.0
2020-05-27 19:45:00,-0.8968727415326884,0.442288690219001,0.0,31.48298536666668,29.89566446666667,0.0
2020-05-27 20:00:00,-0.8660254037844386,0.5000000000000001,0.0,31.170001099999997,29.667542366666662,0.0
2020-05-27 20:15:00,-0.8314696123025455,0.5555702330196018,0.0,30.763200344827585,29.458441586206888,0.0
2020-05-27 20:30:00,-0.7933533402912352,0.6087614290087205,0.0,30.48431633333333,29.160376966666668,0.0
2020-05-27 20:45:00,-0.7518398074789777,0.6593458151000684,0.0,30.26717013793104,28.934176793103447,0.0
2020-05-27 21:00:00,-0.7071067811865477,0.7071067811865474,0.0,29.836890533333328,28.655800300000003,0.0
2020-05-27 21:15:00,-0.6593458151000687,0.7518398074789775,0.0,29.430748299999998,28.27520563333333,0.0
2020-05-27 21:30:00,-0.608761429008721,0.7933533402912349,0.0,29.02717334482758,27.961456172413797,0.0
2020-05-27 21:45:00,-0.5555702330196022,0.8314696123025452,0.0,28.654245033333332,27.580540966666664,0.0
2020-05-27 22:00:00,-0.5000000000000004,0.8660254037844384,0.0,28.21444182758621,27.12730151724138,0.0
2020-05-27 22:15:00,-0.4422886902190014,0.8968727415326883,0.0,27.881787100000004,26.8362142,0.0
2020-05-27 22:30:00,-0.38268343236508956,0.9238795325112868,0.0,27.655378033333328,26.557822666666667,0.0
2020-05-27 22:45:00,-0.32143946530316186,0.9469301294951056,0.0,27.54581510344828,26.455545448275863,0.0
2020-05-27 23:00:00,-0.2588190451025207,0.9659258262890683,0.0,27.433627633333334,26.35103059999999,0.0
2020-05-27 23:15:00,-0.19509032201612872,0.9807852804032303,0.0,27.2775927,26.15223796666667,0.0
2020-05-27 23:30:00,-0.13052619222005168,0.9914448613738104,0.0,27.151248275862077,26.124452758620688,0.0
2020-05-27 23:45:00,-0.06540312923014367,0.9978589232386035,0.0,27.031506266666668,26.02319926666667,0.0
2020-05-28 00:00:00,0.0,1.0,0.0,26.95437820689655,25.935048896551727,0.0
2020-05-28 00:15:00,0.06540312923014306,0.9978589232386035,0.0,26.77435536666667,25.772069266666666,0.0
2020-05-28 00:30:00,0.13052619222005157,0.9914448613738104,0.0,26.6561134,25.659902,0.0
2020-05-28 00:45:00,0.19509032201612825,0.9807852804032304,0.0,26.550078275862067,25.492629448275864,0.0
2020-05-28 01:00:00,0.25881904510252074,0.9659258262890683,0.0,26.52567636666667,25.465288200000003,0.0
2020-05-28 01:15:00,0.3214394653031616,0.9469301294951057,0.0,26.47003672413793,25.33668044827586,0.0
2020-05-28 01:30:00,0.3826834323650898,0.9238795325112867,0.0,26.33213006666666,25.194514000000005,0.0
2020-05-28 01:45:00,0.4422886902190013,0.8968727415326883,0.0,26.23442876666667,25.040356366666668,0.0
2020-05-28 02:00:00,0.49999999999999994,0.8660254037844387,0.0,26.130086,24.88745427586207,0.0
2020-05-28 02:15:00,0.5555702330196022,0.8314696123025452,0.0,26.052109866666665,24.724460933333333,0.0
2020-05-28 02:30:00,0.6087614290087207,0.7933533402912352,0.0,25.994292206896557,24.62203037931035,0.0
2020-05-28 02:45:00,0.6593458151000688,0.7518398074789774,0.0,25.821884333333333,24.59615866666667,0.0
2020-05-28 03:00:00,0.7071067811865476,0.7071067811865476,0.0,25.6450083,24.3678171,0.0
2020-05-28 03:15:00,0.7518398074789773,0.659345815100069,0.0,25.4630914137931,24.147175793103443,0.0
2020-05-28 03:30:00,0.7933533402912352,0.6087614290087207,0.0,25.396689766666665,24.162099200000004,0.0
2020-05-28 03:45:00,0.8314696123025452,0.5555702330196023,0.0,25.322547366666665,24.118665499999995,0.0
2020-05-28 04:00:00,0.8660254037844386,0.5000000000000001,0.0,25.22778513793103,24.03553620689655,0.0
2020-05-28 04:15:00,0.8968727415326884,0.44228869021900125,0.0,25.1873179,23.98497623333333,0.0
2020-05-28 04:30:00,0.9238795325112867,0.38268343236508984,0.0,25.09606627586207,23.83145458620689,0.0
2020-05-28 04:45:00,0.9469301294951057,0.3214394653031615,0.0,25.066149966666664,23.708615333333334,0.0
2020-05-28 05:00:00,0.9659258262890683,0.25881904510252074,0.0,24.957902033333333,23.6192252,0.0
2020-05-28 05:15:00,0.9807852804032304,0.19509032201612833,0.0,24.824542758620687,23.394589137931035,0.0
2020-05-28 05:30:00,0.9914448613738104,0.1305261922200517,0.0,24.733798100000005,23.3999888,0.0
2020-05-28 05:45:00,0.9978589232386035,0.06540312923014305,0.0007518960316206,24.625941517241376,23.330337000000004,0.0
2020-05-28 06:00:00,1.0,6.123233995736766e-17,0.0113989684833333,24.53575763333334,23.220302499999995,252.4495238095238
2020-05-28 06:15:00,0.9978589232386035,-0.06540312923014292,0.0275119194,24.444755166666667,23.26247773333333,655.3085714285714
2020-05-28 06:30:00,0.9914448613738105,-0.13052619222005138,0.0502204798965517,24.534789137931035,23.769572344827584,1224.6
2020-05-28 06:45:00,0.9807852804032305,-0.19509032201612797,0.0845067319333333,24.850560400000003,24.952828933333333,2105.275238095238
2020-05-28 07:00:00,0.9659258262890683,-0.25881904510252085,0.12363721017241372,25.183908448275865,26.435457310344827,2811.9
2020-05-28 07:15:00,0.9469301294951057,-0.3214394653031616,0.1933547477,25.478246866666662,27.74035556666666,4147.82
2020-05-28 07:30:00,0.9238795325112867,-0.3826834323650897,0.3130934316666667,26.05972793333333,30.890153033333327,6509.301904761905
2020-05-28 07:45:00,0.8968727415326884,-0.44228869021900113,0.3736760334482758,26.61136382758621,33.25964879310344,7862.16619047619
2020-05-28 08:00:00,0.8660254037844387,-0.4999999999999998,0.4216330299999999,27.2177164,35.41308373333333,9085.473333333333
2020-05-28 08:15:00,0.8314696123025451,-0.5555702330196023,0.4630431651724139,27.694369551724133,36.99113927586206,10636.220000000001
2020-05-28 08:30:00,0.7933533402912352,-0.6087614290087207,0.5144629306666667,27.866249533333328,38.409922400000006,12014.546666666667
2020-05-28 08:45:00,0.7518398074789774,-0.6593458151000688,0.5767309066666667,28.35388803333333,40.10097536666666,13722.342857142858
2020-05-28 09:00:00,0.7071067811865476,-0.7071067811865475,0.6353010537931034,28.817779586206896,42.35615389655172,14996.16238095238
2020-05-28 09:15:00,0.6593458151000686,-0.7518398074789776,0.689092685,29.13839216666667,43.758472733333335,16001.473333333332
2020-05-28 09:30:00,0.6087614290087204,-0.7933533402912353,0.7303585513793102,29.812256862068963,45.42635168965517,17047.399999999998
2020-05-28 09:45:00,0.5555702330196022,-0.8314696123025453,0.7954705493333332,29.88314706666666,47.08923636666668,15596.063333333334
2020-05-28 10:00:00,0.49999999999999994,-0.8660254037844387,0.8190595527586207,30.26816117241379,48.527451137931045,13857.900952380953
2020-05-28 10:15:00,0.4422886902190013,-0.8968727415326883,0.8502744063333334,30.916080633333333,50.25051286666666,13712.165238095238
2020-05-28 10:30:00,0.3826834323650899,-0.9238795325112867,0.8928550653333333,31.428187999999995,51.578083333333325,13940.739523809523
2020-05-28 10:45:00,0.32143946530316175,-0.9469301294951056,0.944926685862069,31.867666034482763,53.97435779310345,13776.766666666666
2020-05-28 11:00:00,0.258819045102521,-0.9659258262890682,0.9500915910000001,32.250002933333334,54.972528033333326,13565.814285714287
2020-05-28 11:15:00,0.19509032201612816,-0.9807852804032304,0.9295386206896552,32.65010024137931,55.2399158275862,13402.76380952381
2020-05-28 11:30:00,0.13052619222005157,-0.9914448613738104,0.9395630633333332,33.2425792,55.32797343333333,13763.02
2020-05-28 11:45:00,0.06540312923014312,-0.9978589232386035,0.9374205993333332,33.30460926666666,55.940555800000006,13773.36
2020-05-28 12:00:00,1.2246467991473532e-16,-1.0,0.9325944065517242,33.82084693103447,57.216887172413784,13967.489047619047
2020-05-28 12:15:00,-0.06540312923014287,-0.9978589232386035,0.9208775076666667,33.921571300000004,54.12072936666668,14028.457619047618
2020-05-28 12:30:00,-0.13052619222005132,-0.9914448613738105,0.9164318455172416,34.537515655172406,56.04204586206897,13821.926666666666
2020-05-28 12:45:00,-0.19509032201612792,-0.9807852804032305,0.9112355296666667,34.8263913,56.65080976666666,13813.906190476191
2020-05-28 13:00:00,-0.25881904510252035,-0.9659258262890684,0.9080158370000001,34.803477833333346,55.043299133333335,13773.714761904761
2020-05-28 13:15:00,-0.3214394653031611,-0.9469301294951058,0.8661959731034484,35.44179665517242,56.94153217241379,13694.47
2020-05-28 13:30:00,-0.3826834323650892,-0.923879532511287,0.8731674043333335,35.42169006666666,57.17137453333334,1948.2133333333334
2020-05-28 13:45:00,-0.44228869021900147,-0.8968727415326883,0.8494377324137931,35.62051265517242,58.288988,6171.892857142857
2020-05-28 14:00:00,-0.5000000000000001,-0.8660254037844386,0.825664062,35.9137401,55.18969333333333,11072.336190476191
2020-05-28 14:15:00,-0.5555702330196023,-0.8314696123025452,0.7929243776666665,35.939725800000005,54.244008533333336,11196.253333333332
2020-05-28 14:30:00,-0.6087614290087207,-0.7933533402912352,0.756161510689655,36.14210455172413,53.37273834482759,12015.805238095238
2020-05-28 14:45:00,-0.6593458151000688,-0.7518398074789774,0.7166423916666665,36.355113499999995,52.16838669999999,12799.89087912088
2020-05-28 15:00:00,-0.7071067811865475,-0.7071067811865477,0.678660646551724,36.45796251724138,52.2840965862069,16618.490952380955
2020-05-28 15:15:00,-0.7518398074789773,-0.6593458151000691,0.6340104356666667,36.6095683,52.34130329999999,15936.966666666667
2020-05-28 15:30:00,-0.7933533402912349,-0.6087614290087209,0.5767240336666666,36.39649043333333,49.668291966666665,14512.293333333331
2020-05-28 15:45:00,-0.8314696123025448,-0.555570233019603,0.5181575251724136,36.59087493103448,49.00247848275863,13171.858095238094
2020-05-28 16:00:00,-0.8660254037844385,-0.5000000000000004,0.4516247826666666,36.38811346666667,46.913487800000006,11621.94380952381
2020-05-28 16:15:00,-0.8968727415326883,-0.44228869021900136,0.3893451389655172,36.4456671724138,45.08533996551724,10047.572857142857
2020-05-28 16:30:00,-0.9238795325112868,-0.3826834323650895,0.3311419660000001,36.29604069999999,43.555332433333355,8557.681904761905
2020-05-28 16:45:00,-0.9469301294951056,-0.3214394653031618,0.24605477233333334,36.0796324,41.75067123333333,6287.973333333333
2020-05-28 17:00:00,-0.9659258262890683,-0.25881904510252063,0.2249348289655172,36.11797693103448,40.400126379310336,5765.273809523809
2020-05-28 17:15:00,-0.9807852804032303,-0.19509032201612866,0.1816261371428571,35.92730935714287,39.34080710714285,4618.219743589743
2020-05-28 17:30:00,-0.9914448613738104,-0.13052619222005163,0.1379701603448275,35.61566613793104,37.97406434482759,3525.307619047619
2020-05-28 17:45:00,-0.9978589232386035,-0.06540312923014362,0.1007002154999999,35.353067933333335,36.5165201,2494.286666666667
2020-05-28 18:00:00,-1.0,-1.8369701987210297e-16,0.0671790305666666,34.86090699999999,35.0129935,1656.1399999999999
2020-05-28 18:15:00,-0.9978589232386036,0.06540312923014237,0.0407689018275862,34.393154724137936,33.77010365517242,996.8747619047618
2020-05-28 18:30:00,-0.9914448613738104,0.13052619222005213,0.0176701960233333,33.86342440000001,32.70471503333333,434.06619047619046
2020-05-28 18:45:00,-0.9807852804032304,0.1950903220161283,0.0030869890448275,33.303918310344834,31.744157379310348,23.693333333333335
2020-05-28 19:00:00,-0.9659258262890682,0.25881904510252113,4.860614666666669e-05,32.856109499999995,31.145240266666665,0.0
2020-05-28 19:15:00,-0.9469301294951057,0.3214394653031615,0.0,32.498491433333335,30.718508933333325,0.0
2020-05-28 19:30:00,-0.9238795325112866,0.38268343236509,0.0,32.20801506896552,30.300052,0.0
2020-05-28 19:45:00,-0.8968727415326884,0.442288690219001,0.0,31.991269033333328,30.080726266666666,0.0
2020-05-28 20:00:00,-0.8660254037844386,0.5000000000000001,0.0,31.82494913793104,30.073990482758617,0.0
2020-05-28 20:15:00,-0.8314696123025455,0.5555702330196018,0.0,31.526256133333327,29.97868233333333,0.0
2020-05-28 20:30:00,-0.7933533402912352,0.6087614290087205,0.0,30.8956166,29.620350066666667,0.0
2020-05-28 20:45:00,-0.7518398074789777,0.6593458151000684,0.0,30.473426862068965,29.367228517241376,0.0
2020-05-28 21:00:00,-0.7071067811865477,0.7071067811865474,0.0,30.115943400000006,28.953561433333327,0.0
2020-05-28 21:15:00,-0.6593458151000687,0.7518398074789775,0.0,29.71401663414634,28.577179707317075,0.0
2020-05-28 21:30:00,-0.608761429008721,0.7933533402912349,0.0,29.253361999999996,28.184445299999997,0.0
2020-05-28 21:45:00,-0.5555702330196022,0.8314696123025452,0.0,28.92670510344827,27.78877189655172,0.0
2020-05-28 22:00:00,-0.5000000000000004,0.8660254037844384,0.0,28.64024146666668,27.478933666666663,0.0
2020-05-28 22:15:00,-0.4422886902190014,0.8968727415326883,0.0,28.329109766666665,27.1190949,0.0
2020-05-28 22:30:00,-0.38268343236508956,0.9238795325112868,0.0,28.081277724137934,26.831408241379314,0.0
2020-05-28 22:45:00,-0.32143946530316186,0.9469301294951056,0.0,27.772994866666664,26.534714800000003,0.0
2020-05-28 23:00:00,-0.2588190451025207,0.9659258262890683,0.0,27.59085896551724,26.317582896551727,0.0
2020-05-28 23:15:00,-0.19509032201612872,0.9807852804032303,0.0,27.441112433333327,26.10953556666668,0.0
2020-05-28 23:30:00,-0.13052619222005168,0.9914448613738104,0.0,27.3101562,25.97653576666666,0.0
2020-05-28 23:45:00,-0.06540312923014367,0.9978589232386035,0.0,27.138604379310344,25.851081517241376,0.0
2020-05-29 00:00:00,0.0,1.0,0.0,26.99076313333333,25.722065133333327,0.0
2020-05-29 00:15:00,0.06540312923014306,0.9978589232386035,0.0,26.80260293103448,25.374184413793103,0.0
2020-05-29 00:30:00,0.13052619222005157,0.9914448613738104,0.0,26.681321433333327,25.323287766666667,0.0
2020-05-29 00:45:00,0.19509032201612825,0.9807852804032304,0.0,26.4969411,25.2111663,0.0
2020-05-29 01:00:00,0.25881904510252074,0.9659258262890683,0.0,26.38262417241379,24.972103793103447,0.0
2020-05-29 01:15:00,0.3214394653031616,0.9469301294951057,0.0,26.30350463333333,24.84053763333333,0.0
2020-05-29 01:30:00,0.3826834323650898,0.9238795325112867,0.0,26.22506880000001,24.94512823333333,0.0
2020-05-29 01:45:00,0.4422886902190013,0.8968727415326883,0.0,26.097451068965515,24.802712379310343,0.0
2020-05-29 02:00:00,0.49999999999999994,0.8660254037844387,0.0,25.955143300000003,24.5328807,0.0
2020-05-29 02:15:00,0.5555702330196022,0.8314696123025452,0.0,25.833975034482755,24.36486489655173,0.0
2020-05-29 02:30:00,0.6087614290087207,0.7933533402912352,0.0,25.680298733333327,24.188002566666665,0.0
2020-05-29 02:45:00,0.6593458151000688,0.7518398074789774,0.0,25.56937136666667,24.0352417,0.0
2020-05-29 03:00:00,0.7071067811865476,0.7071067811865476,0.0,25.465695000000004,24.06939603448276,0.0
2020-05-29 03:15:00,0.7518398074789773,0.659345815100069,0.0,25.375859299999995,24.17657473333333,0.0
2020-05-29 03:30:00,0.7933533402912352,0.6087614290087207,0.0,25.32109213793104,24.17932855172414,0.0
2020-05-29 03:45:00,0.8314696123025452,0.5555702330196023,0.0,25.334724766666668,24.2521799,0.0
2020-05-29 04:00:00,0.8660254037844386,0.5000000000000001,0.0,25.3367522,24.25311673333333,0.0
2020-05-29 04:15:00,0.8968727415326884,0.44228869021900125,0.0,25.283853448275863,24.245465517241385,0.0
2020-05-29 04:30:00,0.9238795325112867,0.38268343236508984,0.0,25.236387966666666,24.3584523,0.0
2020-05-29 04:45:00,0.9469301294951057,0.3214394653031615,0.0,25.271249724137935,24.652820586206897,0.0
2020-05-29 05:00:00,0.9659258262890683,0.25881904510252074,0.0,25.226778066666668,24.49097596666667,0.0
2020-05-29 05:15:00,0.9807852804032304,0.19509032201612833,0.0,24.964557866666667,23.727933766666663,0.0
2020-05-29 05:30:00,0.9914448613738104,0.1305261922200517,0.0,24.767082344827585,23.24329237931035,0.0
2020-05-29 05:45:00,0.9978589232386035,0.06540312923014305,0.0009392253286666,24.619948399999995,23.00487673333333,0.0
2020-05-29 06:00:00,1.0,6.123233995736766e-17,0.0161589714206896,24.4827584137931,23.04052841379311,372.9657142857143
2020-05-29 06:15:00,0.9978589232386035,-0.06540312923014292,0.044439674,24.557709733333336,23.65191146666667,1103.28
2020-05-29 06:30:00,0.9914448613738105,-0.13052619222005138,0.0705033599333333,24.892176199999994,24.824798566666665,1823.5266666666669
2020-05-29 06:45:00,0.9807852804032305,-0.19509032201612797,0.087852315137931,25.177636586206887,25.749839931034483,2239.4328571428573
2020-05-29 07:00:00,0.9659258262890683,-0.25881904510252085,0.0993941285333333,25.37383093333333,26.47309786666667,2366.1066666666666
2020-05-29 07:15:00,0.9469301294951057,-0.3214394653031616,0.11209977148275858,25.4577804137931,26.799945689655168,2647.7314285714288
2020-05-29 07:30:00,0.9238795325112867,-0.3826834323650897,0.1492939266666666,25.65482773333333,27.552905166666665,3350.76
2020-05-29 07:45:00,0.8968727415326884,-0.44228869021900113,0.1780584679310345,25.902096551724135,28.668286517241384,4007.2466666666664
2020-05-29 08:00:00,0.8660254037844387,-0.4999999999999998,0.218879112,26.17342826666667,29.339096133333335,5020.969047619048
2020-05-29 08:15:00,0.8314696123025451,-0.5555702330196023,0.3768298110344826,26.85397320689655,32.288299758620695,8687.833809523809
2020-05-29 08:30:00,0.7933533402912352,-0.6087614290087207,0.5176104069999999,27.773820866666664,36.704646766666656,11963.519999999999
2020-05-29 08:45:00,0.7518398074789774,-0.6593458151000688,0.6179401333333332,28.271382566666663,39.75964049999999,14357.653333333334
2020-05-29 09:00:00,0.7071067811865476,-0.7071067811865475,0.7064269782758623,28.4639881724138,41.575621448275854,16293.415714285713
2020-05-29 09:15:00,0.6593458151000686,-0.7518398074789776,0.79107714,29.08187056666668,44.60174056666665,15399.982857142857
2020-05-29 09:30:00,0.6087614290087204,-0.7933533402912353,0.7860884686206897,29.044031689655167,45.56511927586208,14398.516666666666
2020-05-29 09:45:00,0.5555702330196022,-0.8314696123025453,0.775009372,29.62591830000001,46.888681133333336,13548.22
2020-05-29 10:00:00,0.49999999999999994,-0.8660254037844387,0.7475488296551724,29.86575410344828,46.878901620689646,12696.673333333332
2020-05-29 10:15:00,0.4422886902190013,-0.8968727415326883,0.7135236940000002,29.917868100000003,45.684719900000005,13185.05238095238
2020-05-29 10:30:00,0.3826834323650899,-0.9238795325112867,0.7075077343333332,30.442964733333334,47.2638366,11856.645238095238
2020-05-29 10:45:00,0.32143946530316175,-0.9469301294951056,0.7067424499999999,30.793403310344825,47.35266403448278,11977.514761904762
2020-05-29 11:00:00,0.258819045102521,-0.9659258262890682,0.713380371,31.1520284,47.61166263333334,10582.933333333332
2020-05-29 11:15:00,0.19509032201612816,-0.9807852804032304,0.7733386589655173,31.570711344827583,48.41205858620688,11047.166666666666
2020-05-29 11:30:00,0.13052619222005157,-0.9914448613738104,0.7484819603333333,31.9604165,49.445565866666655,10791.015238095239
2020-05-29 11:45:00,0.06540312923014312,-0.9978589232386035,0.8196058627586209,32.550793827586205,52.048067379310346,11843.967619047618
2020-05-29 12:00:00,1.2246467991473532e-16,-1.0,0.7673453496666666,33.23828616666666,53.1420321,10938.149047619048
2020-05-29 12:15:00,-0.06540312923014287,-0.9978589232386035,0.7658345263333333,33.35098180000001,52.71200683333333,11684.646666666667
2020-05-29 12:30:00,-0.13052619222005132,-0.9914448613738105,0.6826072096551725,33.444806241379304,51.32947096551723,12515.521428571428
2020-05-29 12:45:00,-0.19509032201612792,-0.9807852804032305,0.6423758776666665,33.535686299999995,49.74276826666664,13116.263333333332
2020-05-29 13:00:00,-0.25881904510252035,-0.9659258262890684,0.6296979582758622,34.05683744827586,50.4980903448276,14079.005238095238
2020-05-29 13:15:00,-0.3214394653031611,-0.9469301294951058,0.6084145303333333,34.39466233333333,50.26856289999999,14592.581428571428
2020-05-29 13:30:00,-0.3826834323650892,-0.923879532511287,0.5674552231034483,34.22270603448277,48.8906311724138,14218.862380952381
2020-05-29 13:45:00,-0.44228869021900147,-0.8968727415326883,0.5704880843333333,34.6315206,47.54902343333334,14363.557619047619
2020-05-29 14:00:00,-0.5000000000000001,-0.8660254037844386,0.5952845136666665,34.91430986666667,48.02034716666666,15103.16619047619
2020-05-29 14:15:00,-0.5555702330196023,-0.8314696123025452,0.566209544137931,35.13401651724138,48.17732937931035,14378.91
2020-05-29 14:30:00,-0.6087614290087207,-0.7933533402912352,0.5634546516666668,35.50521643333333,49.7864919,14172.260476190477
2020-05-29 14:45:00,-0.6593458151000688,-0.7518398074789774,0.5190474620689655,35.610545172413794,48.46977710344827,13368.42619047619
2020-05-29 15:00:00,-0.7071067811865475,-0.7071067811865477,0.5135671423333333,35.63542780000001,46.97482506666666,13224.851428571428
2020-05-29 15:15:00,-0.7518398074789773,-0.6593458151000691,0.5943270203333331,36.10386876666665,48.93551656666667,14729.595238095237
2020-05-29 15:30:00,-0.7933533402912349,-0.6087614290087209,0.5697870562068967,36.55113175862069,51.36411586206897,14596.163809523809
2020-05-29 15:45:00,-0.8314696123025448,-0.555570233019603,0.5429974348275861,36.71613210344827,50.76182420689655,13833.683516483516
2020-05-29 16:00:00,-0.8660254037844385,-0.5000000000000004,0.49514155855015674,36.97194377899686,49.937206489811906,14028.923576423576
2020-05-29 16:15:00,-0.8968727415326883,-0.44228869021900136,0.4472856822727273,37.22775545454546,49.112588772727264,14224.163636363637
2020-05-29 16:30:00,-0.9238795325112868,-0.3826834323650895,0.3995272593103447,37.406764620689664,48.7054024137931,12724.846666666668
2020-05-29 16:45:00,-0.9469301294951056,-0.3214394653031618,0.3459329543333333,37.3985575,47.04768986666667,11092.120952380952
2020-05-29 17:00:00,-0.9659258262890683,-0.25881904510252063,0.2746237575862069,37.254791413793114,44.60627572413792,8883.21238095238
2020-05-29 17:15:00,-0.9807852804032303,-0.19509032201612866,0.2182872136666667,37.10092476666666,42.44847923333334,7004.706666666667
2020-05-29 17:30:00,-0.9914448613738104,-0.13052619222005163,0.1616158465517241,36.82863758620689,40.355844413793115,5123.639999999999
2020-05-29 17:45:00,-0.9978589232386035,-0.06540312923014362,0.1109071405333333,36.5074798,38.23906853333332,3407.806666666667
2020-05-29 18:00:00,-1.0,-1.8369701987210297e-16,0.0657276798666666,35.970144433333324,36.182405566666645,2004.1114285714286
2020-05-29 18:15:00,-0.9978589232386036,0.06540312923014237,0.024655427206896504,35.319178103448266,34.34450782758621,778.6838095238095
2020-05-29 18:30:00,-0.9914448613738104,0.13052619222005213,0.0106390969,34.86204663333333,33.104230699999995,338.1823809523809
2020-05-29 18:45:00,-0.9807852804032304,0.1950903220161283,0.0003823935377241001,34.235506172413785,32.04101141379311,0.0
2020-05-29 19:00:00,-0.9659258262890682,0.25881904510252113,0.0,33.905494999999995,31.558520566666672,0.0
2020-05-29 19:15:00,-0.9469301294951057,0.3214394653031615,0.0,33.650812724137936,31.391802551724137,0.0
2020-05-29 19:30:00,-0.9238795325112866,0.38268343236509,0.0,33.35302726666668,31.184542700000005,0.0
2020-05-29 19:45:00,-0.8968727415326884,0.442288690219001,0.0,32.924453103448286,30.915845241379312,0.0
2020-05-29 20:00:00,-0.8660254037844386,0.5000000000000001,0.0,32.6156241,30.89566356666666,0.0
2020-05-29 20:15:00,-0.8314696123025455,0.5555702330196018,0.0,32.25608534482759,30.5469812413793,0.0
2020-05-29 20:30:00,-0.7933533402912352,0.6087614290087205,0.0,31.889839700000003,30.27932726666667,0.0
2020-05-29 20:45:00,-0.7518398074789777,0.6593458151000684,0.0,31.23428543333334,29.93442583333333,0.0
2020-05-29 21:00:00,-0.7071067811865477,0.7071067811865474,0.0,30.585795517241376,29.47653296551724,0.0
2020-05-29 21:15:00,-0.6593458151000687,0.7518398074789775,0.0,30.055038433333326,28.95692856666666,0.0
2020-05-29 21:30:00,-0.608761429008721,0.7933533402912349,0.0,29.67125813793103,28.56394379310344,0.0
2020-05-29 21:45:00,-0.5555702330196022,0.8314696123025452,0.0,29.29906316666666,28.2344615,0.0
2020-05-29 22:00:00,-0.5000000000000004,0.8660254037844384,0.0,28.879126,27.775134200000004,0.0
2020-05-29 22:15:00,-0.4422886902190014,0.8968727415326883,0.0,28.595756827586204,27.47134503448276,0.0
2020-05-29 22:30:00,-0.38268343236508956,0.9238795325112868,0.0,28.212038300000003,27.13935959999999,0.0
2020-05-29 22:45:00,-0.32143946530316186,0.9469301294951056,0.0,27.931078827586205,26.773745758620688,0.0
2020-05-29 23:00:00,-0.2588190451025207,0.9659258262890683,0.0,27.75027870000001,26.60153193333333,0.0
2020-05-29 23:15:00,-0.19509032201612872,0.9807852804032303,0.0,27.604816799999995,26.344863033333333,0.0
2020-05-29 23:30:00,-0.13052619222005168,0.9914448613738104,0.0,27.425482586206897,26.055791413793102,0.0
2020-05-29 23:45:00,-0.06540312923014367,0.9978589232386035,0.0,27.239228233333332,25.907132866666668,0.0
2020-05-30 00:00:00,0.0,1.0,0.0,27.09909041379311,25.72224062068966,0.0
2020-05-30 00:15:00,0.06540312923014306,0.9978589232386035,0.0,26.999725266666665,25.630883999999995,0.0
2020-05-30 00:30:00,0.13052619222005157,0.9914448613738104,0.0,26.9552894,25.73499136666667,0.0
2020-05-30 00:45:00,0.19509032201612825,0.9807852804032304,0.0,27.073268344827582,26.243713241379314,0.0
2020-05-30 01:00:00,0.25881904510252074,0.9659258262890683,0.0,26.929974633333327,26.3968119,0.0
2020-05-30 01:15:00,0.3214394653031616,0.9469301294951057,0.0,26.07999410344828,25.75550365517241,0.0
2020-05-30 01:30:00,0.3826834323650898,0.9238795325112867,0.0,24.709818500000004,24.303867566666668,0.0
2020-05-30 01:45:00,0.4422886902190013,0.8968727415326883,0.0,24.505035500000005,23.779803533333332,0.0
2020-05-30 02:00:00,0.49999999999999994,0.8660254037844387,0.0,24.03427651724138,23.420100793103448,0.0
2020-05-30 02:15:00,0.5555702330196022,0.8314696123025452,0.0,23.561014833333328,23.014751166666667,0.0
2020-05-30 02:30:00,0.6087614290087207,0.7933533402912352,0.0,23.44592420689656,22.826087758620687,0.0
2020-05-30 02:45:00,0.6593458151000688,0.7518398074789774,0.0,23.59016930000001,23.091042100000003,0.0
2020-05-30 03:00:00,0.7071067811865476,0.7071067811865476,0.0,23.707537586206897,23.256745620689657,0.0
2020-05-30 03:15:00,0.7518398074789773,0.659345815100069,0.0,23.60865073333333,22.961358666666666,0.0
2020-05-30 03:30:00,0.7933533402912352,0.6087614290087207,0.0,23.665156033333332,22.8551992,0.0
2020-05-30 03:45:00,0.8314696123025452,0.5555702330196023,0.0,23.861258344827583,22.988277000000004,0.0
2020-05-30 04:00:00,0.8660254037844386,0.5000000000000001,0.0,24.001285999999997,22.884807400000003,0.0
2020-05-30 04:15:00,0.8968727415326884,0.44228869021900125,0.0,23.8737496,22.919100833333328,0.0
2020-05-30 04:30:00,0.9238795325112867,0.38268343236508984,0.0,23.773719482758622,22.59231772413793,0.0
2020-05-30 04:45:00,0.9469301294951057,0.3214394653031615,0.0,23.838063233333333,22.527732333333336,0.0
2020-05-30 05:00:00,0.9659258262890683,0.25881904510252074,0.0,23.980964448275866,22.819694655172416,0.0
2020-05-30 05:15:00,0.9807852804032304,0.19509032201612833,0.0,23.8346821,22.318359466666664,0.0
2020-05-30 05:30:00,0.9914448613738104,0.1305261922200517,0.0,23.58334133333333,21.981009,0.0
2020-05-30 05:45:00,0.9978589232386035,0.06540312923014305,0.00045009485999999993,23.672746482758615,22.420285000000007,0.0
2020-05-30 06:00:00,1.0,6.123233995736766e-17,0.0073249025366666,23.99907926666667,22.900317399999995,140.78666666666666
2020-05-30 06:15:00,0.9978589232386035,-0.06540312923014292,0.015087458775862,24.31754710344827,23.53191937931035,442.4480952380952
2020-05-30 06:30:00,0.9914448613738105,-0.13052619222005138,0.0178093433666666,24.369366633333332,23.94512226666666,560.7490476190476
2020-05-30 06:45:00,0.9807852804032305,-0.19509032201612797,0.0357170422333333,24.441855999999998,24.456810500000003,1147.0585714285714
2020-05-30 07:00:00,0.9659258262890683,-0.25881904510252085,0.09850793772413789,25.035892758620694,25.97868603448276,3081.572857142857
2020-05-30 07:15:00,0.9469301294951057,-0.3214394653031616,0.1114509436,25.66914373333333,27.293509933333336,3450.6266666666666
2020-05-30 07:30:00,0.9238795325112867,-0.3826834323650897,0.10396570089655172,26.01415506896552,27.832418275862064,3217.1109523809523
2020-05-30 07:45:00,0.8968727415326884,-0.44228869021900113,0.1392150568333333,26.211301733333325,27.5272562,4497.111428571428
2020-05-30 08:00:00,0.8660254037844387,-0.4999999999999998,0.2669899673333333,27.117775466666668,30.8955617,7634.821428571428
2020-05-30 08:15:00,0.8314696123025451,-0.5555702330196023,0.2079072020689655,26.781264655172404,30.040735758620688,6387.034761904762
2020-05-30 08:30:00,0.7933533402912352,-0.6087614290087207,0.1482772239999999,26.109615000000005,28.208099366666662,4802.913333333333
2020-05-30 08:45:00,0.7518398074789774,-0.6593458151000688,0.2154493851724138,25.788373344827583,28.674119586206896,7078.620476190476
2020-05-30 09:00:00,0.7071067811865476,-0.7071067811865475,0.3236861666666666,26.10651663333334,31.08028253333333,10182.483333333334
2020-05-30 09:15:00,0.6593458151000686,-0.7518398074789776,0.3180073086206897,26.519904689655167,31.456435586206897,10001.450476190475
2020-05-30 09:30:00,0.6087614290087204,-0.7933533402912353,0.38617812300000004,26.940843566666672,32.851707000000005,12089.877142857142
2020-05-30 09:45:00,0.5555702330196022,-0.8314696123025453,0.5942283216666666,27.548072166666667,35.87183746666666,17444.22
2020-05-30 10:00:00,0.49999999999999994,-0.8660254037844387,0.5691819124137932,27.910501413793103,37.94116517241379,16845.880476190476
2020-05-30 10:15:00,0.4422886902190013,-0.8968727415326883,0.5079887003333332,28.476782166666666,38.0192168,14549.608571428571
2020-05-30 10:30:00,0.3826834323650899,-0.9238795325112867,0.7076214027586208,29.424145862068972,41.107080931034496,20916.294285714284
2020-05-30 10:45:00,0.32143946530316175,-0.9469301294951056,0.9369564706666664,30.913739966666665,49.521024300000015,19676.33380952381
2020-05-30 11:00:00,0.258819045102521,-0.9659258262890682,0.7625164443333335,31.278098466666663,47.356403833333324,15049.711428571429
2020-05-30 11:15:00,0.19509032201612816,-0.9807852804032304,0.987074708275862,31.905789172413787,51.04826313793104,20881.36619047619
2020-05-30 11:30:00,0.13052619222005157,-0.9914448613738104,0.8328051736666665,32.40038546666666,51.640188566666666,19438.78
2020-05-30 11:45:00,0.06540312923014312,-0.9978589232386035,1.0359709579310343,32.96299803448276,54.69868941379311,18423.818571428572
2020-05-30 12:00:00,1.2246467991473532e-16,-1.0,0.617782115333333,33.16402170000001,50.691745966666666,14204.161428571428
2020-05-30 12:15:00,-0.06540312923014287,-0.9978589232386035,0.6965329063333334,33.14692303333333,47.62712613333333,19192.155238095238
2020-05-30 12:30:00,-0.13052619222005132,-0.9914448613738105,0.99604144137931,34.255510931034486,56.78703055172414,19932.439523809524
2020-05-30 12:45:00,-0.19509032201612792,-0.9807852804032305,0.8844608360000001,34.49277953333333,57.077078333333354,17585.426666666666
2020-05-30 13:00:00,-0.25881904510252035,-0.9659258262890684,0.8438060293103448,35.01506744827586,54.8516855862069,19048.171904761904
2020-05-30 13:15:00,-0.3214394653031611,-0.9469301294951058,0.9409397846666665,35.57238653333333,57.65958873333334,20771.914285714283
2020-05-30 13:30:00,-0.3826834323650892,-0.923879532511287,0.8167053623333334,35.86465056666667,56.2409188,19014.211904761905
2020-05-30 13:45:00,-0.44228869021900147,-0.8968727415326883,0.8500879662068965,36.170828896551726,55.448996655172415,19174.22476190476
2020-05-30 14:00:00,-0.5000000000000001,-0.8660254037844386,0.824260238,35.8791038,52.712956633333334,19405.666666666668
2020-05-30 14:15:00,-0.5555702330196023,-0.8314696123025452,0.7934317486206894,35.94459365517242,51.34990072413792,19942.599047619045
2020-05-30 14:30:00,-0.6087614290087207,-0.7933533402912352,0.750487718,36.025648866666685,50.678597200000006,20084.4
2020-05-30 14:45:00,-0.6593458151000688,-0.7518398074789774,0.7266899831034483,36.46223937931035,49.67382806896551,19536.640952380953
2020-05-30 15:00:00,-0.7071067811865475,-0.7071067811865477,0.6808359306666665,37.038291233333325,49.66475023333333,20499.79380952381
2020-05-30 15:15:00,-0.7518398074789773,-0.6593458151000691,0.6243103806666666,37.428121,49.05892453333332,19083.072857142855
2020-05-30 15:30:00,-0.7933533402912349,-0.6087614290087209,0.5755358613793102,36.871171517241365,48.76117779310345,17498.95619047619
2020-05-30 15:45:00,-0.8314696123025448,-0.555570233019603,0.5236087176666666,36.61823533333333,46.94166666666667,16600.78
2020-05-30 16:00:00,-0.8660254037844385,-0.5000000000000004,0.4692858168965515,36.55245013793103,45.959262,14930.849523809524
2020-05-30 16:15:00,-0.8968727415326883,-0.44228869021900136,0.41486237266666665,36.426467133333325,43.91818623333333,13214.600476190477
2020-05-30 16:30:00,-0.9238795325112868,-0.3826834323650895,0.3615315610344827,36.28947668965519,42.77483834482759,11642.917142857143
2020-05-30 16:45:00,-0.9469301294951056,-0.3214394653031618,0.3126336673333333,36.38166093333334,41.71702763333334,10083.87619047619
2020-05-30 17:00:00,-0.9659258262890683,-0.25881904510252063,0.2525650936666666,35.91564846666666,40.487598766666665,8212.715238095238
2020-05-30 17:15:00,-0.9807852804032303,-0.19509032201612866,0.20114150517241366,35.45489910344828,38.62065175862069,6502.986666666667
2020-05-30 17:30:00,-0.9914448613738104,-0.13052619222005163,0.1528224096428571,35.16447003571429,37.389189607142846,4823.068571428571
2020-05-30 17:45:00,-0.9978589232386035,-0.06540312923014362,0.0987987890689655,34.806607931034485,35.957243862068964,3007.5095238095237
2020-05-30 18:00:00,-1.0,-1.8369701987210297e-16,0.0489493161,34.11661996666666,34.23459079999999,1488.4942857142858
2020-05-30 18:15:00,-0.9978589232386036,0.06540312923014237,0.0275617622068965,33.7702291724138,33.27685844827586,811.8066666666666
2020-05-30 18:30:00,-0.9914448613738104,0.13052619222005213,0.0104004473599999,33.38554473333334,32.382025000000006,296.4866666666667
2020-05-30 18:45:00,-0.9807852804032304,0.1950903220161283,0.000559735022931,32.99551386206897,31.721315551724146,0.0
2020-05-30 19:00:00,-0.9659258262890682,0.25881904510252113,0.0,32.823653166666666,31.564240400000003,0.0
2020-05-30 19:15:00,-0.9469301294951057,0.3214394653031615,0.0,32.647284103448285,31.33284772413793,0.0
2020-05-30 19:30:00,-0.9238795325112866,0.38268343236509,0.0,32.1994953,30.375280733333337,0.0
2020-05-30 19:45:00,-0.8968727415326884,0.442288690219001,0.0,31.74300303448276,29.323392827586204,0.0
2020-05-30 20:00:00,-0.8660254037844386,0.5000000000000001,0.0,30.889555900000005,28.18157963333333,0.0
2020-05-30 20:15:00,-0.8314696123025455,0.5555702330196018,0.0,29.999992586206904,27.577393586206895,0.0
2020-05-30 20:30:00,-0.7933533402912352,0.6087614290087205,0.0,30.71953423333333,27.718881000000007,0.0
2020-05-30 20:45:00,-0.7518398074789777,0.6593458151000684,0.0,30.1452219,27.410910966666663,0.0
2020-05-30 21:00:00,-0.7071067811865477,0.7071067811865474,0.0,30.08647,27.061780275862077,0.0
2020-05-30 21:15:00,-0.6593458151000687,0.7518398074789775,0.0,29.66237893333334,26.671178166666664,0.0
2020-05-30 21:30:00,-0.608761429008721,0.7933533402912349,0.0,29.78601310344828,26.178995,0.0
2020-05-30 21:45:00,-0.5555702330196022,0.8314696123025452,0.0,29.67955723333333,25.698066133333327,0.0
2020-05-30 22:00:00,-0.5000000000000004,0.8660254037844384,0.0,29.0949584,25.200960266666666,0.0
2020-05-30 22:15:00,-0.4422886902190014,0.8968727415326883,0.0,28.566172620689656,24.988610620689656,0.0
2020-05-30 22:30:00,-0.38268343236508956,0.9238795325112868,0.0,28.682131833333337,25.621561666666665,0.0
2020-05-30 22:45:00,-0.32143946530316186,0.9469301294951056,0.0,28.516374379310346,25.832993172413797,0.0
2020-05-30 23:00:00,-0.2588190451025207,0.9659258262890683,0.0,28.16349693333333,25.648109866666665,0.0
2020-05-30 23:15:00,-0.19509032201612872,0.9807852804032303,0.0,27.89965086206897,25.263016103448276,0.0
2020-05-30 23:30:00,-0.13052619222005168,0.9914448613738104,0.0,27.79888696666666,25.04084273333333,0.0
2020-05-30 23:45:00,-0.06540312923014367,0.9978589232386035,0.0,27.731472633333336,24.894776399999998,0.0
2020-05-31 00:00:00,0.0,1.0,0.0,27.2400891724138,24.326188655172416,0.0
2020-05-31 00:15:00,0.06540312923014306,0.9978589232386035,0.0,27.180777933333328,24.198009233333327,0.0
2020-05-31 00:30:00,0.13052619222005157,0.9914448613738104,0.0,27.63067831034482,24.354256344827583,0.0
2020-05-31 00:45:00,0.19509032201612825,0.9807852804032304,0.0,27.532306000000002,24.118866000000004,0.0
2020-05-31 01:00:00,0.25881904510252074,0.9659258262890683,0.0,27.24455036666667,24.198669433333336,0.0
2020-05-31 01:15:00,0.3214394653031616,0.9469301294951057,0.0,27.009202586206893,24.199347137931035,0.0
2020-05-31 01:30:00,0.3826834323650898,0.9238795325112867,0.0,27.197297200000005,24.45462746666667,0.0
2020-05-31 01:45:00,0.4422886902190013,0.8968727415326883,0.0,27.058569482758625,24.347838241379307,0.0
2020-05-31 02:00:00,0.49999999999999994,0.8660254037844387,0.0,26.798573966666662,24.09575603333333,0.0
2020-05-31 02:15:00,0.5555702330196022,0.8314696123025452,0.0,26.526500793103448,23.984698137931037,0.0
2020-05-31 02:30:00,0.6087614290087207,0.7933533402912352,0.0,26.085212233333333,23.59523426666667,0.0
2020-05-31 02:45:00,0.6593458151000688,0.7518398074789774,0.0,26.013380900000005,23.499401866666663,0.0
2020-05-31 03:00:00,0.7071067811865476,0.7071067811865476,0.0,25.993267275862078,23.685736413793105,0.0
2020-05-31 03:15:00,0.7518398074789773,0.659345815100069,0.0,26.08363966666667,23.895572000000012,0.0
2020-05-31 03:30:00,0.7933533402912352,0.6087614290087207,0.0,26.013526655172413,24.03578572413793,0.0
2020-05-31 03:45:00,0.8314696123025452,0.5555702330196023,0.0,25.885065966666662,23.884342399999994,0.0
2020-05-31 04:00:00,0.8660254037844386,0.5000000000000001,0.0,25.601646766666672,23.567049300000004,0.0
2020-05-31 04:15:00,0.8968727415326884,0.44228869021900125,0.0,25.317720620689656,23.214291310344823,0.0
2020-05-31 04:30:00,0.9238795325112867,0.38268343236508984,0.0,25.169656433333333,23.081614133333336,0.0
2020-05-31 04:45:00,0.9469301294951057,0.3214394653031615,0.0,25.6225405862069,23.55671224137932,0.0
2020-05-31 05:00:00,0.9659258262890683,0.25881904510252074,0.0,25.85061973333333,24.069711299999998,0.0
2020-05-31 05:15:00,0.9807852804032304,0.19509032201612833,0.0,25.946306103448272,24.6745931724138,0.0
2020-05-31 05:30:00,0.9914448613738104,0.1305261922200517,0.0001694370140344,26.212676827586208,25.184758551724144,0.0
2020-05-31 05:45:00,0.9978589232386035,0.06540312923014305,0.0021765761446666,26.250502333333337,25.325603066666677,0.0
2020-05-31 06:00:00,1.0,6.123233995736766e-17,0.0154248861724137,26.293774862068968,25.354828896551727,399.27666666666664
2020-05-31 06:15:00,0.9978589232386035,-0.06540312923014292,0.0410410586333333,26.475031533333325,25.98855486666666,1216.1480952380953
2020-05-31 06:30:00,0.9914448613738105,-0.13052619222005138,0.0711786957586207,26.623247000000003,27.165574689655173,2194.3404761904762
2020-05-31 06:45:00,0.9807852804032305,-0.19509032201612797,0.0953332493666666,26.876637733333336,28.5874726,2906.94
2020-05-31 07:00:00,0.9659258262890683,-0.25881904510252085,0.0943534478333333,27.10627936666667,29.493136633333325,2908.8014285714285
2020-05-31 07:15:00,0.9469301294951057,-0.3214394653031616,0.0838950156206896,27.146846344827587,29.54309482758621,2648.2019047619046
2020-05-31 07:30:00,0.9238795325112867,-0.3826834323650897,0.0903087209666666,27.311746099999997,29.563504100000003,2901.537619047619
2020-05-31 07:45:00,0.8968727415326884,-0.44228869021900113,0.11102465765517239,27.38396910344828,29.67915286206897,3692.6428571428573
2020-05-31 08:00:00,0.8660254037844387,-0.4999999999999998,0.1787927566666666,27.74403266666667,31.240413499999992,5785.7961904761905
2020-05-31 08:15:00,0.8314696123025451,-0.5555702330196023,0.301327223,28.151408933333332,33.575649966666674,9557.34
2020-05-31 08:30:00,0.7933533402912352,-0.6087614290087207,0.3827413824137931,28.85903086206897,38.49397013793104,10737.986190476191
2020-05-31 08:45:00,0.7518398074789774,-0.6593458151000688,0.2893271926666666,28.908792066666663,37.432584800000015,8889.230952380953
2020-05-31 09:00:00,0.7071067811865476,-0.7071067811865475,0.293544414137931,29.230036206896543,37.51293513793103,8839.047619047618
2020-05-31 09:15:00,0.6593458151000686,-0.7518398074789776,0.44173680366666646,29.5595477,39.40730686666668,13065.369047619048
2020-05-31 09:30:00,0.6087614290087204,-0.7933533402912353,0.7581236731034483,30.568175344827583,47.62321131034482,20546.405238095238
2020-05-31 09:45:00,0.5555702330196022,-0.8314696123025453,0.6040004026666667,31.156837966666668,51.43617453333332,17054.25857142857
2020-05-31 10:00:00,0.49999999999999994,-0.8660254037844387,0.451743708,31.05239956666667,45.03242686666668,14979.090952380951
2020-05-31 10:15:00,0.4422886902190013,-0.8968727415326883,0.6126659689655172,31.722634206896554,47.4245668275862,17273.492857142857
2020-05-31 10:30:00,0.3826834323650899,-0.9238795325112867,0.7158687563333334,32.271562833333334,50.19941723333332,19492.670476190477
2020-05-31 10:45:00,0.32143946530316175,-0.9469301294951056,0.7457961268965518,33.31406296551724,57.166491448275856,22226.36
2020-05-31 11:00:00,0.258819045102521,-0.9659258262890682,0.4808237753333333,32.96100906666666,51.626101666666656,14805.55238095238
2020-05-31 11:15:00,0.19509032201612816,-0.9807852804032304,0.7030249227586206,33.08877037931034,51.79495462068965,19397.633333333335
2020-05-31 11:30:00,0.13052619222005157,-0.9914448613738104,0.7328439533333335,33.533041833333336,54.255354633333326,20858.60619047619
2020-05-31 11:45:00,0.06540312923014312,-0.9978589232386035,0.4505056720689655,33.543277241379315,50.77153675862069,15409.959047619048
2020-05-31 12:00:00,1.2246467991473532e-16,-1.0,0.8131542149999998,33.67513840000001,55.04916890000001,23350.121904761905
2020-05-31 12:15:00,-0.06540312923014287,-0.9978589232386035,0.8998097250000001,34.73891906666667,60.8330992,23893.896666666664
2020-05-31 12:30:00,-0.13052619222005132,-0.9914448613738105,0.3194593531034483,34.07653389655172,52.363130724137925,11050.38
2020-05-31 12:45:00,-0.19509032201612792,-0.9807852804032305,0.860170252,34.74858209999999,54.4561301,24836.429047619047
2020-05-31 13:00:00,-0.25881904510252035,-0.9659258262890684,0.8632760117241379,35.2726524137931,61.08201006896552,22783.87619047619
2020-05-31 13:15:00,-0.3214394653031611,-0.9469301294951058,0.9603939863333335,35.98741463333332,64.1427207,26057.342857142856
2020-05-31 13:30:00,-0.3826834323650892,-0.923879532511287,0.837395707586207,35.82564268965517,63.02653303448275,23157.680952380953
2020-05-31 13:45:00,-0.44228869021900147,-0.8968727415326883,0.8990759116666666,36.074380533333326,62.14148253333333,24824.87380952381
2020-05-31 14:00:00,-0.5000000000000001,-0.8660254037844386,0.9187809383333334,36.7613546,62.75171296666667,25219.500476190475
2020-05-31 14:15:00,-0.5555702330196023,-0.8314696123025452,0.6655635313793103,36.608745586206894,61.798550310344815,17066.12
2020-05-31 14:30:00,-0.6087614290087207,-0.7933533402912352,0.3005127816666666,31.554353833333334,40.07902133333333,8829.581904761904
2020-05-31 14:45:00,-0.6593458151000688,-0.7518398074789774,0.2697951396551723,29.097738241379314,32.461152137931045,8906.72380952381
2020-05-31 15:00:00,-0.7071067811865475,-0.7071067811865477,0.4094698046666666,28.258013866666662,30.5615907,13323.649047619048
2020-05-31 15:15:00,-0.7518398074789773,-0.6593458151000691,0.286445456,28.61687723333333,34.26511020000001,9228.886666666665
2020-05-31 15:30:00,-0.7933533402912349,-0.6087614290087209,0.1824975713793103,28.31004703448276,31.66338493103449,5909.113333333334
2020-05-31 15:45:00,-0.8314696123025448,-0.555570233019603,0.18586289733333328,28.09238476666667,32.0827222,5928.320476190476
2020-05-31 16:00:00,-0.8660254037844385,-0.5000000000000004,0.1506258237931034,28.06294406896552,31.57601393103448,4808.720476190476
2020-05-31 16:15:00,-0.8968727415326883,-0.44228869021900136,0.1437750286666666,29.37561533333333,32.16830666666668,4573.73619047619
2020-05-31 16:30:00,-0.9238795325112868,-0.3826834323650895,0.1258943477586207,29.412226999999998,31.889497931034484,3995.1666666666665
2020-05-31 16:45:00,-0.9469301294951056,-0.3214394653031618,0.0949052116,29.63631283333333,31.643199533333327,2951.513333333333
2020-05-31 17:00:00,-0.9659258262890683,-0.25881904510252063,0.0660900407666666,29.727227400000004,31.107022200000003,2059.465714285714
2020-05-31 17:15:00,-0.9807852804032303,-0.19509032201612866,0.0400000306551724,29.63297568965517,30.42649889655172,1244.742857142857
2020-05-31 17:30:00,-0.9914448613738104,-0.13052619222005163,0.0547341133666666,29.6294576,30.210314766666666,1797.7485714285713
2020-05-31 17:45:00,-0.9978589232386035,-0.06540312923014362,0.04857146717241379,29.26658268965517,29.935880482758616,1565.68
2020-05-31 18:00:00,-1.0,-1.8369701987210297e-16,0.034425974,29.2769705,29.4960744,1100.9133333333334
2020-05-31 18:15:00,-0.9978589232386036,0.06540312923014237,0.0185542837166666,29.359654766666665,29.106293833333336,569.75
2020-05-31 18:30:00,-0.9914448613738104,0.13052619222005213,0.0018831484467931,29.01673524137932,28.527480689655178,27.022857142857145
2020-05-31 18:45:00,-0.9807852804032304,0.1950903220161283,0.0,28.521704166666662,27.120938133333333,0.0
2020-05-31 19:00:00,-0.9659258262890682,0.25881904510252113,7.940190241379313e-06,25.67330182758621,24.197520241379312,0.0
2020-05-31 19:15:00,-0.9469301294951057,0.3214394653031615,0.0006869619313333,25.302272400000003,23.840102233333326,0.0
2020-05-31 19:30:00,-0.9238795325112866,0.38268343236509,0.0006716413406666,25.5190387,23.861862166666665,0.0
2020-05-31 19:45:00,-0.8968727415326884,0.442288690219001,0.0012282454462068,25.92626117241379,23.717881793103448,0.0
2020-05-31 20:00:00,-0.8660254037844386,0.5000000000000001,0.0012794913646666,25.868222133333337,23.557260200000005,0.0
2020-05-31 20:15:00,-0.8314696123025455,0.5555702330196018,0.0008855208968965001,25.86443365517241,24.365257551724138,0.0
2020-05-31 20:30:00,-0.7933533402912352,0.6087614290087205,0.0002469506195333,26.0712495,24.73190746666666,0.0
2020-05-31 20:45:00,-0.7518398074789777,0.6593458151000684,0.0,25.99110468965517,24.672519,0.0
2020-05-31 21:00:00,-0.7071067811865477,0.7071067811865474,0.0,25.906798433333332,24.3962097,0.0
2020-05-31 21:15:00,-0.6593458151000687,0.7518398074789775,0.0,25.56336389655172,24.169891448275862,0.0
2020-05-31 21:30:00,-0.608761429008721,0.7933533402912349,0.0,25.332271233333344,24.059310066666672,0.0
2020-05-31 21:45:00,-0.5555702330196022,0.8314696123025452,3.838638e-06,25.28147476666667,24.49779563333333,0.0
2020-05-31 22:00:00,-0.5000000000000004,0.8660254037844384,5.42706253448276e-05,25.27859720689655,25.041368,0.0
2020-05-31 22:15:00,-0.4422886902190014,0.8968727415326883,0.0,25.172681666666666,25.051722133333328,0.0
2020-05-31 22:30:00,-0.38268343236508956,0.9238795325112868,0.0,25.16554944827586,24.985311379310346,0.0
2020-05-31 22:45:00,-0.32143946530316186,0.9469301294951056,0.0,25.09792796666666,24.7690255,0.0
2020-05-31 23:00:00,-0.2588190451025207,0.9659258262890683,0.0,24.955934655172417,24.54141020689656,0.0
2020-05-31 23:15:00,-0.19509032201612872,0.9807852804032303,0.0,24.791358266666666,24.301851366666664,0.0
2020-05-31 23:30:00,-0.13052619222005168,0.9914448613738104,0.0,24.71377466666667,24.23908893333333,0.0
2020-05-31 23:45:00,-0.06540312923014367,0.9978589232386035,0.0,24.88328603448276,24.510854689655165,0.0
2020-06-01 00:00:00,0.0,1.0,0.0,25.14487823333333,24.37399193333334,0.0
2020-06-01 00:15:00,0.06540312923014306,0.9978589232386035,0.0,25.00537527586206,23.899509793103448,0.0
2020-06-01 00:30:00,0.13052619222005157,0.9914448613738104,0.0,24.77038563333333,23.577869766666666,0.0
2020-06-01 00:45:00,0.19509032201612825,0.9807852804032304,0.0,24.59964837931034,23.444983448275863,0.0
2020-06-01 01:00:00,0.25881904510252074,0.9659258262890683,0.0,24.5556591,23.40092556666667,0.0
2020-06-01 01:15:00,0.3214394653031616,0.9469301294951057,0.0,24.64996943333334,23.3517333,0.0
2020-06-01 01:30:00,0.3826834323650898,0.9238795325112867,0.0,24.90393048275861,23.576732724137926,0.0
2020-06-01 01:45:00,0.4422886902190013,0.8968727415326883,0.0,24.6729461,23.422769266666663,0.0
2020-06-01 02:00:00,0.49999999999999994,0.8660254037844387,0.0,24.439102793103448,23.29818010344828,0.0
2020-06-01 02:15:00,0.5555702330196022,0.8314696123025452,0.0,24.264511233333337,23.09995933333333,0.0
2020-06-01 02:30:00,0.6087614290087207,0.7933533402912352,0.0,24.043559000000002,22.765743000000004,0.0
2020-06-01 02:45:00,0.6593458151000688,0.7518398074789774,0.0,23.91952593103448,22.84983024137931,0.0
2020-06-01 03:00:00,0.7071067811865476,0.7071067811865476,0.0,23.813092799999996,22.95408326666667,0.0
2020-06-01 03:15:00,0.7518398074789773,0.659345815100069,0.0,23.68584606896552,23.00851527586207,0.0
2020-06-01 03:30:00,0.7933533402912352,0.6087614290087207,0.0,23.788126333333324,23.31453446666666,0.0
2020-06-01 03:45:00,0.8314696123025452,0.5555702330196023,0.0,23.78079093103448,23.10813110344828,0.0
2020-06-01 04:00:00,0.8660254037844386,0.5000000000000001,0.0,23.77050976666667,22.930192066666663,0.0
2020-06-01 04:15:00,0.8968727415326884,0.44228869021900125,0.0,23.72071133333333,22.8736441,0.0
2020-06-01 04:30:00,0.9238795325112867,0.38268343236508984,0.0,23.56803644827585,22.489772344827585,0.0
2020-06-01 04:45:00,0.9469301294951057,0.3214394653031615,0.0,23.396958600000005,22.235097400000004,0.0
2020-06-01 05:00:00,0.9659258262890683,0.25881904510252074,0.0,23.315240344827586,22.32914896551724,0.0
2020-06-01 05:15:00,0.9807852804032304,0.19509032201612833,0.0,23.318588166666665,22.361772700000003,0.0
2020-06-01 05:30:00,0.9914448613738104,0.1305261922200517,0.0,23.286697600000004,22.35413833333333,0.0
2020-06-01 05:45:00,0.9978589232386035,0.06540312923014305,0.0007611838662068,23.380289206896546,22.75453237931034,0.0
2020-06-01 06:00:00,1.0,6.123233995736766e-17,0.0063919369866666,23.47015503333333,22.829620200000004,103.54428571428572
2020-06-01 06:15:00,0.9978589232386035,-0.06540312923014292,0.0209013741034482,23.67332510344828,23.338527344827583,678.8866666666667
2020-06-01 06:30:00,0.9914448613738105,-0.13052619222005138,0.0468731341666666,23.979217633333327,23.88627933333333,1565.8495238095238
2020-06-01 06:45:00,0.9807852804032305,-0.19509032201612797,0.0697066674666666,24.209690400000003,25.161978166666664,2385.6842857142856
2020-06-01 07:00:00,0.9659258262890683,-0.25881904510252085,0.0646242286206896,24.567252344827583,26.587057137931037,2150.5866666666666
2020-06-01 07:15:00,0.9469301294951057,-0.3214394653031616,0.1504371014,24.83561403333334,27.84200043333333,5194.679523809524
2020-06-01 07:30:00,0.9238795325112867,-0.3826834323650897,0.1628700658620689,25.36163324137931,30.208129793103453,5425.54
2020-06-01 07:45:00,0.8968727415326884,-0.44228869021900113,0.1320704731333333,25.5112201,29.69533993333333,4384.822380952381
2020-06-01 08:00:00,0.8660254037844387,-0.4999999999999998,0.161106645,25.689117433333333,29.60674846666667,5161.9742857142855
2020-06-01 08:15:00,0.8314696123025451,-0.5555702330196023,0.2175741148275862,25.838382137931035,29.698359931034485,6660.532380952381
2020-06-01 08:30:00,0.7933533402912352,-0.6087614290087207,0.2816243653333333,26.105987533333334,30.99204106666667,8748.71380952381
2020-06-01 08:45:00,0.7518398074789774,-0.6593458151000688,0.547218646551724,26.78541406896552,35.383090241379314,16292.486666666666
2020-06-01 09:00:00,0.7071067811865476,-0.7071067811865475,0.6603211486666669,27.515931200000008,39.75073440000002,19335.431904761906
2020-06-01 09:15:00,0.6593458151000686,-0.7518398074789776,0.6987364796666666,28.245770233333328,41.81874679999999,19666.893333333333
2020-06-01 09:30:00,0.6087614290087204,-0.7933533402912353,0.8137932979310345,29.059039999999996,46.36068413793104,21041.504285714283
2020-06-01 09:45:00,0.5555702330196022,-0.8314696123025453,0.7883443606666666,29.39469396666667,49.35060226666668,19132.946666666667
2020-06-01 10:00:00,0.49999999999999994,-0.8660254037844387,0.6254762248275861,29.301692551724145,47.559440862068975,20359.967142857142
2020-06-01 10:15:00,0.4422886902190013,-0.8968727415326883,0.9184480953333332,29.8226225,50.4896434,25125.95238095238
2020-06-01 10:30:00,0.3826834323650899,-0.9238795325112867,0.6883862282758619,30.160547758620684,49.79540931034483,19720.437619047618
2020-06-01 10:45:00,0.32143946530316175,-0.9469301294951056,0.3199997146666665,30.09952903333333,43.9329496,10298.572857142857
2020-06-01 11:00:00,0.258819045102521,-0.9659258262890682,0.3167546243333333,30.165436866666667,41.23620903333333,10936.593333333332
2020-06-01 11:15:00,0.19509032201612816,-0.9807852804032304,0.4543418306896551,30.59765,43.20352179310344,14162.407142857142
2020-06-01 11:30:00,0.13052619222005157,-0.9914448613738104,0.352625237,30.9631358,43.168145766666655,11246.035238095237
2020-06-01 11:45:00,0.06540312923014312,-0.9978589232386035,0.4859102437931034,30.702194655172413,39.67880793103448,10158.01761904762
2020-06-01 12:00:00,1.2246467991473532e-16,-1.0,1.0797786666666669,32.09725336666666,53.4779175,8713.150952380953
2020-06-01 12:15:00,-0.06540312923014287,-0.9978589232386035,0.7521377041379309,32.32455834482758,56.086723758620685,20036.613333333335
2020-06-01 12:30:00,-0.13052619222005132,-0.9914448613738105,0.9170147646666666,32.71362183333334,49.31692216666666,26630.506666666668
2020-06-01 12:45:00,-0.19509032201612792,-0.9807852804032305,0.5200881703448276,32.914065724137934,48.51724062068967,17605.901904761904
2020-06-01 13:00:00,-0.25881904510252035,-0.9659258262890684,0.2914817913333333,32.35695386666666,41.9516938,9301.269047619047
2020-06-01 13:15:00,-0.3214394653031611,-0.9469301294951058,0.0697438200333333,29.79072676666667,35.04367046666667,2260.7571428571428
2020-06-01 13:30:00,-0.3826834323650892,-0.923879532511287,0.03035270925,24.81791675,25.783012499999998,987.75
2020-06-01 13:45:00,-0.44228869021900147,-0.8968727415326883,0.0665650115,25.2230896,25.4652862,2278.86
2020-06-01 14:00:00,-0.5000000000000001,-0.8660254037844386,0.0549807242413793,25.419932517241378,25.74652410344828,1907.8785714285714
2020-06-01 14:15:00,-0.5555702330196023,-0.8314696123025452,0.043911696137931,25.73312062068965,25.57292744827586,1517.74
2020-06-01 14:30:00,-0.6087614290087207,-0.7933533402912352,0.0368734744,25.779276466666662,25.289524266666664,1250.3266666666666
2020-06-01 14:45:00,-0.6593458151000688,-0.7518398074789774,0.036230325275862,25.818098448275865,25.854119620689655,1220.3533333333332
2020-06-01 15:00:00,-0.7071067811865475,-0.7071067811865477,0.0375434128666666,25.837277399999994,26.102874600000003,1274.1200000000001
2020-06-01 15:15:00,-0.7518398074789773,-0.6593458151000691,0.0397396260344827,25.77082562068966,26.20280220689655,1352.3466666666666
2020-06-01 15:30:00,-0.7933533402912349,-0.6087614290087209,0.0438830790666666,25.699231733333328,26.291916966666665,1516.4880952380954
2020-06-01 15:45:00,-0.8314696123025448,-0.555570233019603,0.0511050262666666,25.7438171,26.56079706666667,1784.7366666666667
2020-06-01 16:00:00,-0.8660254037844385,-0.5000000000000004,0.0626689252413793,25.80261044827586,26.95674606896552,2211.133333333333
2020-06-01 16:15:00,-0.8968727415326883,-0.44228869021900136,0.0838168420666666,25.874815966666667,27.320389866666662,2957.9666666666667
2020-06-01 16:30:00,-0.9238795325112868,-0.3826834323650895,0.0932735847586207,25.735057999999995,27.556919448275867,3157.9266666666667
2020-06-01 16:45:00,-0.9469301294951056,-0.3214394653031618,0.04804401669999991,25.29312340000001,26.636511266666677,1545.6228571428571
2020-06-01 17:00:00,-0.9659258262890683,-0.25881904510252063,0.0526809618965517,24.985779689655168,25.354852103448284,1734.3285714285714
2020-06-01 17:15:00,-0.9807852804032303,-0.19509032201612866,0.0235144601,24.64490663333333,24.180492099999995,696.3147619047619
2020-06-01 17:30:00,-0.9914448613738104,-0.13052619222005163,0.0081184141923076,24.592791038461538,23.769449192307693,178.83269230769233
2020-06-01 17:45:00,-0.9978589232386035,-0.06540312923014362,0.004544642263445449,24.1554493525641,23.58846632532051,89.41634615384616
2020-06-01 18:00:00,-1.0,-1.8369701987210297e-16,0.0009708703345833,23.718107666666665,23.40748345833333,0.0
2020-06-01 18:15:00,-0.9978589232386036,0.06540312923014237,0.0003928348473333,23.446385966666664,23.27403063333333,0.0
2020-06-01 18:30:00,-0.9914448613738104,0.13052619222005213,5.559669268965517e-05,23.588117965517245,23.3298445862069,0.0
2020-06-01 18:45:00,-0.9807852804032304,0.1950903220161283,0.0,23.59890143333333,23.349148733333344,0.0
2020-06-01 19:00:00,-0.9659258262890682,0.25881904510252113,0.0,23.72271413793104,23.422109655172406,0.0
2020-06-01 19:15:00,-0.9469301294951057,0.3214394653031615,0.0,23.585778833333332,23.355973333333328,0.0
2020-06-01 19:30:00,-0.9238795325112866,0.38268343236509,0.0,23.44893493103448,23.228958862068968,0.0
2020-06-01 19:45:00,-0.8968727415326884,0.442288690219001,0.0,23.29360873333333,23.142231366666675,0.0
2020-06-01 20:00:00,-0.8660254037844386,0.5000000000000001,0.0,23.13512375862069,22.956744,0.0
2020-06-01 20:15:00,-0.8314696123025455,0.5555702330196018,0.0,23.22152303333333,22.95596703333333,0.0
2020-06-01 20:30:00,-0.7933533402912352,0.6087614290087205,0.0,23.271758862068967,22.853514620689648,0.0
2020-06-01 20:45:00,-0.7518398074789777,0.6593458151000684,0.0,23.36985676666666,23.009596599999995,0.0
2020-06-01 21:00:00,-0.7071067811865477,0.7071067811865474,0.0,23.332742620689654,23.007589344827576,0.0
2020-06-01 21:15:00,-0.6593458151000687,0.7518398074789775,0.0,23.3867891,23.03463536666667,0.0
2020-06-01 21:30:00,-0.608761429008721,0.7933533402912349,0.0,23.4847129,23.058717766666664,0.0
2020-06-01 21:45:00,-0.5555702330196022,0.8314696123025452,0.0,23.60019858620689,23.070833344827587,0.0
2020-06-01 22:00:00,-0.5000000000000004,0.8660254037844384,0.0,23.658306066666672,23.232104766666662,0.0
2020-06-01 22:15:00,-0.4422886902190014,0.8968727415326883,0.0,23.667698551724133,23.233116448275865,0.0
2020-06-01 22:30:00,-0.38268343236508956,0.9238795325112868,0.0,23.646124400000005,23.244825266666663,0.0
2020-06-01 22:45:00,-0.32143946530316186,0.9469301294951056,0.0,23.661650793103448,23.346891344827586,0.0
2020-06-01 23:00:00,-0.2588190451025207,0.9659258262890683,0.0,23.591604633333336,23.25824696666667,0.0
2020-06-01 23:15:00,-0.19509032201612872,0.9807852804032303,0.0,23.5920869,23.23701086666667,0.0
2020-06-01 23:30:00,-0.13052619222005168,0.9914448613738104,0.0,23.684836896551733,23.412834344827584,0.0
2020-06-01 23:45:00,-0.06540312923014367,0.9978589232386035,0.0,23.643209,23.09573873333333,0.0
2020-06-02 00:00:00,0.0,1.0,0.0,23.54084489655172,22.76998803448276,0.0
2020-06-02 00:15:00,0.06540312923014306,0.9978589232386035,0.0,23.453650199999995,22.522193399999995,0.0
2020-06-02 00:30:00,0.13052619222005157,0.9914448613738104,0.0,23.39307886666666,22.47517596666667,0.0
2020-06-02 00:45:00,0.19509032201612825,0.9807852804032304,0.0,23.42435786206897,22.32573203448276,0.0
2020-06-02 01:00:00,0.25881904510252074,0.9659258262890683,0.0,23.40566436666667,22.287760633333328,0.0
2020-06-02 01:15:00,0.3214394653031616,0.9469301294951057,0.0,23.37376044827586,22.294950379310343,0.0
2020-06-02 01:30:00,0.3826834323650898,0.9238795325112867,0.0,23.281397500000004,21.9850617,0.0
2020-06-02 01:45:00,0.4422886902190013,0.8968727415326883,0.0,23.15951693103448,21.808919000000003,0.0
2020-06-02 02:00:00,0.49999999999999994,0.8660254037844387,0.0,23.188746533333333,21.8047476,0.0
2020-06-02 02:15:00,0.5555702330196022,0.8314696123025452,0.0,23.142530566666668,21.798753966666663,0.0
2020-06-02 02:30:00,0.6087614290087207,0.7933533402912352,0.0,23.046586344827592,21.81410910344828,0.0
2020-06-02 02:45:00,0.6593458151000688,0.7518398074789774,0.0,23.0449349,21.928314233333342,0.0
2020-06-02 03:00:00,0.7071067811865476,0.7071067811865476,0.0,23.054548482758616,22.202292758620693,0.0
2020-06-02 03:15:00,0.7518398074789773,0.659345815100069,0.0,23.0670103,22.257735366666665,0.0
2020-06-02 03:30:00,0.7933533402912352,0.6087614290087207,0.0,23.055033551724133,21.74863513793104,0.0
2020-06-02 03:45:00,0.8314696123025452,0.5555702330196023,0.0,23.02189033333333,21.418355300000005,0.0
2020-06-02 04:00:00,0.8660254037844386,0.5000000000000001,0.0,23.09342620689656,22.18510710344828,0.0
2020-06-02 04:15:00,0.8968727415326884,0.44228869021900125,0.0,23.003746500000005,22.22702553333333,0.0
2020-06-02 04:30:00,0.9238795325112867,0.38268343236508984,0.0,23.159515896551724,22.215366862068965,0.0
2020-06-02 04:45:00,0.9469301294951057,0.3214394653031615,0.0,23.118444333333333,22.3312501,0.0
2020-06-02 05:00:00,0.9659258262890683,0.25881904510252074,0.0,23.046839266666662,22.076184133333328,0.0
2020-06-02 05:15:00,0.9807852804032304,0.19509032201612833,0.0,23.055029172413796,21.936602413793103,0.0
2020-06-02 05:30:00,0.9914448613738104,0.1305261922200517,0.0,22.95900966666667,22.1907981,0.0
2020-06-02 05:45:00,0.9978589232386035,0.06540312923014305,0.0022517831692068,22.926509413793102,22.15299417241379,5.365714285714285
2020-06-02 06:00:00,1.0,6.123233995736766e-17,0.0197261745333333,22.916382666666664,22.247264800000004,580.5328571428571
2020-06-02 06:15:00,0.9978589232386035,-0.06540312923014292,0.0478369210666666,23.032455400000003,22.654440366666662,1457.4433333333334
2020-06-02 06:30:00,0.9914448613738105,-0.13052619222005138,0.0765928847931034,23.34289765517241,23.383397620689653,2444.554761904762
2020-06-02 06:45:00,0.9807852804032305,-0.19509032201612797,0.1477497143333332,23.856942766666666,24.49164526666667,5309.429999999999
2020-06-02 07:00:00,0.9659258262890683,-0.25881904510252085,0.18185742689655157,24.221417793103452,25.01937748275861,5325.154285714286
2020-06-02 07:15:00,0.9469301294951057,-0.3214394653031616,0.245755635,24.62806283333333,27.23979176666666,7167.462380952381
2020-06-02 07:30:00,0.9238795325112867,-0.3826834323650897,0.2627643006896551,24.969555068965523,28.168725413793098,7971.315238095238
2020-06-02 07:45:00,0.8968727415326884,-0.44228869021900113,0.2766070663333333,25.263770500000007,29.25051676666666,8443.792380952382
2020-06-02 08:00:00,0.8660254037844387,-0.4999999999999998,0.3595941213333333,25.729429199999995,32.35679116666666,10844.583333333332
2020-06-02 08:15:00,0.8314696123025451,-0.5555702330196023,0.3688924465517241,26.090604379310346,33.56801127586206,11199.373333333333
2020-06-02 08:30:00,0.7933533402912352,-0.6087614290087207,0.377332969,26.44687696666666,34.41820253333332,11943.593333333332
2020-06-02 08:45:00,0.7518398074789774,-0.6593458151000688,0.443209798275862,26.808725310344823,35.04586710344829,14129.07619047619
2020-06-02 09:00:00,0.7071067811865476,-0.7071067811865475,0.4957501996666666,27.249029466666663,35.537271133333334,15303.534285714286
2020-06-02 09:15:00,0.6593458151000686,-0.7518398074789776,0.394868714137931,27.425496275862077,34.496706137931035,12783.971428571429
2020-06-02 09:30:00,0.6087614290087204,-0.7933533402912353,0.4056886073333333,27.327536,33.792619,13247.09761904762
2020-06-02 09:45:00,0.5555702330196022,-0.8314696123025453,0.4331567996551724,27.754356551724133,36.347844689655176,13610.093333333332
2020-06-02 10:00:00,0.49999999999999994,-0.8660254037844387,0.4691548053333333,27.99881283333333,38.14251193333333,14623.733333333334
2020-06-02 10:15:00,0.4422886902190013,-0.8968727415326883,0.5366073751724137,28.47418737931035,40.54221093103449,16029.567142857142
2020-06-02 10:30:00,0.3826834323650899,-0.9238795325112867,0.4402971343333333,28.5353607,40.11957696666667,14327.718095238095
2020-06-02 10:45:00,0.32143946530316175,-0.9469301294951056,0.5421418333333334,28.8915477,41.118934,14690.448571428571
2020-06-02 11:00:00,0.258819045102521,-0.9659258262890682,0.45151451482758626,28.94237755172413,40.4737073448276,13645.628571428571
2020-06-02 11:15:00,0.19509032201612816,-0.9807852804032304,0.6886449540000001,29.25102733333333,43.11183256666668,5498.685714285714
2020-06-02 11:30:00,0.13052619222005157,-0.9914448613738104,0.9250587272413796,30.376630103448278,53.56674610344828,15379.158095238095
2020-06-02 11:45:00,0.06540312923014312,-0.9978589232386035,0.9018453599999998,31.075158600000005,58.73192936666666,12743.955714285714
2020-06-02 12:00:00,1.2246467991473532e-16,-1.0,0.7622861868965516,31.1120174137931,55.95442044827586,10649.744761904762
2020-06-02 12:15:00,-0.06540312923014287,-0.9978589232386035,0.6874744083333332,31.06728196666667,55.08399240000001,9057.466666666667
2020-06-02 12:30:00,-0.13052619222005132,-0.9914448613738105,1.083226548,31.939592433333328,62.564305699999984,0.0
2020-06-02 12:45:00,-0.19509032201612792,-0.9807852804032305,1.0562036024137933,33.18994672413792,66.6359527586207,12598.599523809524
2020-06-02 13:00:00,-0.25881904510252035,-0.9659258262890684,0.5661604149999998,32.27054523333334,55.00482806666665,10930.619999999999
2020-06-02 13:15:00,-0.3214394653031611,-0.9469301294951058,0.8915255531034479,32.887627827586215,54.72453555172415,15849.075238095238
2020-06-02 13:30:00,-0.3826834323650892,-0.923879532511287,0.93505356,33.179932833333325,57.115372966666655,16862.486666666668
2020-06-02 13:45:00,-0.44228869021900147,-0.8968727415326883,0.8694144300000001,33.78014186206898,58.9595032413793,15726.330476190476
2020-06-02 14:00:00,-0.5000000000000001,-0.8660254037844386,0.966886285,33.581305900000004,59.8907156,18936.80238095238
2020-06-02 14:15:00,-0.5555702330196023,-0.8314696123025452,0.7214576427586207,32.98081806896551,55.06886103448276,16215.28
2020-06-02 14:30:00,-0.6087614290087207,-0.7933533402912352,0.602263703,32.73657323333333,50.73028446666667,13029.986666666668
2020-06-02 14:45:00,-0.6593458151000688,-0.7518398074789774,0.670690565862069,32.74011437931035,51.55821696551723,15778.324285714285
2020-06-02 15:00:00,-0.7071067811865475,-0.7071067811865477,0.4792966316666666,32.62758303333334,49.09895223333333,15747.557142857142
2020-06-02 15:15:00,-0.7518398074789773,-0.6593458151000691,0.4006817327666666,31.938042100000004,42.293699200000006,13167.813333333334
2020-06-02 15:30:00,-0.7933533402912349,-0.6087614290087209,0.5600057106896552,32.84086431034483,48.3447823448276,18384.569523809525
2020-06-02 15:45:00,-0.8314696123025448,-0.555570233019603,0.3353806863333332,31.931493066666665,43.15259639999999,12251.978571428572
2020-06-02 16:00:00,-0.8660254037844385,-0.5000000000000004,0.38650362137931027,31.42358703448276,39.554146827586216,7293.675714285714
2020-06-02 16:15:00,-0.8968727415326883,-0.44228869021900136,0.3780669756666667,31.6451579,42.85566706666666,0.0
2020-06-02 16:30:00,-0.9238795325112868,-0.3826834323650895,0.4176225276666667,32.09593496666667,42.76547349999999,0.0
2020-06-02 16:45:00,-0.9469301294951056,-0.3214394653031618,0.3644395048275861,32.224939551724134,42.130451206896566,10956.174285714285
2020-06-02 17:00:00,-0.9659258262890683,-0.25881904510252063,0.3232714083333334,31.52818296666666,39.44536643333333,10964.691904761905
2020-06-02 17:15:00,-0.9807852804032303,-0.19509032201612866,0.2603328393103448,30.723942137931036,36.51634479310344,8887.95
2020-06-02 17:30:00,-0.9914448613738104,-0.13052619222005163,0.2214934133333333,30.1612061,34.92869266666666,7377.195238095238
2020-06-02 17:45:00,-0.9978589232386035,-0.06540312923014362,0.1376829444482758,29.57704313793104,32.96825548275864,4460.2
2020-06-02 18:00:00,-1.0,-1.8369701987210297e-16,0.1019844427999999,29.159902933333328,31.011789966666665,3310.6404761904764
2020-06-02 18:15:00,-0.9978589232386036,0.06540312923014237,0.0553288056206896,28.77739734482758,29.769714379310347,1784.3866666666668
2020-06-02 18:30:00,-0.9914448613738104,0.13052619222005213,0.0173682756766666,28.263504,28.163774666666665,541.1914285714286
2020-06-02 18:45:00,-0.9807852804032304,0.1950903220161283,0.001615691398,27.9587657,27.024054999999997,23.954761904761902
2020-06-02 19:00:00,-0.9659258262890682,0.25881904510252113,0.0,27.649506689655176,26.33786862068965,0.0
2020-06-02 19:15:00,-0.9469301294951057,0.3214394653031615,0.0,27.327332666666667,25.931244766666666,0.0
2020-06-02 19:30:00,-0.9238795325112866,0.38268343236509,0.0,27.107869999999995,25.678657241379316,0.0
2020-06-02 19:45:00,-0.8968727415326884,0.442288690219001,0.0,26.866580000000003,25.344942233333327,0.0
2020-06-02 20:00:00,-0.8660254037844386,0.5000000000000001,0.0,26.85125106666666,25.323512699999995,0.0
2020-06-02 20:15:00,-0.8314696123025455,0.5555702330196018,0.0,26.74221706896552,25.533428344827588,0.0
2020-06-02 20:30:00,-0.7933533402912352,0.6087614290087205,0.0,26.576506433333336,25.671432433333333,0.0
2020-06-02 20:45:00,-0.7518398074789777,0.6593458151000684,0.0,26.32929210344828,25.44009513793104,0.0
2020-06-02 21:00:00,-0.7071067811865477,0.7071067811865474,0.0,26.22199906666667,25.291845633333324,0.0
2020-06-02 21:15:00,-0.6593458151000687,0.7518398074789775,0.0,26.089873300000008,25.114930066666663,0.0
2020-06-02 21:30:00,-0.608761429008721,0.7933533402912349,0.0,25.89733482758621,24.964121862068964,0.0
2020-06-02 21:45:00,-0.5555702330196022,0.8314696123025452,0.0,25.658333266666663,24.306130900000003,0.0
2020-06-02 22:00:00,-0.5000000000000004,0.8660254037844384,0.0,25.557441275862065,24.190670689655164,0.0
2020-06-02 22:15:00,-0.4422886902190014,0.8968727415326883,0.0,25.429239699999997,24.00272943333334,0.0
2020-06-02 22:30:00,-0.38268343236508956,0.9238795325112868,0.0,25.28490893103449,24.087029862068963,0.0
2020-06-02 22:45:00,-0.32143946530316186,0.9469301294951056,0.0,25.146390900000004,24.0475769,0.0
2020-06-02 23:00:00,-0.2588190451025207,0.9659258262890683,0.0,25.105476066666668,24.3027872,0.0
2020-06-02 23:15:00,-0.19509032201612872,0.9807852804032303,0.0,25.022536586206897,24.224228482758623,0.0
2020-06-02 23:30:00,-0.13052619222005168,0.9914448613738104,0.0,24.9870756,24.487060433333337,0.0
2020-06-02 23:45:00,-0.06540312923014367,0.9978589232386035,0.0,25.01158706896552,24.60736403448276,0.0
2020-06-03 00:00:00,0.0,1.0,0.0,25.009733933333337,24.62781073333333,0.0
2020-06-03 00:15:00,0.06540312923014306,0.9978589232386035,0.0,25.11708393333333,24.66872256666666,0.0
2020-06-03 00:30:00,0.13052619222005157,0.9914448613738104,0.0,25.03663796551724,24.67274310344828,0.0
2020-06-03 00:45:00,0.19509032201612825,0.9807852804032304,0.0,24.88153950000001,24.4358582,0.0
2020-06-03 01:00:00,0.25881904510252074,0.9659258262890683,0.0,24.849428275862063,24.534219413793107,0.0
2020-06-03 01:15:00,0.3214394653031616,0.9469301294951057,0.0,24.709879466666674,24.405362866666664,0.0
2020-06-03 01:30:00,0.3826834323650898,0.9238795325112867,0.0,23.89929813333333,22.698678666666662,0.0
2020-06-03 01:45:00,0.4422886902190013,0.8968727415326883,0.0,23.76412748275862,22.400543241379307,0.0
2020-06-03 02:00:00,0.49999999999999994,0.8660254037844387,0.0,24.001290100000002,22.53145743333334,0.0
2020-06-03 02:15:00,0.5555702330196022,0.8314696123025452,0.0,24.127484655172417,22.98021413793104,0.0
2020-06-03 02:30:00,0.6087614290087207,0.7933533402912352,0.0,24.176533066666664,23.671940233333327,0.0
2020-06-03 02:45:00,0.6593458151000688,0.7518398074789774,0.0,23.986036827586204,23.768178068965515,0.0
2020-06-03 03:00:00,0.7071067811865476,0.7071067811865476,0.0,23.849284566666665,23.284093366666664,0.0
2020-06-03 03:15:00,0.7518398074789773,0.659345815100069,0.0,23.739755166666665,22.95713493333333,0.0
2020-06-03 03:30:00,0.7933533402912352,0.6087614290087207,0.0,23.71006827586207,22.816541103448277,0.0
2020-06-03 03:45:00,0.8314696123025452,0.5555702330196023,0.0,23.777843833333336,22.928754666666663,0.0
2020-06-03 04:00:00,0.8660254037844386,0.5000000000000001,0.0,23.808091862068974,23.26818020689656,0.0
2020-06-03 04:15:00,0.8968727415326884,0.44228869021900125,0.0,23.859061433333327,23.233272366666668,0.0
2020-06-03 04:30:00,0.9238795325112867,0.38268343236508984,0.0,23.956093333333328,23.429384666666667,0.0
2020-06-03 04:45:00,0.9469301294951057,0.3214394653031615,0.0,23.93930348275862,23.3768531724138,0.0
2020-06-03 05:00:00,0.9659258262890683,0.25881904510252074,0.0,23.974261666666674,23.51823226666667,0.0
2020-06-03 05:15:00,0.9807852804032304,0.19509032201612833,0.0,23.90179627586207,23.270747827586213,0.0
2020-06-03 05:30:00,0.9914448613738104,0.1305261922200517,0.0,23.712452133333333,22.607200066666664,0.0
2020-06-03 05:45:00,0.9978589232386035,0.06540312923014305,0.0004657985739999,23.659767866666677,22.38197536666668,0.0
2020-06-03 06:00:00,1.0,6.123233995736766e-17,0.0055109736,23.71561617241379,22.62310255172413,63.75476190476191
2020-06-03 06:15:00,0.9978589232386035,-0.06540312923014292,0.01923344485,23.793487200000005,22.96333716666667,615.0866666666667
2020-06-03 06:30:00,0.9914448613738105,-0.13052619222005138,0.0410589368275862,23.843538103448278,24.019455517241383,1309.84
2020-06-03 06:45:00,0.9807852804032305,-0.19509032201612797,0.0729462730999999,24.083965133333333,25.116689999999995,2325.4723809523807
2020-06-03 07:00:00,0.9659258262890683,-0.25881904510252085,0.1068794512333333,24.424050933333334,26.273237033333327,3284.423333333333
2020-06-03 07:15:00,0.9469301294951057,-0.3214394653031616,0.12499838379310341,24.73453382758621,27.13060372413793,3809.623333333333
2020-06-03 07:30:00,0.9238795325112867,-0.3826834323650897,0.1415349551666666,24.866045133333333,27.32534279999999,4239.173333333333
2020-06-03 07:45:00,0.8968727415326884,-0.44228869021900113,0.2808776558620689,25.196312241379317,28.44484520689655,8057.530952380952
2020-06-03 08:00:00,0.8660254037844387,-0.4999999999999998,0.3417407889999999,26.033628366666665,33.145246166666674,9578.816666666668
2020-06-03 08:15:00,0.8314696123025451,-0.5555702330196023,0.3276802989655172,26.001591103448273,32.63766906896551,9734.538571428571
2020-06-03 08:30:00,0.7933533402912352,-0.6087614290087207,0.3485793976666666,26.487010566666665,33.678327633333325,11134.916666666666
2020-06-03 08:45:00,0.7518398074789774,-0.6593458151000688,0.3597880143333333,26.84006023333333,34.61722103333334,11456.146666666666
2020-06-03 09:00:00,0.7071067811865476,-0.7071067811865475,0.4955704917241379,27.38324703448276,36.82217831034483,15143.809523809523
2020-06-03 09:15:00,0.6593458151000686,-0.7518398074789776,0.2928772996666666,27.369920800000003,36.14035139999999,9250.08761904762
2020-06-03 09:30:00,0.6087614290087204,-0.7933533402912353,0.3393964103448275,27.276011551724135,34.18242127586208,11140.756666666666
2020-06-03 09:45:00,0.5555702330196022,-0.8314696123025453,0.4310271809999999,27.503353766666667,36.01624946666666,14450.282857142856
2020-06-03 10:00:00,0.49999999999999994,-0.8660254037844387,0.37715765862068973,27.972231034482764,38.56706386206897,12582.753333333332
2020-06-03 10:15:00,0.4422886902190013,-0.8968727415326883,0.294314601,27.937732966666672,36.67256890000001,9289.439523809524
2020-06-03 10:30:00,0.3826834323650899,-0.9238795325112867,0.2884730410344827,27.73315862068965,33.86757368965518,10186.524761904762
2020-06-03 10:45:00,0.32143946530316175,-0.9469301294951056,0.8408771333333331,29.227473900000003,44.62195646666667,3398.9038095238097
2020-06-03 11:00:00,0.258819045102521,-0.9659258262890682,0.612939433,29.679937633333328,48.9569479,7896.113333333333
2020-06-03 11:15:00,0.19509032201612816,-0.9807852804032304,0.5865128013793105,29.355584482758616,42.176900655172425,13453.016666666666
2020-06-03 11:30:00,0.13052619222005157,-0.9914448613738104,0.6931028513333332,29.9561614,45.211833433333325,13019.131428571429
2020-06-03 11:45:00,0.06540312923014312,-0.9978589232386035,0.6007798837931035,29.695796655172412,42.21561486206896,10583.31380952381
2020-06-03 12:00:00,1.2246467991473532e-16,-1.0,0.820300996,30.57128906666667,48.612530500000005,13707.146190476189
2020-06-03 12:15:00,-0.06540312923014287,-0.9978589232386035,0.6219817166666665,30.7003918,46.0092608,11281.119999999999
2020-06-03 12:30:00,-0.13052619222005132,-0.9914448613738105,0.5045320313793104,30.121441,41.4236335862069,9472.91238095238
2020-06-03 12:45:00,-0.19509032201612792,-0.9807852804032305,0.2743211493333333,29.988367733333337,38.625959,6113.14
2020-06-03 13:00:00,-0.25881904510252035,-0.9659258262890684,0.0655425346206896,28.013037310344828,31.479803758620687,2421.2799999999997
2020-06-03 13:15:00,-0.3214394653031611,-0.9469301294951058,0.3871058459999999,27.092229166666666,30.6291027,13510.22619047619
2020-06-03 13:30:00,-0.3826834323650892,-0.923879532511287,0.4068712906666667,28.598572866666657,37.6843487,12560.806666666667
2020-06-03 13:45:00,-0.44228869021900147,-0.8968727415326883,0.3485087883333333,28.745618083333337,36.34914641666667,11944.656666666666
2020-06-03 14:00:00,-0.5000000000000001,-0.8660254037844386,0.5545190608333332,29.59802376388889,40.9888477638889,13691.37357142857
2020-06-03 14:15:00,-0.5555702330196023,-0.8314696123025452,0.7605293333333332,30.450429444444445,45.62854911111112,15438.090476190475
2020-06-03 14:30:00,-0.6087614290087207,-0.7933533402912352,0.437246157,29.63802373333333,40.395398066666665,10139.697142857143
2020-06-03 14:45:00,-0.6593458151000688,-0.7518398074789774,0.5355106165517242,29.54072510344828,38.459671551724135,14898.23380952381
2020-06-03 15:00:00,-0.7071067811865475,-0.7071067811865477,0.7561365073333337,30.53915813333334,47.42155653333332,14290.391904761904
2020-06-03 15:15:00,-0.7518398074789773,-0.6593458151000691,0.4806955124137931,30.279495586206902,44.771209620689646,11480.073333333332
2020-06-03 15:30:00,-0.7933533402912349,-0.6087614290087209,0.295706478,29.630815666666663,37.693619866666666,9438.324285714285
2020-06-03 15:45:00,-0.8314696123025448,-0.555570233019603,0.45177185689655164,29.615360758620685,37.79705796551723,15173.826666666666
2020-06-03 16:00:00,-0.8660254037844385,-0.5000000000000004,0.3154774509999999,29.84168186666667,37.93393056666667,10154.24619047619
2020-06-03 16:15:00,-0.8968727415326883,-0.44228869021900136,0.203640675862069,29.38401,34.55478431034484,6634.670476190477
2020-06-03 16:30:00,-0.9238795325112868,-0.3826834323650895,0.169755189,28.7046204,32.335272400000015,5549.509047619048
2020-06-03 16:45:00,-0.9469301294951056,-0.3214394653031618,0.193300146,28.3467144,31.930106666666664,6353.34
2020-06-03 17:00:00,-0.9659258262890683,-0.25881904510252063,0.1668194265517241,28.03211920689655,31.82951734482759,5553.460952380952
2020-06-03 17:15:00,-0.9807852804032303,-0.19509032201612866,0.1186315144333333,27.456891733333336,29.92605376666667,3893.9138095238095
2020-06-03 17:30:00,-0.9914448613738104,-0.13052619222005163,0.10144386958620678,27.154575689655168,28.822833931034484,3315.74
2020-06-03 17:45:00,-0.9978589232386035,-0.06540312923014362,0.0830490961333333,26.897190133333325,28.131607999999996,2699.924761904762
2020-06-03 18:00:00,-1.0,-1.8369701987210297e-16,0.0536429102,26.82174593333333,27.434948666666664,1713.858095238095
2020-06-03 18:15:00,-0.9978589232386036,0.06540312923014237,0.026757117896551705,26.645004931034478,26.866011,824.3638095238096
2020-06-03 18:30:00,-0.9914448613738104,0.13052619222005213,0.01010098071,26.406685333333336,26.28797106666666,278.75666666666666
2020-06-03 18:45:00,-0.9807852804032304,0.1950903220161283,0.0009356197531033999,26.048880793103454,25.38631765517242,0.0
2020-06-03 19:00:00,-0.9659258262890682,0.25881904510252113,0.0,25.8285533,24.90916953333333,0.0
2020-06-03 19:15:00,-0.9469301294951057,0.3214394653031615,0.0,25.531681310344837,24.413450068965517,0.0
2020-06-03 19:30:00,-0.9238795325112866,0.38268343236509,0.0,25.206123966666656,23.932733199999998,0.0
2020-06-03 19:45:00,-0.8968727415326884,0.442288690219001,0.0,24.98406765517241,23.820578862068963,0.0
2020-06-03 20:00:00,-0.8660254037844386,0.5000000000000001,0.0,24.8314126,23.98214826666667,0.0
2020-06-03 20:15:00,-0.8314696123025455,0.5555702330196018,0.0,24.7192687,24.015367800000003,0.0
2020-06-03 20:30:00,-0.7933533402912352,0.6087614290087205,0.0,24.657951551724135,24.008432310344833,0.0
2020-06-03 20:45:00,-0.7518398074789777,0.6593458151000684,0.0,24.5213178,23.803320400000004,0.0
2020-06-03 21:00:00,-0.7071067811865477,0.7071067811865474,0.0,24.46324741379311,23.728676689655178,0.0
2020-06-03 21:15:00,-0.6593458151000687,0.7518398074789775,0.0,24.223528166666668,23.5329428,0.0
2020-06-03 21:30:00,-0.608761429008721,0.7933533402912349,0.0,23.884560966666665,23.15591536666667,0.0
2020-06-03 21:45:00,-0.5555702330196022,0.8314696123025452,0.0,23.8075873448276,22.942808965517244,0.0
2020-06-03 22:00:00,-0.5000000000000004,0.8660254037844384,0.0,23.7768878,22.9507608,0.0
2020-06-03 22:15:00,-0.4422886902190014,0.8968727415326883,0.0,23.66013751724138,22.72563220689656,0.0
2020-06-03 22:30:00,-0.38268343236508956,0.9238795325112868,0.0,23.76125463333333,22.753861500000003,0.0
2020-06-03 22:45:00,-0.32143946530316186,0.9469301294951056,0.0,23.85164965517242,22.93449668965517,0.0
2020-06-03 23:00:00,-0.2588190451025207,0.9659258262890683,0.0,23.8517117,22.952899433333336,0.0
2020-06-03 23:15:00,-0.19509032201612872,0.9807852804032303,0.0,23.846054310344826,22.88483610344828,0.0
2020-06-03 23:30:00,-0.13052619222005168,0.9914448613738104,0.0,23.800831800000005,22.8171417,0.0
2020-06-03 23:45:00,-0.06540312923014367,0.9978589232386035,0.0,23.7193359,22.8010347,0.0
2020-06-04 00:00:00,0.0,1.0,0.0,23.506170827586207,22.726138724137925,0.0
2020-06-04 00:15:00,0.06540312923014306,0.9978589232386035,0.0,23.529861400000012,22.7003695,0.0
2020-06-04 00:30:00,0.13052619222005157,0.9914448613738104,0.0,23.517205517241383,22.666822551724145,0.0
2020-06-04 00:45:00,0.19509032201612825,0.9807852804032304,0.0,23.47985453333333,22.62901106666667,0.0
2020-06-04 01:00:00,0.25881904510252074,0.9659258262890683,0.0,23.474029678571426,22.578498,0.0
2020-06-04 01:15:00,0.3214394653031616,0.9469301294951057,0.0,23.45170926666667,22.467801,0.0
2020-06-04 01:30:00,0.3826834323650898,0.9238795325112867,0.0,23.5328036,22.458771933333335,0.0
2020-06-04 01:45:00,0.4422886902190013,0.8968727415326883,0.0,23.61681400000001,22.61726865517241,0.0
2020-06-04 02:00:00,0.49999999999999994,0.8660254037844387,0.0,23.573609399999995,22.591768733333332,0.0
2020-06-04 02:15:00,0.5555702330196022,0.8314696123025452,0.0,23.48257872413793,22.52911786206896,0.0
2020-06-04 02:30:00,0.6087614290087207,0.7933533402912352,0.0,23.379535999999998,22.36650506666667,0.0
2020-06-04 02:45:00,0.6593458151000688,0.7518398074789774,0.0,23.489091551724133,22.323780172413795,0.0
2020-06-04 03:00:00,0.7071067811865476,0.7071067811865476,0.0,23.473553633333328,22.32298903333333,0.0
2020-06-04 03:15:00,0.7518398074789773,0.659345815100069,0.0,23.384287000000004,22.225722862068974,0.0
2020-06-04 03:30:00,0.7933533402912352,0.6087614290087207,0.0,23.351941866666667,21.98627733333333,0.0
2020-06-04 03:45:00,0.8314696123025452,0.5555702330196023,0.0,23.323459966666668,21.813084933333336,0.0
2020-06-04 04:00:00,0.8660254037844386,0.5000000000000001,0.0,23.215870896551728,21.506956931034484,0.0
2020-06-04 04:15:00,0.8968727415326884,0.44228869021900125,0.0,23.006512333333337,21.2095956,0.0
2020-06-04 04:30:00,0.9238795325112867,0.38268343236508984,0.0,23.00293793103448,21.327939724137927,0.0
2020-06-04 04:45:00,0.9469301294951057,0.3214394653031615,0.0,23.15551916666667,21.789905733333335,0.0
2020-06-04 05:00:00,0.9659258262890683,0.25881904510252074,0.0,23.291529433333327,22.05218916666667,0.0
2020-06-04 05:15:00,0.9807852804032304,0.19509032201612833,0.0,23.260269620689648,22.12411924137931,0.0
2020-06-04 05:30:00,0.9914448613738104,0.1305261922200517,0.0,23.181041900000007,21.964067633333336,0.0
2020-06-04 05:45:00,0.9978589232386035,0.06540312923014305,0.00035610304613789995,23.217326379310347,22.105368827586208,0.0
2020-06-04 06:00:00,1.0,6.123233995736766e-17,0.00682581012,23.32922356666667,22.320104066666666,129.23809523809524
2020-06-04 06:15:00,0.9978589232386035,-0.06540312923014292,0.0203257591896551,23.42791444827586,22.65980793103449,639.6866666666666
2020-06-04 06:30:00,0.9914448613738105,-0.13052619222005138,0.0435386421666666,23.6890575,23.523084533333336,1393.9985714285713
2020-06-04 06:45:00,0.9807852804032305,-0.19509032201612797,0.0712860028666666,23.98467506666666,24.883126833333336,2249.4866666666667
2020-06-04 07:00:00,0.9659258262890683,-0.25881904510252085,0.1125833156206896,24.33044337931035,26.54599527586208,3672.767619047619
2020-06-04 07:15:00,0.9469301294951057,-0.3214394653031616,0.1479487797333334,24.70950006666666,28.19929003333333,4673.952857142857
2020-06-04 07:30:00,0.9238795325112867,-0.3826834323650897,0.1676162806896552,24.904997724137925,28.62191875862069,5317.326666666667
2020-06-04 07:45:00,0.8968727415326884,-0.44228869021900113,0.23557633366666672,25.1223704,30.170912633333334,7418.511428571429
2020-06-04 08:00:00,0.8660254037844387,-0.4999999999999998,0.2613326248275861,25.454187655172408,31.7590985862069,8444.221904761904
2020-06-04 08:15:00,0.8314696123025451,-0.5555702330196023,0.405336878,26.0076823,34.365958633333335,12513.156666666666
2020-06-04 08:30:00,0.7933533402912352,-0.6087614290087207,0.36528295862068966,26.450226793103447,35.794787206896544,10997.614761904762
2020-06-04 08:45:00,0.7518398074789774,-0.6593458151000688,0.355304296,26.429873600000004,35.13495476666666,11332.6
2020-06-04 09:00:00,0.7071067811865476,-0.7071067811865475,0.4013127146666667,26.654045666666672,36.18255623333333,12684.469523809523
2020-06-04 09:15:00,0.6593458151000686,-0.7518398074789776,0.4671588324137931,27.027789862068968,38.14800303448276,14942.391904761906
2020-06-04 09:30:00,0.6087614290087204,-0.7933533402912353,0.5079747253333332,27.4964255,39.6057933,15875.43
2020-06-04 09:45:00,0.5555702330196022,-0.8314696123025453,0.511515428275862,27.648838413793104,39.44161744827587,14469.839523809524
2020-06-04 10:00:00,0.49999999999999994,-0.8660254037844387,0.7474316673333334,28.752326433333334,45.223463,14476.905714285715
2020-06-04 10:15:00,0.4422886902190013,-0.8968727415326883,0.6849686296551724,28.820756517241374,44.4616604137931,12997.784285714286
2020-06-04 10:30:00,0.3826834323650899,-0.9238795325112867,0.5005721016666665,28.779559300000003,43.550388666666656,10747.915238095238
2020-06-04 10:45:00,0.32143946530316175,-0.9469301294951056,0.2994588744827586,27.791976344827585,35.40643496551724,7692.524285714286
2020-06-04 11:00:00,0.258819045102521,-0.9659258262890682,0.6534224343333332,28.644737733333333,39.689086866666656,14204.475714285714
2020-06-04 11:15:00,0.19509032201612816,-0.9807852804032304,0.776167843,29.6499766,49.73668216666667,13853.122857142858
2020-06-04 11:30:00,0.13052619222005157,-0.9914448613738104,0.8754993144827584,30.20047648275862,50.65878303448276,16158.818571428572
2020-06-04 11:45:00,0.06540312923014312,-0.9978589232386035,0.9597550606666668,31.101126966666666,56.17383843333334,16648.401904761904
2020-06-04 12:00:00,1.2246467991473532e-16,-1.0,0.7538634593103448,31.748693,54.58599944827585,13050.385714285714
2020-06-04 12:15:00,-0.06540312923014287,-0.9978589232386035,0.6268134326666664,31.40540860000001,50.13670766666666,13170.277142857141
2020-06-04 12:30:00,-0.13052619222005132,-0.9914448613738105,1.0987660434482758,32.124079379310345,54.41021503448276,18504.201904761903
2020-06-04 12:45:00,-0.19509032201612792,-0.9807852804032305,1.0755276863333334,32.99476956666668,61.48933920000001,16493.594761904762
2020-06-04 13:00:00,-0.25881904510252035,-0.9659258262890684,0.7529416256666667,32.87322086666667,58.39144286666665,12759.353333333333
2020-06-04 13:15:00,-0.3214394653031611,-0.9469301294951058,0.9427802534482758,32.73378110344828,55.400899068965515,15369.939999999999
2020-06-04 13:30:00,-0.3826834323650892,-0.923879532511287,0.8002419046666666,32.67796206666667,55.27913416666667,12770.900952380953
2020-06-04 13:45:00,-0.44228869021900147,-0.8968727415326883,0.2616007365517241,30.92956955172414,41.087706413793114,4859.49
2020-06-04 14:00:00,-0.5000000000000001,-0.8660254037844386,0.2491807296666666,29.894924933333336,36.105009,5102.243809523809
2020-06-04 14:15:00,-0.5555702330196023,-0.8314696123025452,0.4174138455172413,29.592203206896553,37.910414206896554,10851.153333333334
2020-06-04 14:30:00,-0.6087614290087207,-0.7933533402912352,0.3781839226666667,29.9574492,39.75319209999999,11273.19619047619
2020-06-04 14:45:00,-0.6593458151000688,-0.7518398074789774,0.37542102896551727,29.019922586206896,36.56108675862069,12516.091904761905
2020-06-04 15:00:00,-0.7071067811865475,-0.7071067811865477,0.4002428519999999,28.951605299999997,37.17042136666666,13208.04619047619
2020-06-04 15:15:00,-0.7518398074789773,-0.6593458151000691,0.3241478868965516,28.692960482758625,36.04145986206896,10617.137619047619
2020-06-04 15:30:00,-0.7933533402912349,-0.6087614290087209,0.3111335316666667,28.495817033333324,35.430655966666656,10081.566666666668
2020-06-04 15:45:00,-0.8314696123025448,-0.555570233019603,0.2588776076666667,28.173362266666665,33.9577191,8610.877142857144
2020-06-04 16:00:00,-0.8660254037844385,-0.5000000000000004,0.1853187451724138,27.82616858620689,32.240811137931026,6102.664285714286
2020-06-04 16:15:00,-0.8968727415326883,-0.44228869021900136,0.2226279066666666,27.60287473333333,31.772151633333337,7442.355238095238
2020-06-04 16:30:00,-0.9238795325112868,-0.3826834323650895,0.246114384137931,27.935087000000006,33.111304999999994,8288.973333333333
2020-06-04 16:45:00,-0.9469301294951056,-0.3214394653031618,0.3044036246666667,28.583680233333336,35.29065466666667,10231.766666666666
2020-06-04 17:00:00,-0.9659258262890683,-0.25881904510252063,0.2031273489655172,28.50673903448275,34.13578827586206,6600.9138095238095
2020-06-04 17:15:00,-0.9807852804032303,-0.19509032201612866,0.1302995793333333,28.051268533333328,31.18371996666667,4325.933809523809
2020-06-04 17:30:00,-0.9914448613738104,-0.13052619222005163,0.0966307924137931,27.81005551724138,29.817801689655166,3210.4490476190476
2020-06-04 17:45:00,-0.9978589232386035,-0.06540312923014362,0.0797806046666666,27.71518943333334,29.011674033333335,2623.153333333333
2020-06-04 18:00:00,-1.0,-1.8369701987210297e-16,0.057308322758620606,27.576374896551723,28.309877620689647,1845.6666666666665
2020-06-04 18:15:00,-0.9978589232386036,0.06540312923014237,0.0334204809333333,27.462529800000002,27.48582456666667,1037.0619047619048
2020-06-04 18:30:00,-0.9914448613738104,0.13052619222005213,0.0164729437433333,27.498562499999995,26.796627866666665,485.81095238095236
2020-06-04 18:45:00,-0.9807852804032304,0.1950903220161283,0.0013895391787931,27.167746517241383,26.19345286206897,2.5599999999999996
2020-06-04 19:00:00,-0.9659258262890682,0.25881904510252113,0.0,27.061259833333327,25.8164489,0.0
2020-06-04 19:15:00,-0.9469301294951057,0.3214394653031615,0.0,26.844621344827587,25.52530424137931,0.0
2020-06-04 19:30:00,-0.9238795325112866,0.38268343236509,0.0,26.619942066666667,25.20446646666668,0.0
2020-06-04 19:45:00,-0.8968727415326884,0.442288690219001,0.0,25.886081,24.99820575862069,0.0
2020-06-04 20:00:00,-0.8660254037844386,0.5000000000000001,0.0,25.415011433333333,24.773209866666665,0.0
2020-06-04 20:15:00,-0.8314696123025455,0.5555702330196018,0.0,25.253174833333336,24.170247333333347,0.0
2020-06-04 20:30:00,-0.7933533402912352,0.6087614290087205,0.0,25.071019758620693,23.582273310344828,0.0
2020-06-04 20:45:00,-0.7518398074789777,0.6593458151000684,0.0,25.05708616666666,23.458534766666663,0.0
2020-06-04 21:00:00,-0.7071067811865477,0.7071067811865474,0.0,24.76100727586208,23.159667,0.0
2020-06-04 21:15:00,-0.6593458151000687,0.7518398074789775,0.0,24.4274142,22.75670473333333,0.0
2020-06-04 21:30:00,-0.608761429008721,0.7933533402912349,0.0,24.47409263333333,22.554964200000004,0.0
2020-06-04 21:45:00,-0.5555702330196022,0.8314696123025452,0.0,24.597594103448277,22.771948448275865,0.0
2020-06-04 22:00:00,-0.5000000000000004,0.8660254037844384,0.0,24.317472466666672,22.5268189,0.0
2020-06-04 22:15:00,-0.4422886902190014,0.8968727415326883,0.0,24.096436724137934,22.39316851724137,0.0
2020-06-04 22:30:00,-0.38268343236508956,0.9238795325112868,0.0001880975060666,24.350113966666672,23.499982766666665,0.0
2020-06-04 22:45:00,-0.32143946530316186,0.9469301294951056,8.957066999999999e-06,24.49744276666667,24.038970000000003,0.0
2020-06-04 23:00:00,-0.2588190451025207,0.9659258262890683,0.0,24.436529793103446,23.844636172413797,0.0
2020-06-04 23:15:00,-0.19509032201612872,0.9807852804032303,0.0,24.212598600000003,23.096633800000003,0.0
2020-06-04 23:30:00,-0.13052619222005168,0.9914448613738104,0.0,24.229588965517237,23.374482310344828,0.0
2020-06-04 23:45:00,-0.06540312923014367,0.9978589232386035,0.0,24.357973399999995,23.80095623333333,0.0
2020-06-05 00:00:00,0.0,1.0,0.0,24.299669068965514,23.54368431034483,0.0
2020-06-05 00:15:00,0.06540312923014306,0.9978589232386035,0.0,24.056378300000002,22.687831633333328,0.0
2020-06-05 00:30:00,0.13052619222005157,0.9914448613738104,0.0,23.762321966666665,22.111972199999997,0.0
2020-06-05 00:45:00,0.19509032201612825,0.9807852804032304,0.0,23.608251103448275,21.823795758620687,0.0
2020-06-05 01:00:00,0.25881904510252074,0.9659258262890683,0.0,23.518258666666668,21.77961946666667,0.0
2020-06-05 01:15:00,0.3214394653031616,0.9469301294951057,0.0,23.33924813793104,21.60733051724138,0.0
2020-06-05 01:30:00,0.3826834323650898,0.9238795325112867,0.0,23.214794,21.530665033333328,0.0
2020-06-05 01:45:00,0.4422886902190013,0.8968727415326883,0.0,23.100183966666663,21.412393133333328,0.0
2020-06-05 02:00:00,0.49999999999999994,0.8660254037844387,0.0,23.03813327586207,21.36666555172414,0.0
2020-06-05 02:15:00,0.5555702330196022,0.8314696123025452,0.0,23.073260366666663,21.467229300000003,0.0
2020-06-05 02:30:00,0.6087614290087207,0.7933533402912352,0.0,23.01282675862069,21.443581344827585,0.0
2020-06-05 02:45:00,0.6593458151000688,0.7518398074789774,0.0,23.018499566666662,21.6443869,0.0
2020-06-05 03:00:00,0.7071067811865476,0.7071067811865476,0.0,23.082872931034487,21.872289172413797,0.0
2020-06-05 03:15:00,0.7518398074789773,0.659345815100069,0.0,23.14973,22.048149533333333,0.0
2020-06-05 03:30:00,0.7933533402912352,0.6087614290087207,0.0,23.204861724137924,22.07574655172414,0.0
2020-06-05 03:45:00,0.8314696123025452,0.5555702330196023,0.0,23.2978301,21.964779766666656,0.0
2020-06-05 04:00:00,0.8660254037844386,0.5000000000000001,0.0,23.390664833333332,21.92678636666667,0.0
2020-06-05 04:15:00,0.8968727415326884,0.44228869021900125,0.0,23.480557241379305,22.33335506896552,0.0
2020-06-05 04:30:00,0.9238795325112867,0.38268343236508984,0.0,23.541043100000003,22.629008866666663,0.0
2020-06-05 04:45:00,0.9469301294951057,0.3214394653031615,0.0,23.550398103448273,22.658952413793106,0.0
2020-06-05 05:00:00,0.9659258262890683,0.25881904510252074,0.0,23.479852466666667,22.4354817,0.0
2020-06-05 05:15:00,0.9807852804032304,0.19509032201612833,0.0,23.508968900000003,22.6392059,0.0
2020-06-05 05:30:00,0.9914448613738104,0.1305261922200517,0.0,23.519728965517235,22.71437331034484,0.0
2020-06-05 05:45:00,0.9978589232386035,0.06540312923014305,0.000946964667,23.482278566666665,22.69325356666667,0.0
2020-06-05 06:00:00,1.0,6.123233995736766e-17,0.0061887873206896,23.48507603448276,22.861815448275863,90.63190476190476
2020-06-05 06:15:00,0.9978589232386035,-0.06540312923014292,0.0220205288,23.549790599999998,23.19854326666667,678.81
2020-06-05 06:30:00,0.9914448613738105,-0.13052619222005138,0.0441504464333333,23.611078866666663,23.604514566666662,1336.060476190476
2020-06-05 06:45:00,0.9807852804032305,-0.19509032201612797,0.0877622152413793,23.88723224137932,24.89371882758621,2772.872380952381
2020-06-05 07:00:00,0.9659258262890683,-0.25881904510252085,0.12233871350000002,24.305630600000004,26.727956066666664,3665.609523809524
2020-06-05 07:15:00,0.9469301294951057,-0.3214394653031616,0.1402624606666666,24.589041199999993,28.13851613333333,4417.034761904762
2020-06-05 07:30:00,0.9238795325112867,-0.3826834323650897,0.1549188731034483,24.88843396551725,29.011805137931034,4797.838571428571
2020-06-05 07:45:00,0.8968727415326884,-0.44228869021900113,0.200846841,24.9963226,29.5161509,6118.149523809523
2020-06-05 08:00:00,0.8660254037844387,-0.4999999999999998,0.21608561448275856,25.384290965517252,31.10287368965517,6865.586666666666
2020-06-05 08:15:00,0.8314696123025451,-0.5555702330196023,0.3888253183333333,25.930556166666666,34.080560266666666,11260.51761904762
2020-06-05 08:30:00,0.7933533402912352,-0.6087614290087207,0.5699424124137931,26.913648793103448,40.7417414137931,16717.666666666664
2020-06-05 08:45:00,0.7518398074789774,-0.6593458151000688,0.5106229946666668,27.55310173333333,43.09634683333332,15154.705714285716
2020-06-05 09:00:00,0.7071067811865476,-0.7071067811865475,0.521611014,27.474611433333337,40.47210883333334,15710.563809523808
2020-06-05 09:15:00,0.6593458151000686,-0.7518398074789776,0.8295012827586207,28.37537462068967,45.23055913793104,19992.173333333332
2020-06-05 09:30:00,0.6087614290087204,-0.7933533402912353,0.737069957,28.9215555,48.03612473333335,16325.32142857143
2020-06-05 09:45:00,0.5555702330196022,-0.8314696123025453,0.7594489110344828,29.35511203448276,47.91289651724137,16446.713333333333
2020-06-05 10:00:00,0.49999999999999994,-0.8660254037844387,0.8117192696666667,29.860947766666666,51.5000714,14142.764285714286
2020-06-05 10:15:00,0.4422886902190013,-0.8968727415326883,0.8470610855172414,30.15575227586207,50.6102051724138,13341.379047619048
2020-06-05 10:30:00,0.3826834323650899,-0.9238795325112867,0.9209433376666669,30.868526166666665,57.25780413333334,16217.586666666666
2020-06-05 10:45:00,0.32143946530316175,-0.9469301294951056,0.8930844131034482,31.095844275862067,57.40067255172414,15214.506666666666
2020-06-05 11:00:00,0.258819045102521,-0.9659258262890682,0.9164784675862069,31.44439172413793,58.12696682758621,15922.274285714286
2020-06-05 11:15:00,0.19509032201612816,-0.9807852804032304,0.9401133463333333,31.800298,56.206728200000015,13993.69619047619
2020-06-05 11:30:00,0.13052619222005157,-0.9914448613738104,0.856738870333333,32.135494,57.79458213333333,15259.310476190476
2020-06-05 11:45:00,0.06540312923014312,-0.9978589232386035,0.3769944793103448,31.144323896551725,45.17489596551725,7478.4
2020-06-05 12:00:00,1.2246467991473532e-16,-1.0,0.9867557566666668,31.854984566666666,51.42422273333334,17580.79
2020-06-05 12:15:00,-0.06540312923014287,-0.9978589232386035,0.9660673,32.97867465517242,59.29117017241379,18622.959523809524
2020-06-05 12:30:00,-0.13052619222005132,-0.9914448613738105,0.9897816713333332,33.09526663333333,59.620575933333335,18031.703333333335
2020-06-05 12:45:00,-0.19509032201612792,-0.9807852804032305,0.765350568275862,33.23081796551725,59.02635358620691,15555.786666666667
2020-06-05 13:00:00,-0.25881904510252035,-0.9659258262890684,0.7339340326666665,33.12394726666667,52.78040236666666,14436.37380952381
2020-06-05 13:15:00,-0.3214394653031611,-0.9469301294951058,1.0410162006896553,33.690490586206906,58.17828634482759,18667.405238095238
2020-06-05 13:30:00,-0.3826834323650892,-0.923879532511287,0.3470472646666668,32.81328523333334,49.790734833333325,6548.303333333332
2020-06-05 13:45:00,-0.44228869021900147,-0.8968727415326883,0.2062072193333333,30.93428653333333,36.944321733333325,5243.0257142857145
2020-06-05 14:00:00,-0.5000000000000001,-0.8660254037844386,0.24050961137931026,29.49830575862069,33.69434131034483,8337.27
2020-06-05 14:15:00,-0.5555702330196023,-0.8314696123025452,0.2848750106666667,29.63805436666667,34.26934706666667,9925.597142857143
2020-06-05 14:30:00,-0.6087614290087207,-0.7933533402912352,0.3482828503448275,30.180354724137928,36.60531837931034,11630.614285714286
2020-06-05 14:45:00,-0.6593458151000688,-0.7518398074789774,0.2557180766666666,30.379783166666662,35.84586903333333,8641.310476190476
2020-06-05 15:00:00,-0.7071067811865475,-0.7071067811865477,0.3145418731034483,29.51141865517241,35.19934613793103,10815.386666666667
2020-06-05 15:15:00,-0.7518398074789773,-0.6593458151000691,0.3843689899999999,29.53526189999999,36.872007466666666,12778.869047619048
2020-06-05 15:30:00,-0.7933533402912349,-0.6087614290087209,0.3375091299999999,29.233108103448277,36.75918268965517,11285.28380952381
2020-06-05 15:45:00,-0.8314696123025448,-0.555570233019603,0.2552887386666667,29.071617666666665,34.94572446666666,8581.575238095238
2020-06-05 16:00:00,-0.8660254037844385,-0.5000000000000004,0.2302861731034482,29.295579379310343,34.458113310344835,7666.6776190476185
2020-06-05 16:15:00,-0.8968727415326883,-0.44228869021900136,0.2247399976666666,29.42905259999999,34.010382,7634.246666666667
2020-06-05 16:30:00,-0.9238795325112868,-0.3826834323650895,0.338446496,30.14625143333334,35.39622016666666,11258.522380952381
2020-06-05 16:45:00,-0.9469301294951056,-0.3214394653031618,0.3993899403448275,31.83841051724137,41.189445689655166,13726.013333333332
2020-06-05 17:00:00,-0.9659258262890683,-0.25881904510252063,0.288733524137931,31.01463672413793,37.4139605862069,9899.761904761905
2020-06-05 17:15:00,-0.9807852804032303,-0.19509032201612866,0.20342601883333333,30.78587326666667,35.49428416666667,6758.865714285714
2020-06-05 17:30:00,-0.9914448613738104,-0.13052619222005163,0.129202366,30.219437241379318,32.59782675862069,4207.5461904761905
2020-06-05 17:45:00,-0.9978589232386035,-0.06540312923014362,0.1223071633333333,30.03724260000001,31.97617083333333,3998.8438095238093
2020-06-05 18:00:00,-1.0,-1.8369701987210297e-16,0.052823121310344806,29.26668989655172,29.949845931034485,1643.3885714285714
2020-06-05 18:15:00,-0.9978589232386036,0.06540312923014237,0.028108940666666596,28.38648066666667,28.267755066666663,880.327619047619
2020-06-05 18:30:00,-0.9914448613738104,0.13052619222005213,0.0139561956793103,28.04684668965518,27.304832724137928,426.3666666666666
2020-06-05 18:45:00,-0.9807852804032304,0.1950903220161283,0.0022514848816666,27.9624705,26.973165933333334,4.526666666666667
2020-06-05 19:00:00,-0.9659258262890682,0.25881904510252113,0.0,27.811192000000002,26.976147827586203,0.0
2020-06-05 19:15:00,-0.9469301294951057,0.3214394653031615,0.0,27.6333039,26.9026762,0.0
2020-06-05 19:30:00,-0.9238795325112866,0.38268343236509,0.0,27.510825448275863,26.629292448275866,0.0
2020-06-05 19:45:00,-0.8968727415326884,0.442288690219001,0.0,27.453949366666667,26.548000133333332,0.0
2020-06-05 20:00:00,-0.8660254037844386,0.5000000000000001,0.0,27.255858266666667,26.33677163333333,0.0
2020-06-05 20:15:00,-0.8314696123025455,0.5555702330196018,0.0,26.938064999999998,25.62583444827586,0.0
2020-06-05 20:30:00,-0.7933533402912352,0.6087614290087205,0.0,26.712303966666664,25.2134765,0.0
2020-06-05 20:45:00,-0.7518398074789777,0.6593458151000684,0.0,26.518727241379306,25.019571206896554,0.0
2020-06-05 21:00:00,-0.7071067811865477,0.7071067811865474,0.0,26.30304063333333,24.756474833333332,0.0
2020-06-05 21:15:00,-0.6593458151000687,0.7518398074789775,0.0,26.12902620689655,24.53709872413793,0.0
2020-06-05 21:30:00,-0.608761429008721,0.7933533402912349,0.0,25.942817266666665,24.318805933333337,0.0
2020-06-05 21:45:00,-0.5555702330196022,0.8314696123025452,0.0,25.792556172413796,24.152764758620688,0.0
2020-06-05 22:00:00,-0.5000000000000004,0.8660254037844384,0.0,25.5582213,23.9446586,0.0
2020-06-05 22:15:00,-0.4422886902190014,0.8968727415326883,0.0,25.354045533333327,23.63304446666667,0.0
2020-06-05 22:30:00,-0.38268343236508956,0.9238795325112868,0.0,25.245068689655174,23.50212368965517,0.0
2020-06-05 22:45:00,-0.32143946530316186,0.9469301294951056,0.0,25.0918865,23.4060833,0.0
2020-06-05 23:00:00,-0.2588190451025207,0.9659258262890683,0.0,24.87186710344828,23.09075196551724,0.0
2020-06-05 23:15:00,-0.19509032201612872,0.9807852804032303,0.0,24.566193666666667,22.65855713333333,0.0
2020-06-05 23:30:00,-0.13052619222005168,0.9914448613738104,0.0,24.2827841,22.1539898,0.0
2020-06-05 23:45:00,-0.06540312923014367,0.9978589232386035,0.0,24.27867286206897,22.059910206896557,0.0
2020-06-06 00:00:00,0.0,1.0,0.0,24.257707413793096,22.235346448275855,0.0
2020-06-06 00:15:00,0.06540312923014306,0.9978589232386035,0.0,24.15239563333333,22.20056783333333,0.0
2020-06-06 00:30:00,0.13052619222005157,0.9914448613738104,0.0,24.016052366666667,22.0070414,0.0
2020-06-06 00:45:00,0.19509032201612825,0.9807852804032304,0.0,23.651342034482756,21.56589262068966,0.0
2020-06-06 01:00:00,0.25881904510252074,0.9659258262890683,0.0,23.357765766666663,21.0108591,0.0
2020-06-06 01:15:00,0.3214394653031616,0.9469301294951057,0.0,23.185933413793105,20.85564748275862,0.0
2020-06-06 01:30:00,0.3826834323650898,0.9238795325112867,0.0,23.313764400000004,21.180877566666663,0.0
2020-06-06 01:45:00,0.4422886902190013,0.8968727415326883,0.0,23.393579366666668,21.341383833333325,0.0
2020-06-06 02:00:00,0.49999999999999994,0.8660254037844387,0.0,23.459976999999995,21.39655596551724,0.0
2020-06-06 02:15:00,0.5555702330196022,0.8314696123025452,0.0,23.587245699999997,21.49099636666667,0.0
2020-06-06 02:30:00,0.6087614290087207,0.7933533402912352,0.0,23.591150724137933,21.61104520689655,0.0
2020-06-06 02:45:00,0.6593458151000688,0.7518398074789774,0.0,23.648073466666663,21.750159833333328,0.0
2020-06-06 03:00:00,0.7071067811865476,0.7071067811865476,0.0,23.584800166666675,21.643939133333333,0.0
2020-06-06 03:15:00,0.7518398074789773,0.659345815100069,0.0,23.494155482758615,21.507689448275865,0.0
2020-06-06 03:30:00,0.7933533402912352,0.6087614290087207,0.0,23.261666033333327,21.1863811,0.0
2020-06-06 03:45:00,0.8314696123025452,0.5555702330196023,0.0,23.115232379310346,21.08884089655172,0.0
2020-06-06 04:00:00,0.8660254037844386,0.5000000000000001,0.0,22.9585633,20.935689266666667,0.0
2020-06-06 04:15:00,0.8968727415326884,0.44228869021900125,0.0,22.94561556666666,20.97243453333333,0.0
2020-06-06 04:30:00,0.9238795325112867,0.38268343236508984,0.0,22.830030551724136,20.66645751724138,0.0
2020-06-06 04:45:00,0.9469301294951057,0.3214394653031615,0.0,22.671417799999997,20.410071833333337,0.0
2020-06-06 05:00:00,0.9659258262890683,0.25881904510252074,0.0,22.49378806896552,20.26512306896552,0.0
2020-06-06 05:15:00,0.9807852804032304,0.19509032201612833,0.0,22.4207661,20.667648266666667,0.0
2020-06-06 05:30:00,0.9914448613738104,0.1305261922200517,0.000170197794,22.752984533333333,21.61125286666667,0.0
2020-06-06 05:45:00,0.9978589232386035,0.06540312923014305,0.0022187049999999,22.99405113793104,22.174195482758623,0.0
2020-06-06 06:00:00,1.0,6.123233995736766e-17,0.0112176982966666,23.30265906666666,22.519347000000003,281.1738095238095
2020-06-06 06:15:00,0.9978589232386035,-0.06540312923014292,0.039975013275862,23.437398206896543,22.598345551724144,1226.767619047619
2020-06-06 06:30:00,0.9914448613738105,-0.13052619222005138,0.0669742794333333,23.51485103333333,22.783393366666665,2169.257619047619
2020-06-06 06:45:00,0.9807852804032305,-0.19509032201612797,0.0990314326333333,23.763258866666664,23.5155965,3258.8890476190477
2020-06-06 07:00:00,0.9659258262890683,-0.25881904510252085,0.1035580991724137,23.988086655172413,23.94391496551724,3135.06
2020-06-06 07:15:00,0.9469301294951057,-0.3214394653031616,0.1264609238,24.45689706666667,25.51412863333333,3949.5128571428572
2020-06-06 07:30:00,0.9238795325112867,-0.3826834323650897,0.0926935086896552,24.786753655172404,27.661382,2988.22
2020-06-06 07:45:00,0.8968727415326884,-0.44228869021900113,0.09847496469999989,25.030941833333337,27.788045166666663,3196.902857142857
2020-06-06 08:00:00,0.8660254037844387,-0.4999999999999998,0.3068662096999999,25.49413963333333,29.939916999999994,9071.19238095238
2020-06-06 08:15:00,0.8314696123025451,-0.5555702330196023,0.4379504958620691,26.394803862068965,34.884872,12078.373333333333
2020-06-06 08:30:00,0.7933533402912352,-0.6087614290087207,0.523857548275862,26.75089648275862,36.62601551724138,14679.499523809523
2020-06-06 08:45:00,0.7518398074789774,-0.6593458151000688,0.6070096273333331,27.549927799999992,40.55805866666666,17790.186666666665
2020-06-06 09:00:00,0.7071067811865476,-0.7071067811865475,0.6860303113793103,28.04765996551724,43.36259075862068,14699.395714285714
2020-06-06 09:15:00,0.6593458151000686,-0.7518398074789776,0.6343520436666668,28.78070263333333,45.031092333333326,13640.915714285713
2020-06-06 09:30:00,0.6087614290087204,-0.7933533402912353,0.7935803124137931,29.180171655172412,46.954691,15750.037142857143
2020-06-06 09:45:00,0.5555702330196022,-0.8314696123025453,0.777368767,29.725547233333337,48.61546923333333,15745.019523809524
2020-06-06 10:00:00,0.49999999999999994,-0.8660254037844387,0.8195056796551724,30.041596448275865,48.64038486206896,15845.546666666667
2020-06-06 10:15:00,0.4422886902190013,-0.8968727415326883,0.9304451733333333,30.465758200000003,50.2786683,17255.509047619045
2020-06-06 10:30:00,0.3826834323650899,-0.9238795325112867,0.9047742513793104,30.91483696551724,52.22521124137931,16190.886666666667
2020-06-06 10:45:00,0.32143946530316175,-0.9469301294951056,0.7781043136666667,31.2275971,51.43876219999999,15191.64
2020-06-06 11:00:00,0.258819045102521,-0.9659258262890682,0.8986351363333331,31.370819200000003,51.4211039,14996.684761904762
2020-06-06 11:15:00,0.19509032201612816,-0.9807852804032304,0.9665070324137932,31.71385662068965,50.96932248275862,15787.213333333333
2020-06-06 11:30:00,0.13052619222005157,-0.9914448613738104,0.9196529563333332,31.846965466666674,51.40178016666665,14228.763333333332
2020-06-06 11:45:00,0.06540312923014312,-0.9978589232386035,0.6850179193103448,31.973839034482754,50.84958951724138,10774.28
2020-06-06 12:00:00,1.2246467991473532e-16,-1.0,0.7678985600000001,31.96285086666666,47.906496,12062.13619047619
2020-06-06 12:15:00,-0.06540312923014287,-0.9978589232386035,1.057177322758621,32.69831372413792,54.08856196551724,17441.793333333335
2020-06-06 12:30:00,-0.13052619222005132,-0.9914448613738105,0.9333714176666664,33.205486266666675,54.560926466666665,16864.46
2020-06-06 12:45:00,-0.19509032201612792,-0.9807852804032305,0.7335446696666668,32.931952900000006,51.8567483,12143.041428571429
2020-06-06 13:00:00,-0.25881904510252035,-0.9659258262890684,0.7341478331034483,32.7179712413793,48.90678351724137,12155.746666666668
2020-06-06 13:15:00,-0.3214394653031611,-0.9469301294951058,0.6798200769999999,33.108047433333326,50.9386718,10740.44476190476
2020-06-06 13:30:00,-0.3826834323650892,-0.923879532511287,0.4951624596551724,32.78759551724137,44.116876,8591.726666666666
2020-06-06 13:45:00,-0.44228869021900147,-0.8968727415326883,0.9615564936666668,33.40182720000001,50.22457696666666,16228.28857142857
2020-06-06 14:00:00,-0.5000000000000001,-0.8660254037844386,0.7324320716666667,33.672830999999995,50.96203513333333,14447.982380952382
2020-06-06 14:15:00,-0.5555702330196023,-0.8314696123025452,0.5902133286206898,33.70628806896551,48.71173606896551,10575.859999999999
2020-06-06 14:30:00,-0.6087614290087207,-0.7933533402912352,0.6034468239999998,33.37743563333333,46.94832373333332,0.0
2020-06-06 14:45:00,-0.6593458151000688,-0.7518398074789774,0.7809350141379311,33.90886600000001,50.27579265517241,8405.513333333332
2020-06-06 15:00:00,-0.7071067811865475,-0.7071067811865477,0.7187795,34.1249076,50.734835633333326,8794.329523809523
2020-06-06 15:15:00,-0.7518398074789773,-0.6593458151000691,0.4949221663333334,33.745831433333336,45.243807166666656,13443.60619047619
2020-06-06 15:30:00,-0.7933533402912349,-0.6087614290087209,0.4625425624137931,33.55847272413793,43.637593172413794,14343.626666666667
2020-06-06 15:45:00,-0.8314696123025448,-0.555570233019603,0.43148391599999997,33.728520800000005,43.85829163333334,14951.698095238095
2020-06-06 16:00:00,-0.8660254037844385,-0.5000000000000004,0.4610003879310345,33.60346196551725,43.50400713793103,15176.876666666667
2020-06-06 16:15:00,-0.8968727415326883,-0.44228869021900136,0.4327976923333333,33.714940433333325,42.38712886666667,14177.82238095238
2020-06-06 16:30:00,-0.9238795325112868,-0.3826834323650895,0.3867017306896553,33.60099113793103,41.21095117241379,13029.96
2020-06-06 16:45:00,-0.9469301294951056,-0.3214394653031618,0.33048664,33.657895066666654,40.12103706666667,11189.726666666666
2020-06-06 17:00:00,-0.9659258262890683,-0.25881904510252063,0.2656780362068965,33.36201868965518,38.70877489655173,9003.86619047619
2020-06-06 17:15:00,-0.9807852804032303,-0.19509032201612866,0.2082114653333333,33.07268886666666,37.05692040000001,6942.203333333333
2020-06-06 17:30:00,-0.9914448613738104,-0.13052619222005163,0.145503933137931,32.425569413793085,34.998486896551725,4717.907142857142
2020-06-06 17:45:00,-0.9978589232386035,-0.06540312923014362,0.11473727350000001,31.981884566666665,33.544722433333334,3651.6800000000003
2020-06-06 18:00:00,-1.0,-1.8369701987210297e-16,0.0715695982666666,31.524796600000005,32.09003803333333,2266.7133333333336
2020-06-06 18:15:00,-0.9978589232386036,0.06540312923014237,0.03898931,30.778523310344827,30.55973224137931,1234.7333333333333
2020-06-06 18:30:00,-0.9914448613738104,0.13052619222005213,0.0180381478,30.2812236,29.554166566666677,576.6333333333333
2020-06-06 18:45:00,-0.9807852804032304,0.1950903220161283,0.0021596940082758,29.741580172413794,28.65536179310345,27.75095238095238
2020-06-06 19:00:00,-0.9659258262890682,0.25881904510252113,0.0,29.31851086666666,27.892811,0.0
2020-06-06 19:15:00,-0.9469301294951057,0.3214394653031615,0.0,28.99656524137931,27.534605931034488,0.0
2020-06-06 19:30:00,-0.9238795325112866,0.38268343236509,0.0,28.65788573333333,27.18081766666667,0.0
2020-06-06 19:45:00,-0.8968727415326884,0.442288690219001,0.0,28.30447703448276,26.77728789655172,0.0
2020-06-06 20:00:00,-0.8660254037844386,0.5000000000000001,0.0,27.945987933333335,26.595780333333337,0.0
2020-06-06 20:15:00,-0.8314696123025455,0.5555702330196018,0.0,27.28807434482758,26.094200310344828,0.0
2020-06-06 20:30:00,-0.7933533402912352,0.6087614290087205,0.0,26.9000774,25.643047066666664,0.0
2020-06-06 20:45:00,-0.7518398074789777,0.6593458151000684,0.0,26.508464931034485,25.122009275862066,0.0
2020-06-06 21:00:00,-0.7071067811865477,0.7071067811865474,0.0,26.190946399999998,24.84469293333333,0.0
2020-06-06 21:15:00,-0.6593458151000687,0.7518398074789775,0.0,25.930950999999997,24.553591933333333,0.0
2020-06-06 21:30:00,-0.608761429008721,0.7933533402912349,0.0,25.632065241379312,24.26279,0.0
2020-06-06 21:45:00,-0.5555702330196022,0.8314696123025452,0.0,25.3672495,24.029856533333337,0.0
2020-06-06 22:00:00,-0.5000000000000004,0.8660254037844384,0.0,25.177572344827592,23.724282206896557,0.0
2020-06-06 22:15:00,-0.4422886902190014,0.8968727415326883,0.0,25.0475006,23.534215333333336,0.0
2020-06-06 22:30:00,-0.38268343236508956,0.9238795325112868,0.0,24.92164444827586,23.524222482758617,0.0
2020-06-06 22:45:00,-0.32143946530316186,0.9469301294951056,0.0,24.808846000000003,23.3340862,0.0
2020-06-06 23:00:00,-0.2588190451025207,0.9659258262890683,0.0,24.802834999999995,23.34043683333333,0.0
2020-06-06 23:15:00,-0.19509032201612872,0.9807852804032303,0.0,24.732900586206895,23.273788,0.0
2020-06-06 23:30:00,-0.13052619222005168,0.9914448613738104,0.0,24.57907726666667,22.9552134,0.0
2020-06-06 23:45:00,-0.06540312923014367,0.9978589232386035,0.0,24.53218868965517,22.799637344827584,0.0
2020-06-07 00:00:00,0.0,1.0,0.0,24.3857169,22.619037899999995,0.0
2020-06-07 00:15:00,0.06540312923014306,0.9978589232386035,0.0,24.392174500000007,22.688972866666663,0.0
2020-06-07 00:30:00,0.13052619222005157,0.9914448613738104,0.0,24.359045827586204,22.73495910344828,0.0
2020-06-07 00:45:00,0.19509032201612825,0.9807852804032304,0.0,24.391694266666665,22.958560066666656,0.0
2020-06-07 01:00:00,0.25881904510252074,0.9659258262890683,0.0,24.30218727586206,22.827804275862068,0.0
2020-06-07 01:15:00,0.3214394653031616,0.9469301294951057,0.0,24.342613866666667,22.832511500000003,0.0
2020-06-07 01:30:00,0.3826834323650898,0.9238795325112867,0.0,24.3064719,22.95313816666667,0.0
2020-06-07 01:45:00,0.4422886902190013,0.8968727415326883,0.0,24.194853655172405,22.8620615862069,0.0
2020-06-07 02:00:00,0.49999999999999994,0.8660254037844387,0.0,23.98508816666667,22.50505680000001,0.0
2020-06-07 02:15:00,0.5555702330196022,0.8314696123025452,0.0,23.82529931034483,22.16628610344828,0.0
2020-06-07 02:30:00,0.6087614290087207,0.7933533402912352,0.0,23.664291366666667,21.830670166666664,0.0
2020-06-07 02:45:00,0.6593458151000688,0.7518398074789774,0.0,23.31627113333333,21.218171166666664,0.0
2020-06-07 03:00:00,0.7071067811865476,0.7071067811865476,0.0,23.140631310344837,21.037621965517243,0.0
2020-06-07 03:15:00,0.7518398074789773,0.659345815100069,0.0,23.056502233333333,21.101725266666666,0.0
2020-06-07 03:30:00,0.7933533402912352,0.6087614290087207,0.0,23.4088904137931,21.518097999999995,0.0
2020-06-07 03:45:00,0.8314696123025452,0.5555702330196023,7.678045999999997e-06,23.646175233333327,22.129058866666668,0.0
2020-06-07 04:00:00,0.8660254037844386,0.5000000000000001,9.085707020000002e-05,23.873299,23.0493317,0.0
2020-06-07 04:15:00,0.8968727415326884,0.44228869021900125,0.0,23.925614689655177,23.242368655172413,0.0
2020-06-07 04:30:00,0.9238795325112867,0.38268343236508984,0.0,23.995880266666667,23.3759725,0.0
2020-06-07 04:45:00,0.9469301294951057,0.3214394653031615,0.0,23.932555033333333,23.03222253333333,0.0
2020-06-07 05:00:00,0.9659258262890683,0.25881904510252074,0.0,23.76671406896552,22.608825724137933,0.0
2020-06-07 05:15:00,0.9807852804032304,0.19509032201612833,0.0,23.3882874,22.1521474,0.0
2020-06-07 05:30:00,0.9914448613738104,0.1305261922200517,0.0,23.313739655172416,22.205520310344827,0.0
2020-06-07 05:45:00,0.9978589232386035,0.06540312923014305,0.0020051966493333,23.30409250000001,22.277756933333333,0.0
2020-06-07 06:00:00,1.0,6.123233995736766e-17,0.01179843906,23.327774966666667,22.424058966666664,315.74809523809523
2020-06-07 06:15:00,0.9978589232386035,-0.06540312923014292,0.0303361282413793,23.454492137931037,22.843351172413797,926.0866666666667
2020-06-07 06:30:00,0.9914448613738105,-0.13052619222005138,0.04945928539999989,23.67883903333333,23.679221666666663,1488.0438095238094
2020-06-07 06:45:00,0.9807852804032305,-0.19509032201612797,0.0546033535172413,23.861757310344828,24.523913241379308,1651.7614285714285
2020-06-07 07:00:00,0.9659258262890683,-0.25881904510252085,0.0703298707,24.029326533333336,25.32207020000001,2172.0438095238096
2020-06-07 07:15:00,0.9469301294951057,-0.3214394653031616,0.0909268875,24.345213866666665,26.292043033333325,2803.1214285714286
2020-06-07 07:30:00,0.9238795325112867,-0.3826834323650897,0.1467895927586206,24.664387655172412,27.797247517241377,4642.453333333333
2020-06-07 07:45:00,0.8968727415326884,-0.44228869021900113,0.22647593200000002,25.2397206,30.733236733333328,7288.704761904762
2020-06-07 08:00:00,0.8660254037844387,-0.4999999999999998,0.21999846689655167,25.77827624137931,32.73560606896552,6712.143333333333
2020-06-07 08:15:00,0.8314696123025451,-0.5555702330196023,0.3211485096666666,25.902603233333323,33.65886329999999,10439.021904761905
2020-06-07 08:30:00,0.7933533402912352,-0.6087614290087207,0.3440621627586207,26.49719124137931,36.86738248275863,11176.593809523809
2020-06-07 08:45:00,0.7518398074789774,-0.6593458151000688,0.5138264700000001,27.04438073333333,39.0137531,15984.693333333333
2020-06-07 09:00:00,0.7071067811865476,-0.7071067811865475,0.5373073253333333,27.667932033333333,40.99160059999999,17379.062857142857
2020-06-07 09:15:00,0.6593458151000686,-0.7518398074789776,0.710892114137931,28.494635206896547,43.01073889655173,13467.516666666666
2020-06-07 09:30:00,0.6087614290087204,-0.7933533402912353,0.8125590883333333,29.140061533333327,49.17093513333332,3193.0099999999998
2020-06-07 09:45:00,0.5555702330196022,-0.8314696123025453,0.846722508965517,30.203821413793104,53.47384431034482,14880.955238095237
2020-06-07 10:00:00,0.49999999999999994,-0.8660254037844387,0.8726596406666668,30.354510433333335,54.12945963333334,14644.926666666666
2020-06-07 10:15:00,0.4422886902190013,-0.8968727415326883,0.9375678951724136,30.910610862068964,55.755181586206895,14499.562380952382
2020-06-07 10:30:00,0.3826834323650899,-0.9238795325112867,0.7992798963333333,31.14486896666667,53.88275476666667,13597.523333333333
2020-06-07 10:45:00,0.32143946530316175,-0.9469301294951056,0.5872014193333333,30.656612133333336,47.68844996666667,10727.977142857142
2020-06-07 11:00:00,0.258819045102521,-0.9659258262890682,0.6607782920689654,30.802704931034487,48.10768699999999,11363.593333333332
2020-06-07 11:15:00,0.19509032201612816,-0.9807852804032304,0.7916990476666667,31.279829933333335,49.56139226666667,12183.68
2020-06-07 11:30:00,0.13052619222005157,-0.9914448613738104,0.8945636462068964,31.66923168965517,53.56500248275861,13211.36
2020-06-07 11:45:00,0.06540312923014312,-0.9978589232386035,0.8207219526666667,31.714211966666667,49.82322993333332,13384.83
2020-06-07 12:00:00,1.2246467991473532e-16,-1.0,0.9401011872413793,32.61345410344827,56.431411103448255,14402.409047619049
2020-06-07 12:15:00,-0.06540312923014287,-0.9978589232386035,1.0313671876666668,32.843473100000004,56.15691226666667,16081.84
2020-06-07 12:30:00,-0.13052619222005132,-0.9914448613738105,1.0608216526666665,33.394238200000004,60.12068173333333,15318.98380952381
2020-06-07 12:45:00,-0.19509032201612792,-0.9807852804032305,0.7966550186206898,32.92408189655172,55.86176493103448,11766.003809523809
2020-06-07 13:00:00,-0.25881904510252035,-0.9659258262890684,0.6859530023333332,32.72522613333333,50.915576066666674,10482.791428571429
2020-06-07 13:15:00,-0.3214394653031611,-0.9469301294951058,0.7973102444827586,33.03033251724138,49.4143646551724,13292.390476190478
2020-06-07 13:30:00,-0.3826834323650892,-0.923879532511287,0.7106564423333332,33.60120353333335,53.343462,12719.326666666668
2020-06-07 13:45:00,-0.44228869021900147,-0.8968727415326883,0.7980341431034484,33.778215,54.16132220689655,14140.407142857142
2020-06-07 14:00:00,-0.5000000000000001,-0.8660254037844386,0.7937635736666667,33.454995533333324,53.975506666666654,14029.789047619048
2020-06-07 14:15:00,-0.5555702330196023,-0.8314696123025452,0.7399742059999999,32.816685066666686,50.00570463333335,16051.745714285715
2020-06-07 14:30:00,-0.6087614290087207,-0.7933533402912352,0.7410701599999999,33.3852034137931,52.575669,15500.199999999999
2020-06-07 14:45:00,-0.6593458151000688,-0.7518398074789774,0.734267409,33.7029401,52.67560216666666,15282.536190476188
2020-06-07 15:00:00,-0.7071067811865475,-0.7071067811865477,0.5456832444827587,33.60650644827587,48.546923344827604,12328.40857142857
2020-06-07 15:15:00,-0.7518398074789773,-0.6593458151000691,0.5886498649999999,33.931534,49.6021231,409.12666666666667
2020-06-07 15:30:00,-0.7933533402912349,-0.6087614290087209,0.5693968248275862,34.03528106896551,49.24357441379311,3958.3952380952383
2020-06-07 15:45:00,-0.8314696123025448,-0.555570233019603,0.4384509096666665,33.72255250000001,46.05866300000001,14233.26
2020-06-07 16:00:00,-0.8660254037844385,-0.5000000000000004,0.1739167188,32.030420966666675,37.55164403333334,5445.363809523809
2020-06-07 16:15:00,-0.8968727415326883,-0.44228869021900136,0.3473763027931034,30.78578237931034,32.54686437931036,11327.106666666667
2020-06-07 16:30:00,-0.9238795325112868,-0.3826834323650895,0.22887792866666656,31.264936366666664,36.13893116666667,7708.201904761904
2020-06-07 16:45:00,-0.9469301294951056,-0.3214394653031618,0.1319833670344827,31.393933689655174,33.76577124137931,4167.238571428571
2020-06-07 17:00:00,-0.9659258262890683,-0.25881904510252063,0.2230345256666667,31.5385315,34.34889863333335,7218.8533333333335
2020-06-07 17:15:00,-0.9807852804032303,-0.19509032201612866,0.1942116008,31.88112573333333,35.58254099999999,6386.385714285714
2020-06-07 17:30:00,-0.9914448613738104,-0.13052619222005163,0.161588177413793,31.704619137931036,34.333354206896544,5228.82
2020-06-07 17:45:00,-0.9978589232386035,-0.06540312923014362,0.1146412660333333,31.492607700000004,33.12576496666667,3630.150476190476
2020-06-07 18:00:00,-1.0,-1.8369701987210297e-16,0.0681029844137931,31.154428241379318,31.562369620689655,2090.7395238095237
2020-06-07 18:15:00,-0.9978589232386036,0.06540312923014237,0.0422383711666666,30.512081933333334,30.234020866666665,1278.2733333333333
2020-06-07 18:30:00,-0.9914448613738104,0.13052619222005213,0.0192496679655172,29.778644275862074,29.073859931034484,603.7152380952381
2020-06-07 18:45:00,-0.9807852804032304,0.1950903220161283,0.0037315805733333,29.29894416666667,28.245228,62.05619047619047
2020-06-07 19:00:00,-0.9659258262890682,0.25881904510252113,2.558505556666667e-05,28.9192829,27.581437100000002,0.0
2020-06-07 19:15:00,-0.9469301294951057,0.3214394653031615,0.0,28.54377696551724,27.12873793103449,0.0
2020-06-07 19:30:00,-0.9238795325112866,0.38268343236509,0.0,28.209814499999997,26.85495193333333,0.0
2020-06-07 19:45:00,-0.8968727415326884,0.442288690219001,0.0,28.01138,26.64253906896552,0.0
2020-06-07 20:00:00,-0.8660254037844386,0.5000000000000001,0.0,27.747610366666667,26.298777366666663,0.0
2020-06-07 20:15:00,-0.8314696123025455,0.5555702330196018,0.0,27.481502172413794,26.08121555172413,0.0
2020-06-07 20:30:00,-0.7933533402912352,0.6087614290087205,0.0,27.152643666666663,25.8109556,0.0
2020-06-07 20:45:00,-0.7518398074789777,0.6593458151000684,0.0,26.817372448275865,25.502152,0.0
2020-06-07 21:00:00,-0.7071067811865477,0.7071067811865474,0.0,26.631459366666665,25.255108466666663,0.0
2020-06-07 21:15:00,-0.6593458151000687,0.7518398074789775,0.0,26.52411093103448,25.14388613793104,0.0
2020-06-07 21:30:00,-0.608761429008721,0.7933533402912349,0.0,26.3899577,25.038738866666662,0.0
2020-06-07 21:45:00,-0.5555702330196022,0.8314696123025452,0.0,26.28570472413793,24.954618137931046,0.0
2020-06-07 22:00:00,-0.5000000000000004,0.8660254037844384,0.0,26.128687533333338,24.840749300000002,0.0
2020-06-07 22:15:00,-0.4422886902190014,0.8968727415326883,0.0,26.035083033333333,24.780201466666657,0.0
2020-06-07 22:30:00,-0.38268343236508956,0.9238795325112868,0.0,25.864310586206894,24.63717220689655,0.0
2020-06-07 22:45:00,-0.32143946530316186,0.9469301294951056,0.0,25.652661066666663,24.3556925,0.0
2020-06-07 23:00:00,-0.2588190451025207,0.9659258262890683,0.0,25.51786096551724,24.23969134482758,0.0
2020-06-07 23:15:00,-0.19509032201612872,0.9807852804032303,0.0,25.376384266666665,24.021863866666653,0.0
2020-06-07 23:30:00,-0.13052619222005168,0.9914448613738104,0.0,25.253462275862077,23.747111379310343,0.0
2020-06-07 23:45:00,-0.06540312923014367,0.9978589232386035,0.0,25.127188266666664,23.5922253,0.0
2020-06-08 00:00:00,0.0,1.0,0.0,24.993941655172417,23.46560568965517,0.0
2020-06-08 00:15:00,0.06540312923014306,0.9978589232386035,0.0,24.852965133333328,23.282042633333337,0.0
2020-06-08 00:30:00,0.13052619222005157,0.9914448613738104,0.0,24.749431517241383,23.031024793103448,0.0
2020-06-08 00:45:00,0.19509032201612825,0.9807852804032304,0.0,24.5821158,22.699346966666667,0.0
2020-06-08 01:00:00,0.25881904510252074,0.9659258262890683,0.0,24.471458758620688,22.484646517241377,0.0
2020-06-08 01:15:00,0.3214394653031616,0.9469301294951057,0.0,24.42198093333333,22.509365933333328,0.0
2020-06-08 01:30:00,0.3826834323650898,0.9238795325112867,0.0,24.31886606666666,22.5281493,0.0
2020-06-08 01:45:00,0.4422886902190013,0.8968727415326883,0.0,24.233158517241385,22.51216286206897,0.0
2020-06-08 02:00:00,0.49999999999999994,0.8660254037844387,0.0,24.168630800000003,22.469710366666664,0.0
2020-06-08 02:15:00,0.5555702330196022,0.8314696123025452,0.0,24.182082689655168,22.57848182758621,0.0
2020-06-08 02:30:00,0.6087614290087207,0.7933533402912352,0.0,24.277361200000005,23.1083049,0.0
2020-06-08 02:45:00,0.6593458151000688,0.7518398074789774,0.0,24.488492933333337,23.68562743333333,0.0
2020-06-08 03:00:00,0.7071067811865476,0.7071067811865476,0.0,24.461681586206904,23.499139379310346,0.0
2020-06-08 03:15:00,0.7518398074789773,0.659345815100069,0.0,24.351066133333333,23.058846066666664,0.0
2020-06-08 03:30:00,0.7933533402912352,0.6087614290087207,0.0,24.2730491724138,22.993584862068968,0.0
2020-06-08 03:45:00,0.8314696123025452,0.5555702330196023,0.0,24.28570359999999,23.15494693333333,0.0
2020-06-08 04:00:00,0.8660254037844386,0.5000000000000001,0.0,24.31489576666667,23.3794363,0.0
2020-06-08 04:15:00,0.8968727415326884,0.44228869021900125,0.0,24.185381071428573,23.00484142857143,0.0
2020-06-08 04:30:00,0.9238795325112867,0.38268343236508984,0.0,24.259531699999993,23.466709466666668,0.0
2020-06-08 04:45:00,0.9469301294951057,0.3214394653031615,0.0,24.276126379310345,23.491218344827583,0.0
2020-06-08 05:00:00,0.9659258262890683,0.25881904510252074,0.0,24.22245576666667,23.379347699999997,0.0
2020-06-08 05:15:00,0.9807852804032304,0.19509032201612833,0.0,24.257523733333333,23.658629566666672,0.0
2020-06-08 05:30:00,0.9914448613738104,0.1305261922200517,0.0,23.985074896551723,22.633693241379305,0.0
2020-06-08 05:45:00,0.9978589232386035,0.06540312923014305,0.0018528598456666002,23.98662826666667,23.037936433333336,0.0
2020-06-08 06:00:00,1.0,6.123233995736766e-17,0.014655161003448198,24.205060344827587,23.79898934482759,412.0028571428572
2020-06-08 06:15:00,0.9978589232386035,-0.06540312923014292,0.0392247689,24.331214600000006,23.9384053,1197.7004761904761
2020-06-08 06:30:00,0.9914448613738105,-0.13052619222005138,0.0659926922413793,24.51736351724139,24.585816517241373,2055.6680952380952
2020-06-08 06:45:00,0.9807852804032305,-0.19509032201612797,0.0889491841,24.8456013,25.58010346666667,3006.633333333333
2020-06-08 07:00:00,0.9659258262890683,-0.25881904510252085,0.1950850521333333,25.224013166666666,27.116205733333334,5088.407142857142
2020-06-08 07:15:00,0.9469301294951057,-0.3214394653031616,0.21361680203448283,25.630998241379306,29.729706862068966,5605.526666666667
2020-06-08 07:30:00,0.9238795325112867,-0.3826834323650897,0.3196091196666666,25.745165,31.44875176666666,8560.63619047619
2020-06-08 07:45:00,0.8968727415326884,-0.44228869021900113,0.3787636724137931,26.189314172413788,34.096579827586204,10352.424761904762
2020-06-08 08:00:00,0.8660254037844387,-0.4999999999999998,0.4478052886666666,26.677007033333336,36.411857066666656,12136.706666666667
2020-06-08 08:15:00,0.8314696123025451,-0.5555702330196023,0.3442403296551724,26.91035206896552,36.49297772413794,9958.264761904762
2020-06-08 08:30:00,0.7933533402912352,-0.6087614290087207,0.5150724836666666,27.242980966666664,37.49083386666668,15009.029047619048
2020-06-08 08:45:00,0.7518398074789774,-0.6593458151000688,0.3601402536666665,27.509329366666666,37.060638399999995,11738.193333333333
2020-06-08 09:00:00,0.7071067811865476,-0.7071067811865475,0.559821446551724,28.029827241379305,38.45545786206896,15433.402857142857
2020-06-08 09:15:00,0.6593458151000686,-0.7518398074789776,0.4691874514814814,28.4973912962963,40.135088851851854,12811.092307692308
2020-06-08 09:30:00,0.6087614290087204,-0.7933533402912353,0.7317601882608696,28.96267034782609,41.09230130434782,15660.337435897434
2020-06-08 09:45:00,0.5555702330196022,-0.8314696123025453,0.8086245521428572,29.463062785714275,43.67498875000001,17015.593956043955
2020-06-08 10:00:00,0.49999999999999994,-0.8660254037844387,0.659905465862069,29.789045448275864,43.43828806896552,15453.868095238096
2020-06-08 10:15:00,0.4422886902190013,-0.8968727415326883,0.8487661903333336,30.264954666666668,47.16902866666666,15252.073333333334
2020-06-08 10:30:00,0.3826834323650899,-0.9238795325112867,0.9147767362068968,31.225147103448275,55.107678758620686,15407.943333333335
2020-06-08 10:45:00,0.32143946530316175,-0.9469301294951056,0.726866196,31.23928343333333,51.54766013333333,13363.815238095238
2020-06-08 11:00:00,0.258819045102521,-0.9659258262890682,0.968234732413793,31.644782793103456,55.886171586206885,15843.954285714284
2020-06-08 11:15:00,0.19509032201612816,-0.9807852804032304,0.8270961906666667,31.6512615,53.743654299999996,15222.673333333334
2020-06-08 11:30:00,0.13052619222005157,-0.9914448613738104,0.9459829844827584,31.93157020689656,54.67335772413792,16853.39238095238
2020-06-08 11:45:00,0.06540312923014312,-0.9978589232386035,0.8896266996666665,32.13035090000001,54.910771700000005,14115.47
2020-06-08 12:00:00,1.2246467991473532e-16,-1.0,0.7076265589655171,32.11926062068966,53.07387375862069,13041.34857142857
2020-06-08 12:15:00,-0.06540312923014287,-0.9978589232386035,0.9929877596666667,32.299311299999985,52.531129866666674,16179.191428571428
2020-06-08 12:30:00,-0.13052619222005132,-0.9914448613738105,0.975599393448276,33.3718682413793,57.84481582758621,15941.286666666667
2020-06-08 12:45:00,-0.19509032201612792,-0.9807852804032305,0.919472782,33.46882423333333,59.603781,16410.883333333335
2020-06-08 13:00:00,-0.25881904510252035,-0.9659258262890684,0.7769413851724137,33.097265965517245,51.851249862068954,12540.481904761906
2020-06-08 13:15:00,-0.3214394653031611,-0.9469301294951058,0.6180603946666666,33.37835496666667,50.70185860000001,11381.159047619047
2020-06-08 13:30:00,-0.3826834323650892,-0.923879532511287,0.8907123813793103,33.48709813793103,52.67072368965517,15844.686666666665
2020-06-08 13:45:00,-0.44228869021900147,-0.8968727415326883,0.6725076190000001,33.73505129999998,52.3897389,14432.494761904762
2020-06-08 14:00:00,-0.5000000000000001,-0.8660254037844386,0.8504849924137932,34.04048520689655,52.49896431034484,15500.54
2020-06-08 14:15:00,-0.5555702330196023,-0.8314696123025452,0.8372840246666668,34.30160923333333,55.35474556666667,16824.370476190474
2020-06-08 14:30:00,-0.6087614290087207,-0.7933533402912352,0.8272664623333335,34.651486133333336,55.11219686666668,18562.054285714286
2020-06-08 14:45:00,-0.6593458151000688,-0.7518398074789774,0.8057083706896552,34.95383220689654,55.212895,17941.646666666667
2020-06-08 15:00:00,-0.7071067811865475,-0.7071067811865477,0.5830057133333332,34.52540486666666,52.0578676,15203.453333333333
2020-06-08 15:15:00,-0.7518398074789773,-0.6593458151000691,0.6698914724137933,34.56790527586206,49.88112982758621,19624.089523809525
2020-06-08 15:30:00,-0.7933533402912349,-0.6087614290087209,0.6618464033333333,34.643021766666656,49.4074188,21131.016666666666
2020-06-08 15:45:00,-0.8314696123025448,-0.555570233019603,0.5469249258620686,34.78082813793104,48.18100510344827,17921.01523809524
2020-06-08 16:00:00,-0.8660254037844385,-0.5000000000000004,0.45526203666666665,34.512670799999995,44.64368766666667,14923.906666666666
2020-06-08 16:15:00,-0.8968727415326883,-0.44228869021900136,0.3886018355172414,34.0803748275862,42.50126886206896,12690.22
2020-06-08 16:30:00,-0.9238795325112868,-0.3826834323650895,0.3308074673333333,33.91140243333332,40.487863100000006,11121.574285714285
2020-06-08 16:45:00,-0.9469301294951056,-0.3214394653031618,0.2653666793103448,33.269952206896555,38.660625275862074,9127.789999999999
2020-06-08 17:00:00,-0.9659258262890683,-0.25881904510252063,0.23702348833333328,32.76734503333332,36.940227333333326,7922.062857142857
2020-06-08 17:15:00,-0.9807852804032303,-0.19509032201612866,0.18570999068965513,32.56407086206897,35.58273634482759,6160.52
2020-06-08 17:30:00,-0.9914448613738104,-0.13052619222005163,0.1699652043333333,32.27888296666667,34.6460289,5606.330952380952
2020-06-08 17:45:00,-0.9978589232386035,-0.06540312923014362,0.1443323468965517,31.912149344827586,33.786106448275845,4693.419047619048
2020-06-08 18:00:00,-1.0,-1.8369701987210297e-16,0.10463664246666658,31.7594666,32.757250966666675,3353.3119047619048
2020-06-08 18:15:00,-0.9978589232386036,0.06540312923014237,0.05599514326666661,31.1259359,31.29210106666666,1805.4133333333334
2020-06-08 18:30:00,-0.9914448613738104,0.13052619222005213,0.0242596506206896,30.52477713793104,29.99747965517241,782.6295238095238
2020-06-08 18:45:00,-0.9807852804032304,0.1950903220161283,0.0044044479416666,30.0615133,29.054799466666665,112.15761904761905
2020-06-08 19:00:00,-0.9659258262890682,0.25881904510252113,0.0001018989665517,29.65547113793104,28.320246241379312,0.0
2020-06-08 19:15:00,-0.9469301294951057,0.3214394653031615,0.0,29.30558463333333,27.75169473333333,0.0
2020-06-08 19:30:00,-0.9238795325112866,0.38268343236509,0.0,29.090157517241384,27.33958275862069,0.0
2020-06-08 19:45:00,-0.8968727415326884,0.442288690219001,0.0,28.871324533333336,27.22231246666667,0.0
2020-06-08 20:00:00,-0.8660254037844386,0.5000000000000001,0.0,28.650005413793107,27.089618517241377,0.0
2020-06-08 20:15:00,-0.8314696123025455,0.5555702330196018,0.0,28.3504803,26.731608100000013,0.0
2020-06-08 20:30:00,-0.7933533402912352,0.6087614290087205,0.0,27.972775137931038,26.254155620689655,0.0
2020-06-08 20:45:00,-0.7518398074789777,0.6593458151000684,0.0,27.66184373333333,25.776656066666668,0.0
2020-06-08 21:00:00,-0.7071067811865477,0.7071067811865474,0.0,27.477640800000003,25.611955666666667,0.0
2020-06-08 21:15:00,-0.6593458151000687,0.7518398074789775,0.0,27.332574206896552,25.489046310344825,0.0
2020-06-08 21:30:00,-0.608761429008721,0.7933533402912349,0.0,27.098923666666668,25.3664722,0.0
2020-06-08 21:45:00,-0.5555702330196022,0.8314696123025452,0.0,26.94398513793104,25.33045903448276,0.0
2020-06-08 22:00:00,-0.5000000000000004,0.8660254037844384,0.0,26.792292433333333,25.27867296666667,0.0
2020-06-08 22:15:00,-0.4422886902190014,0.8968727415326883,0.0,26.628344666666667,25.231978266666662,0.0
2020-06-08 22:30:00,-0.38268343236508956,0.9238795325112868,0.0,26.375718655172417,24.8988825862069,0.0
2020-06-08 22:45:00,-0.32143946530316186,0.9469301294951056,0.0,26.1349161,24.625021466666666,0.0
2020-06-08 23:00:00,-0.2588190451025207,0.9659258262890683,0.0,25.8920394137931,24.41850120689656,0.0
2020-06-08 23:15:00,-0.19509032201612872,0.9807852804032303,0.0,25.684399199999994,24.094589333333328,0.0
2020-06-08 23:30:00,-0.13052619222005168,0.9914448613738104,0.0,25.54389433333333,24.062816566666665,0.0
2020-06-08 23:45:00,-0.06540312923014367,0.9978589232386035,0.0,25.251447999999996,23.655589206896558,0.0
2020-06-09 00:00:00,0.0,1.0,0.0,25.089850966666674,23.4152731,0.0
2020-06-09 00:15:00,0.06540312923014306,0.9978589232386035,0.0,24.91641951724138,23.182842482758623,0.0
2020-06-09 00:30:00,0.13052619222005157,0.9914448613738104,0.0,24.668885166666666,22.861545800000005,0.0
2020-06-09 00:45:00,0.19509032201612825,0.9807852804032304,0.0,24.471558793103444,22.49364603448276,0.0
2020-06-09 01:00:00,0.25881904510252074,0.9659258262890683,0.0,24.273839433333332,22.1972332,0.0
2020-06-09 01:15:00,0.3214394653031616,0.9469301294951057,0.0,24.257015,22.223686866666664,0.0
2020-06-09 01:30:00,0.3826834323650898,0.9238795325112867,0.0,24.241330931034483,22.27647779310345,0.0
2020-06-09 01:45:00,0.4422886902190013,0.8968727415326883,0.0,24.16173293333333,22.23845016666667,0.0
2020-06-09 02:00:00,0.49999999999999994,0.8660254037844387,0.0,24.05367431034482,22.112273206896557,0.0
2020-06-09 02:15:00,0.5555702330196022,0.8314696123025452,0.0,24.030280766666667,22.13809913333333,0.0
2020-06-09 02:30:00,0.6087614290087207,0.7933533402912352,0.0,23.772527966666665,21.891521300000004,0.0
2020-06-09 02:45:00,0.6593458151000688,0.7518398074789774,0.0,23.609778103448267,21.57529013793104,0.0
2020-06-09 03:00:00,0.7071067811865476,0.7071067811865476,0.0,23.662695533333338,21.656404666666667,0.0
2020-06-09 03:15:00,0.7518398074789773,0.659345815100069,0.0,23.57151948275862,21.710799551724133,0.0
2020-06-09 03:30:00,0.7933533402912352,0.6087614290087207,0.0,23.445426633333337,21.577228700000006,0.0
2020-06-09 03:45:00,0.8314696123025452,0.5555702330196023,0.0,23.38027648275862,21.517179275862063,0.0
2020-06-09 04:00:00,0.8660254037844386,0.5000000000000001,0.0,23.33068246666667,21.418877233333333,0.0
2020-06-09 04:15:00,0.8968727415326884,0.44228869021900125,0.0,23.129676689655174,21.083283482758624,0.0
2020-06-09 04:30:00,0.9238795325112867,0.38268343236508984,0.0,22.961422633333335,20.66607250000001,0.0
2020-06-09 04:45:00,0.9469301294951057,0.3214394653031615,0.0,22.85722710344828,20.40460524137931,0.0
2020-06-09 05:00:00,0.9659258262890683,0.25881904510252074,0.0,22.7539153,20.316495866666667,0.0
2020-06-09 05:15:00,0.9807852804032304,0.19509032201612833,0.0,22.652897900000006,20.477499233333333,0.0
2020-06-09 05:30:00,0.9914448613738104,0.1305261922200517,0.0,22.737865448275866,20.70989455172414,0.0
2020-06-09 05:45:00,0.9978589232386035,0.06540312923014305,0.0007921235759999,22.977233833333337,20.898189266666662,0.0
2020-06-09 06:00:00,1.0,6.123233995736766e-17,0.0111385345448275,23.10134286206896,21.186319172413796,293.2147619047619
2020-06-09 06:15:00,0.9978589232386035,-0.06540312923014292,0.0311052466,23.319584166666672,21.658508266666672,944.0166666666667
2020-06-09 06:30:00,0.9914448613738105,-0.13052619222005138,0.0569932276,23.57032373333333,22.241770433333333,1724.2838095238094
2020-06-09 06:45:00,0.9807852804032305,-0.19509032201612797,0.0944432277586207,24.037088344827588,23.122031448275862,2887.0
2020-06-09 07:00:00,0.9659258262890683,-0.25881904510252085,0.1855330313333333,24.688094066666665,26.047689833333337,5342.610476190476
2020-06-09 07:15:00,0.9469301294951057,-0.3214394653031616,0.304980821724138,25.66310275862069,30.345590448275868,8456.171428571428
2020-06-09 07:30:00,0.9238795325112867,-0.3826834323650897,0.3934728033333333,26.309327233333327,33.32653273333333,10752.079523809523
2020-06-09 07:45:00,0.8968727415326884,-0.44228869021900113,0.4603070396551724,26.52304386206897,34.403433931034485,12344.507142857143
2020-06-09 08:00:00,0.8660254037844387,-0.4999999999999998,0.3834108376666666,26.675620500000004,34.63887826666667,10515.82
2020-06-09 08:15:00,0.8314696123025451,-0.5555702330196023,0.4170626293333333,26.87966306666667,33.53333140000001,11851.356666666667
2020-06-09 08:30:00,0.7933533402912352,-0.6087614290087207,0.5304539527586206,27.64948037931034,37.253409551724125,15759.042857142858
2020-06-09 08:45:00,0.7518398074789774,-0.6593458151000688,0.5585220813333334,28.002729266666663,38.87611719999999,16568.740476190476
2020-06-09 09:00:00,0.7071067811865476,-0.7071067811865475,0.65995724,28.392504551724134,40.263924206896554,19459.425714285713
2020-06-09 09:15:00,0.6593458151000686,-0.7518398074789776,0.681518345,28.733943666666672,42.669370366666655,20246.553333333333
2020-06-09 09:30:00,0.6087614290087204,-0.7933533402912353,0.6963356251724138,28.85085217241379,41.72331493103448,17763.56476190476
2020-06-09 09:45:00,0.5555702330196022,-0.8314696123025453,0.7644892783333334,29.97841589999999,48.84125553333332,5072.236666666667
2020-06-09 10:00:00,0.49999999999999994,-0.8660254037844387,0.7722951262068967,29.87426744827586,46.25639937931035,14625.399047619048
2020-06-09 10:15:00,0.4422886902190013,-0.8968727415326883,0.8280756470000002,30.301633733333336,49.99048963333334,14139.926666666666
2020-06-09 10:30:00,0.3826834323650899,-0.9238795325112867,0.8762817527586207,31.10254106896551,55.13560751724137,15034.273333333334
2020-06-09 10:45:00,0.32143946530316175,-0.9469301294951056,0.8701082106666665,31.264162166666665,52.493662566666664,14148.583333333334
2020-06-09 11:00:00,0.258819045102521,-0.9659258262890682,0.795815186896552,31.781721379310344,53.44999120689656,12274.594761904762
2020-06-09 11:15:00,0.19509032201612816,-0.9807852804032304,0.7947275603333331,32.175657133333324,54.891657333333335,12388.497142857143
2020-06-09 11:30:00,0.13052619222005157,-0.9914448613738104,0.941355501724138,33.00239186206896,58.08577868965519,14391.126666666667
2020-06-09 11:45:00,0.06540312923014312,-0.9978589232386035,0.5480442070000002,32.501644766666665,50.1823292,10800.199999999999
2020-06-09 12:00:00,1.2246467991473532e-16,-1.0,0.7137815336666666,32.48051859999999,48.017826633333335,13178.586666666666
2020-06-09 12:15:00,-0.06540312923014287,-0.9978589232386035,0.6081792393103447,32.74632389655172,49.65918703448276,11682.982857142857
2020-06-09 12:30:00,-0.13052619222005132,-0.9914448613738105,0.4990866916666665,32.671915799999994,46.348622600000006,11863.605714285713
2020-06-09 12:45:00,-0.19509032201612792,-0.9807852804032305,0.8266699910344829,33.75495137931035,53.14650437931036,15349.539999999999
2020-06-09 13:00:00,-0.25881904510252035,-0.9659258262890684,0.7209952,33.71502976666666,55.15254300000001,12086.687142857143
2020-06-09 13:15:00,-0.3214394653031611,-0.9469301294951058,0.5841201062068965,33.20289665517242,46.4867574137931,12107.23142857143
2020-06-09 13:30:00,-0.3826834323650892,-0.923879532511287,0.6701499496666666,33.793959433333335,50.61013273333334,13389.926666666666
2020-06-09 13:45:00,-0.44228869021900147,-0.8968727415326883,0.5199972951724137,33.49189089655172,48.928019724137926,11536.786666666667
2020-06-09 14:00:00,-0.5000000000000001,-0.8660254037844386,0.541861241,33.63099263333333,47.320751,11628.046666666665
2020-06-09 14:15:00,-0.5555702330196023,-0.8314696123025452,0.5865618399999997,33.932267333333336,46.79574266666666,14528.16238095238
2020-06-09 14:30:00,-0.6087614290087207,-0.7933533402912352,0.47107985862068963,33.66286575862069,44.45120344827586,13345.164285714285
2020-06-09 14:45:00,-0.6593458151000688,-0.7518398074789774,0.460747443,33.21628106666666,41.622585166666674,14739.919523809524
2020-06-09 15:00:00,-0.7071067811865475,-0.7071067811865477,0.46901952275862063,33.44176203448276,41.9188822413793,15227.405714285715
2020-06-09 15:15:00,-0.7518398074789773,-0.6593458151000691,0.42327925233333324,33.6994721,43.42953376666667,13453.873333333333
2020-06-09 15:30:00,-0.7933533402912349,-0.6087614290087209,0.4030901289655171,33.290031586206894,40.94111372413793,13528.370476190477
2020-06-09 15:45:00,-0.8314696123025448,-0.555570233019603,0.5008327286666667,33.58660966666667,42.744317766666654,17096.117619047618
2020-06-09 16:00:00,-0.8660254037844385,-0.5000000000000004,0.4351994679999999,33.0764027,42.459844,14122.038571428571
2020-06-09 16:15:00,-0.8968727415326883,-0.44228869021900136,0.4717216579310344,33.27681251724139,42.838554482758624,15617.430952380952
2020-06-09 16:30:00,-0.9238795325112868,-0.3826834323650895,0.4031365280000001,33.22364099999999,42.33871990000001,13270.026666666667
2020-06-09 16:45:00,-0.9469301294951056,-0.3214394653031618,0.22554810000000003,32.634283482758605,38.626965655172405,7408.85380952381
2020-06-09 17:00:00,-0.9659258262890683,-0.25881904510252063,0.1854117523333333,32.061292366666656,35.74595430000001,6078.2219047619055
2020-06-09 17:15:00,-0.9807852804032303,-0.19509032201612866,0.1587967972413793,31.747895413793103,34.54536172413794,5235.207142857143
2020-06-09 17:30:00,-0.9914448613738104,-0.13052619222005163,0.11480938776666662,31.54814553333334,33.42435616666667,3766.52
2020-06-09 17:45:00,-0.9978589232386035,-0.06540312923014362,0.0811515678333333,31.337953666666667,32.47899783333333,2667.5733333333333
2020-06-09 18:00:00,-1.0,-1.8369701987210297e-16,0.05398017482758621,30.9759341724138,31.487286827586203,1751.9104761904762
2020-06-09 18:15:00,-0.9978589232386036,0.06540312923014237,0.0325861480333333,30.425907533333326,30.556612200000004,1049.837619047619
2020-06-09 18:30:00,-0.9914448613738104,0.13052619222005213,0.0158776952068965,29.78792568965517,29.545744862068968,509.4971428571429
2020-06-09 18:45:00,-0.9807852804032304,0.1950903220161283,0.00309579056,29.3878782,28.818895433333328,24.33904761904762
2020-06-09 19:00:00,-0.9659258262890682,0.25881904510252113,3.8377585333333325e-05,29.113570299999996,28.398464033333326,0.0
2020-06-09 19:15:00,-0.9469301294951057,0.3214394653031615,0.0,28.7548711724138,27.99284410344828,0.0
2020-06-09 19:30:00,-0.9238795325112866,0.38268343236509,0.0,28.49226686666667,27.5837351,0.0
2020-06-09 19:45:00,-0.8968727415326884,0.442288690219001,0.0,28.321929137931036,27.312275862068972,0.0
2020-06-09 20:00:00,-0.8660254037844386,0.5000000000000001,0.0,28.137156099999995,27.1275268,0.0
2020-06-09 20:15:00,-0.8314696123025455,0.5555702330196018,0.0,28.020356379310343,27.049498482758622,0.0
2020-06-09 20:30:00,-0.7933533402912352,0.6087614290087205,0.0,27.789789733333336,26.98568626666666,0.0
2020-06-09 20:45:00,-0.7518398074789777,0.6593458151000684,0.0,27.563402266666664,26.703043566666665,0.0
2020-06-09 21:00:00,-0.7071067811865477,0.7071067811865474,0.0,27.385646620689656,26.474708103448275,0.0
2020-06-09 21:15:00,-0.6593458151000687,0.7518398074789775,0.0,27.173833133333332,26.231331433333324,0.0
2020-06-09 21:30:00,-0.608761429008721,0.7933533402912349,0.0,26.97954372413793,25.88630293103448,0.0
2020-06-09 21:45:00,-0.5555702330196022,0.8314696123025452,0.0,26.803884000000004,25.722327699999997,0.0
2020-06-09 22:00:00,-0.5000000000000004,0.8660254037844384,0.0,26.625941793103447,25.58186593103449,0.0
2020-06-09 22:15:00,-0.4422886902190014,0.8968727415326883,0.0,26.53613793333333,25.508442133333332,0.0
2020-06-09 22:30:00,-0.38268343236508956,0.9238795325112868,0.0,26.333651793103442,25.235205310344828,0.0
2020-06-09 22:45:00,-0.32143946530316186,0.9469301294951056,0.0,26.05942183333333,24.828207433333333,0.0
2020-06-09 23:00:00,-0.2588190451025207,0.9659258262890683,0.0,25.9084695862069,24.625861827586206,0.0
2020-06-09 23:15:00,-0.19509032201612872,0.9807852804032303,0.0,25.759715833333335,24.364313733333333,0.0
2020-06-09 23:30:00,-0.13052619222005168,0.9914448613738104,0.0,25.67693131034483,24.288656241379314,0.0
2020-06-09 23:45:00,-0.06540312923014367,0.9978589232386035,0.0,25.560200800000004,24.195226966666663,0.0
2020-06-10 00:00:00,0.0,1.0,0.0,25.437387933333333,24.20245766666666,0.0
2020-06-10 00:15:00,0.06540312923014306,0.9978589232386035,0.0,25.21314627586207,23.828036620689648,0.0
2020-06-10 00:30:00,0.13052619222005157,0.9914448613738104,0.0,25.121662533333332,23.604673266666666,0.0
2020-06-10 00:45:00,0.19509032201612825,0.9807852804032304,0.0,25.015255551724145,23.578188206896552,0.0
2020-06-10 01:00:00,0.25881904510252074,0.9659258262890683,0.0,24.99261046666667,23.7386078,0.0
2020-06-10 01:15:00,0.3214394653031616,0.9469301294951057,0.0,24.88058675862069,23.848428551724137,0.0
2020-06-10 01:30:00,0.3826834323650898,0.9238795325112867,0.0,24.76178266666666,23.54663393333333,0.0
2020-06-10 01:45:00,0.4422886902190013,0.8968727415326883,0.0,24.697293966666678,23.41245213333333,0.0
2020-06-10 02:00:00,0.49999999999999994,0.8660254037844387,0.0,24.64039017241379,23.513705620689652,0.0
2020-06-10 02:15:00,0.5555702330196022,0.8314696123025452,0.0,24.6962769,23.87686546666666,0.0
2020-06-10 02:30:00,0.6087614290087207,0.7933533402912352,0.0,24.722768,23.917120366666676,0.0
2020-06-10 02:45:00,0.6593458151000688,0.7518398074789774,0.0,24.6661955862069,23.741481448275863,0.0
2020-06-10 03:00:00,0.7071067811865476,0.7071067811865476,0.0,24.606493333333336,23.76429046666667,0.0
2020-06-10 03:15:00,0.7518398074789773,0.659345815100069,0.0,24.51722996551724,23.469060862068968,0.0
2020-06-10 03:30:00,0.7933533402912352,0.6087614290087207,0.0,24.5019198,23.426099466666663,0.0
2020-06-10 03:45:00,0.8314696123025452,0.5555702330196023,0.0,24.46938972413793,23.30962089655173,0.0
2020-06-10 04:00:00,0.8660254037844386,0.5000000000000001,0.0,24.47257973333333,23.221962599999998,0.0
2020-06-10 04:15:00,0.8968727415326884,0.44228869021900125,0.0,24.40010386666667,23.019968633333328,0.0
2020-06-10 04:30:00,0.9238795325112867,0.38268343236508984,0.0,24.379035827586208,22.848119275862068,0.0
2020-06-10 04:45:00,0.9469301294951057,0.3214394653031615,0.0,24.298586166666663,22.698219800000004,0.0
2020-06-10 05:00:00,0.9659258262890683,0.25881904510252074,0.0,24.17085003448276,22.58803796551725,0.0
2020-06-10 05:15:00,0.9807852804032304,0.19509032201612833,0.0,24.174056900000007,22.795588200000005,0.0
2020-06-10 05:30:00,0.9914448613738104,0.1305261922200517,0.0,24.193324866666668,22.905579666666668,0.0
2020-06-10 05:45:00,0.9978589232386035,0.06540312923014305,0.0010603241375862,24.362663689655168,23.178692965517246,0.0
2020-06-10 06:00:00,1.0,6.123233995736766e-17,0.00985059336,24.440316933333335,23.3795156,262.5257142857143
2020-06-10 06:15:00,0.9978589232386035,-0.06540312923014292,0.019141487275862,24.483821517241385,23.581738724137928,608.5104761904762
2020-06-10 06:30:00,0.9914448613738105,-0.13052619222005138,0.028260201500000002,24.65489093333334,24.195461,891.9409523809525
2020-06-10 06:45:00,0.9807852804032305,-0.19509032201612797,0.0481387713999999,24.784329033333332,24.78258563333333,1560.5233333333335
2020-06-10 07:00:00,0.9659258262890683,-0.25881904510252085,0.0670705048965517,24.978812310344832,25.66959865517241,2218.14
2020-06-10 07:15:00,0.9469301294951057,-0.3214394653031616,0.0715662028,25.108018099999995,26.31314893333334,2381.3266666666664
2020-06-10 07:30:00,0.9238795325112867,-0.3826834323650897,0.11308179172413789,25.295457379310346,27.09805717241379,3757.2619047619046
2020-06-10 07:45:00,0.8968727415326884,-0.44228869021900113,0.1587628896666666,25.51075433333333,28.222063133333336,5272.815714285714
2020-06-10 08:00:00,0.8660254037844387,-0.4999999999999998,0.23689480166666674,25.954459600000003,30.214724666666665,7794.735238095238
2020-06-10 08:15:00,0.8314696123025451,-0.5555702330196023,0.3426622572413792,26.434648172413798,32.84884444827586,10750.365714285714
2020-06-10 08:30:00,0.7933533402912352,-0.6087614290087207,0.523309134,27.345121199999998,37.552455533333344,15675.28476190476
2020-06-10 08:45:00,0.7518398074789774,-0.6593458151000688,0.4238464179310345,27.54667075862069,38.06824462068965,13087.453333333333
2020-06-10 09:00:00,0.7071067811865476,-0.7071067811865475,0.351260774,27.7801168,36.67724296666666,10690.100476190475
2020-06-10 09:15:00,0.6593458151000686,-0.7518398074789776,0.3692132548275861,27.679422172413798,34.81999272413793,11691.594285714285
2020-06-10 09:30:00,0.6087614290087204,-0.7933533402912353,0.7025942073333333,28.454675299999995,39.858438,19594.023333333334
2020-06-10 09:45:00,0.5555702330196022,-0.8314696123025453,0.7139898656666664,29.131829933333332,43.16924730000001,15202.28380952381
2020-06-10 10:00:00,0.49999999999999994,-0.8660254037844387,0.5876122955172411,29.35636106896552,42.23618817241379,13760.904285714285
2020-06-10 10:15:00,0.4422886902190013,-0.8968727415326883,0.6250153523333332,29.507195900000003,41.63273206666666,14553.823809523808
2020-06-10 10:30:00,0.3826834323650899,-0.9238795325112867,0.7730966213793103,30.099378965517243,44.04637717241379,16388.566666666666
2020-06-10 10:45:00,0.32143946530316175,-0.9469301294951056,0.8169313475862068,30.542522586206896,46.75796189655173,17614.010000000002
2020-06-10 11:00:00,0.258819045102521,-0.9659258262890682,0.9207850323333333,30.95782873333334,51.6436981,12580.213333333333
2020-06-10 11:15:00,0.19509032201612816,-0.9807852804032304,0.7684907340000002,31.295486533333335,50.5755861,0.0
2020-06-10 11:30:00,0.13052619222005157,-0.9914448613738104,0.7788566541379311,31.757299862068965,51.85563372413792,0.0
2020-06-10 11:45:00,0.06540312923014312,-0.9978589232386035,0.7246776103333333,31.920121100000003,48.9762857,8689.745714285715
2020-06-10 12:00:00,1.2246467991473532e-16,-1.0,0.953999098275862,32.280093310344824,53.31676306896552,15082.77380952381
2020-06-10 12:15:00,-0.06540312923014287,-0.9978589232386035,0.9167926003333334,32.97215269999999,57.7699776,15521.713333333333
2020-06-10 12:30:00,-0.13052619222005132,-0.9914448613738105,0.8183672462068968,33.43992889655173,58.82968889655172,13279.923333333334
2020-06-10 12:45:00,-0.19509032201612792,-0.9807852804032305,0.7079482373333333,33.301251166666674,53.32308253333333,12309.557619047619
2020-06-10 13:00:00,-0.25881904510252035,-0.9659258262890684,0.39380527793103437,33.039216931034474,45.869951793103446,8856.56
2020-06-10 13:15:00,-0.3214394653031611,-0.9469301294951058,0.5044548416666667,33.3262257,45.95247896666668,11416.39380952381
2020-06-10 13:30:00,-0.3826834323650892,-0.923879532511287,0.5222638476666666,33.499213600000004,44.502122,13790.306666666667
2020-06-10 13:45:00,-0.44228869021900147,-0.8968727415326883,0.4816418755172414,33.925000448275874,48.607757586206894,12588.539523809524
2020-06-10 14:00:00,-0.5000000000000001,-0.8660254037844386,0.3840502260000001,33.56310123333334,43.02009363333334,3151.6880952380952
2020-06-10 14:15:00,-0.5555702330196023,-0.8314696123025452,0.3961507344827586,33.70282286206896,43.953741448275856,6437.92
2020-06-10 14:30:00,-0.6087614290087207,-0.7933533402912352,0.334423286,33.920901400000005,43.073061066666654,10150.901428571427
2020-06-10 14:45:00,-0.6593458151000688,-0.7518398074789774,0.1738958765517241,33.64006713793104,37.95102889655172,5547.333333333333
2020-06-10 15:00:00,-0.7071067811865475,-0.7071067811865477,0.19784830399999997,31.627627600000004,32.33192129999999,6630.744285714285
2020-06-10 15:15:00,-0.7518398074789773,-0.6593458151000691,0.1941973317241379,30.474946034482755,31.81913165517241,6720.701904761905
2020-06-10 15:30:00,-0.7933533402912349,-0.6087614290087209,0.1557526934482758,28.844152000000005,27.80587658620689,5320.8133333333335
2020-06-10 15:45:00,-0.8314696123025448,-0.555570233019603,0.1756764994642857,28.8524355,27.612677428571427,5891.509999999999
2020-06-10 16:00:00,-0.8660254037844385,-0.5000000000000004,0.2759300524137931,28.792319482758614,31.00201741379311,8989.787142857143
2020-06-10 16:15:00,-0.8968727415326883,-0.44228869021900136,0.2930965216666666,30.2339967,35.32667526666666,9532.229047619046
2020-06-10 16:30:00,-0.9238795325112868,-0.3826834323650895,0.2751795737931034,31.04575,36.902448896551725,9111.22
2020-06-10 16:45:00,-0.9469301294951056,-0.3214394653031618,0.1438109367333333,30.481976366666675,34.33522446666666,4824.712857142857
2020-06-10 17:00:00,-0.9659258262890683,-0.25881904510252063,0.0598915288965517,28.871531551724146,30.45449727586207,2073.382857142857
2020-06-10 17:15:00,-0.9807852804032303,-0.19509032201612866,0.013844074700000002,28.474115166666675,28.69688113333333,446.122380952381
2020-06-10 17:30:00,-0.9914448613738104,-0.13052619222005163,0.0098822284181818,28.16179045454546,27.141686227272725,390.1818181818182
2020-06-10 17:45:00,-0.9978589232386035,-0.06540312923014362,0.007683457437931001,27.75977386206897,25.464605862068968,312.4642857142857
2020-06-10 18:00:00,-1.0,-1.8369701987210297e-16,0.005723377333333299,27.594035633333338,25.238632133333336,186.14
2020-06-10 18:15:00,-0.9978589232386036,0.06540312923014237,0.0010758963210344,27.48483182758621,25.356442034482757,0.0
2020-06-10 18:30:00,-0.9914448613738104,0.13052619222005213,3.970162241379311e-06,27.020735,24.48984606896552,0.0
2020-06-10 18:45:00,-0.9807852804032304,0.1950903220161283,8.954930733333335e-06,26.51906023333333,24.231867599999998,0.0
2020-06-10 19:00:00,-0.9659258262890682,0.25881904510252113,0.0,25.68034753333333,23.940504966666666,0.0
2020-06-10 19:15:00,-0.9469301294951057,0.3214394653031615,0.0,25.420733103448285,23.76359931034483,0.0
2020-06-10 19:30:00,-0.9238795325112866,0.38268343236509,0.0,25.3429769,23.65935363333333,0.0
2020-06-10 19:45:00,-0.8968727415326884,0.442288690219001,0.0002567820889655,25.587558965517243,23.506497137931035,0.0
2020-06-10 20:00:00,-0.8660254037844386,0.5000000000000001,0.0007306051336665999,25.62356443333333,23.425383533333328,0.0
2020-06-10 20:15:00,-0.8314696123025455,0.5555702330196018,0.0007796478882757999,25.665288275862068,24.142730724137937,0.0
2020-06-10 20:30:00,-0.7933533402912352,0.6087614290087205,0.0005540524626666,25.578056700000005,24.65686333333333,0.0
2020-06-10 20:45:00,-0.7518398074789777,0.6593458151000684,0.00037619093999999997,25.580596733333334,24.732138133333333,0.0
2020-06-10 21:00:00,-0.7071067811865477,0.7071067811865474,6.618351724137933e-06,25.454093103448272,24.63598003448276,0.0
2020-06-10 21:15:00,-0.6593458151000687,0.7518398074789775,5.118148956666666e-05,25.4409433,24.756742466666665,0.0
2020-06-10 21:30:00,-0.608761429008721,0.7933533402912349,0.0,25.329501310344824,24.59076237931034,0.0
2020-06-10 21:45:00,-0.5555702330196022,0.8314696123025452,0.0,25.287559033333324,24.543854733333333,0.0
2020-06-10 22:00:00,-0.5000000000000004,0.8660254037844384,0.0,25.301776066666665,24.221237133333332,0.0
2020-06-10 22:15:00,-0.4422886902190014,0.8968727415326883,0.0,25.103430413793102,23.577908379310347,0.0
2020-06-10 22:30:00,-0.38268343236508956,0.9238795325112868,0.0,24.885064466666662,23.447024333333328,0.0
2020-06-10 22:45:00,-0.32143946530316186,0.9469301294951056,0.0,24.87121975862069,23.496775827586205,0.0
2020-06-10 23:00:00,-0.2588190451025207,0.9659258262890683,0.0,24.7963226,23.435265966666666,0.0
2020-06-10 23:15:00,-0.19509032201612872,0.9807852804032303,0.0,24.7657957,23.433154,0.0
2020-06-10 23:30:00,-0.13052619222005168,0.9914448613738104,0.0,24.62288379310344,23.429897724137927,0.0
2020-06-10 23:45:00,-0.06540312923014367,0.9978589232386035,0.0,24.524802766666667,23.359506299999996,0.0
2020-06-11 00:00:00,0.0,1.0,0.0,24.52855189655173,23.398515344827583,0.0
2020-06-11 00:15:00,0.06540312923014306,0.9978589232386035,0.0,24.60247886666667,23.42233426666667,0.0
2020-06-11 00:30:00,0.13052619222005157,0.9914448613738104,0.0,24.652273172413796,23.67843110344828,0.0
2020-06-11 00:45:00,0.19509032201612825,0.9807852804032304,0.0,24.744776200000004,24.167458166666663,0.0
2020-06-11 01:00:00,0.25881904510252074,0.9659258262890683,0.0,24.655353833333333,23.66065673333333,0.0
2020-06-11 01:15:00,0.3214394653031616,0.9469301294951057,0.0,24.631611620689657,23.337634931034476,0.0
2020-06-11 01:30:00,0.3826834323650898,0.9238795325112867,0.0,24.66332196666667,23.41626396666667,0.0
2020-06-11 01:45:00,0.4422886902190013,0.8968727415326883,0.0,24.62800206896551,23.918429724137926,0.0
2020-06-11 02:00:00,0.49999999999999994,0.8660254037844387,0.0,24.58356216666667,23.807694466666668,0.0
2020-06-11 02:15:00,0.5555702330196022,0.8314696123025452,0.0,24.18870453333333,23.353352000000005,0.0
2020-06-11 02:30:00,0.6087614290087207,0.7933533402912352,0.0,23.99366620689655,23.231899,0.0
2020-06-11 02:45:00,0.6593458151000688,0.7518398074789774,0.0001151645777666,24.11983143333333,23.2196046,0.0
2020-06-11 03:00:00,0.7071067811865476,0.7071067811865476,0.0001363457634482,24.193308896551727,23.11700665517241,0.0
2020-06-11 03:15:00,0.7518398074789773,0.659345815100069,3.327031936666668e-05,24.191336966666668,23.09600013333333,0.0
2020-06-11 03:30:00,0.7933533402912352,0.6087614290087207,2.5592819999999998e-05,24.184912066666666,23.526898266666663,0.0
2020-06-11 03:45:00,0.8314696123025452,0.5555702330196023,3.971314896551726e-06,24.228536862068964,23.63138244827587,0.0
2020-06-11 04:00:00,0.8660254037844386,0.5000000000000001,0.0,24.204156500000007,23.579078366666668,0.0
2020-06-11 04:15:00,0.8968727415326884,0.44228869021900125,0.0,24.2147461724138,23.664883172413795,0.0
2020-06-11 04:30:00,0.9238795325112867,0.38268343236508984,0.0,24.2575073,23.715879533333336,0.0
2020-06-11 04:45:00,0.9469301294951057,0.3214394653031615,0.0,24.256150931034483,23.53682737931035,0.0
2020-06-11 05:00:00,0.9659258262890683,0.25881904510252074,0.0,24.2076104,23.14459433333334,0.0
2020-06-11 05:15:00,0.9807852804032304,0.19509032201612833,0.0,24.26688568965517,23.236197655172408,0.0
2020-06-11 05:30:00,0.9914448613738104,0.1305261922200517,0.0,24.262456366666665,23.634011800000007,0.0
2020-06-11 05:45:00,0.9978589232386035,0.06540312923014305,0.0002546431066666,24.228851566666663,23.681645666666665,0.0
2020-06-11 06:00:00,1.0,6.123233995736766e-17,0.0042637027482758,24.265365206896558,23.726225896551725,16.074761904761903
2020-06-11 06:15:00,0.9978589232386035,-0.06540312923014292,0.0098950991166666,24.30399276666666,23.94191686666666,289.5109523809524
2020-06-11 06:30:00,0.9914448613738105,-0.13052619222005138,0.0146363091896551,24.28631917241379,24.10950765517241,459.84238095238095
2020-06-11 06:45:00,0.9807852804032305,-0.19509032201612797,0.0224950799666666,24.22797863333333,23.9388551,758.8538095238096
2020-06-11 07:00:00,0.9659258262890683,-0.25881904510252085,0.0590051749310344,24.14798303448276,23.50303603448276,1945.2780952380951
2020-06-11 07:15:00,0.9469301294951057,-0.3214394653031616,0.10201110903333331,24.44488326666666,24.803459733333337,3350.153333333333
2020-06-11 07:30:00,0.9238795325112867,-0.3826834323650897,0.09898661365517242,24.716862137931045,26.60819737931035,3308.8385714285714
2020-06-11 07:45:00,0.8968727415326884,-0.44228869021900113,0.0667724374666666,24.634990400000003,25.5272257,2374.114285714286
2020-06-11 08:00:00,0.8660254037844387,-0.4999999999999998,0.0651904124,24.439050466666664,24.52968646666666,2295.4347619047617
2020-06-11 08:15:00,0.8314696123025451,-0.5555702330196023,0.1120032948965517,24.048603103448272,24.303316379310345,3887.392380952381
2020-06-11 08:30:00,0.7933533402912352,-0.6087614290087207,0.1442327949999999,24.360200137931034,25.258221862068964,4935.38
2020-06-11 08:45:00,0.7518398074789774,-0.6593458151000688,0.2382026306666666,24.851787299999998,28.614925066666668,7846.240476190475
2020-06-11 09:00:00,0.7071067811865476,-0.7071067811865475,0.3654319533333332,25.6061401,31.9640666,11777.040476190476
2020-06-11 09:15:00,0.6593458151000686,-0.7518398074789776,0.3184037789655173,26.064864551724135,33.41386689655172,10246.957619047618
2020-06-11 09:30:00,0.6087614290087204,-0.7933533402912353,0.18212469166666667,25.912877666666677,30.6614522,6207.568095238095
2020-06-11 09:45:00,0.5555702330196022,-0.8314696123025453,0.2250663879310345,26.013701448275867,30.348066620689654,7649.705238095238
2020-06-11 10:00:00,0.49999999999999994,-0.8660254037844387,0.2858397853333333,26.5930917,32.13797826666667,9759.47238095238
2020-06-11 10:15:00,0.4422886902190013,-0.8968727415326883,0.3116224317241379,27.00422489655173,33.281718068965525,10647.74
2020-06-11 10:30:00,0.3826834323650899,-0.9238795325112867,0.3308099630000001,27.255816700000004,33.88129156666666,11287.435714285713
2020-06-11 10:45:00,0.32143946530316175,-0.9469301294951056,0.37139260275862074,27.62432748275862,35.501297551724136,12582.34
2020-06-11 11:00:00,0.258819045102521,-0.9659258262890682,0.3794716983333333,27.698689666666667,35.23270673333334,12989.85
2020-06-11 11:15:00,0.19509032201612816,-0.9807852804032304,0.44175176066666677,27.8630768,36.30496026666668,14558.90619047619
2020-06-11 11:30:00,0.13052619222005157,-0.9914448613738104,0.4621243431034483,28.49886037931034,38.471322,15119.273333333333
2020-06-11 11:45:00,0.06540312923014312,-0.9978589232386035,0.5839224203333333,28.7643748,39.30720423333333,15770.015714285713
2020-06-11 12:00:00,1.2246467991473532e-16,-1.0,0.6205650234482758,29.731161,45.40481068965519,0.0
2020-06-11 12:15:00,-0.06540312923014287,-0.9978589232386035,0.3881666475000001,29.420765535714285,42.382584821428566,1310.5846153846153
2020-06-11 12:30:00,-0.13052619222005132,-0.9914448613738105,0.3071335886666666,28.7703256,35.47568646666666,10707.046666666667
2020-06-11 12:45:00,-0.19509032201612792,-0.9807852804032305,0.3871848155172413,29.112240413793106,36.74222948275862,12904.513333333332
2020-06-11 13:00:00,-0.25881904510252035,-0.9659258262890684,0.322284215,29.05096543333333,35.634093166666666,10758.65238095238
2020-06-11 13:15:00,-0.3214394653031611,-0.9469301294951058,0.3063866934482759,29.485296827586204,36.078475517241365,10386.929999999998
2020-06-11 13:30:00,-0.3826834323650892,-0.923879532511287,0.3484061356666666,29.618877933333337,36.03466590000001,11690.96
2020-06-11 13:45:00,-0.44228869021900147,-0.8968727415326883,0.4410198099999999,29.861181724137932,37.1695493448276,14369.706666666665
2020-06-11 14:00:00,-0.5000000000000001,-0.8660254037844386,0.3551979003333333,29.924686866666658,37.945422266666654,11319.866666666667
2020-06-11 14:15:00,-0.5555702330196023,-0.8314696123025452,0.3321471462068965,27.71221082758621,34.44660265517241,11092.110476190475
2020-06-11 14:30:00,-0.6087614290087207,-0.7933533402912352,0.2199277286666666,27.966856833333335,34.11939593333334,7492.43
2020-06-11 14:45:00,-0.6593458151000688,-0.7518398074789774,0.1599183410344828,28.226240379310344,32.649263620689645,5444.624285714285
2020-06-11 15:00:00,-0.7071067811865475,-0.7071067811865477,0.2447895886666667,28.876747666666674,33.52219136666666,8302.36
2020-06-11 15:15:00,-0.7518398074789773,-0.6593458151000691,0.3615275644827586,29.083395068965515,35.22164613793103,12581.673333333332
2020-06-11 15:30:00,-0.7933533402912349,-0.6087614290087209,0.2182710936666667,27.1182657,31.176984633333337,7391.9
2020-06-11 15:45:00,-0.8314696123025448,-0.555570233019603,0.2699164865517241,26.06172972413793,30.178076413793107,9515.89619047619
2020-06-11 16:00:00,-0.8660254037844385,-0.5000000000000004,0.1847001159999999,26.01609606666667,29.61326696666667,6514.9080952380955
2020-06-11 16:15:00,-0.8968727415326883,-0.44228869021900136,0.11092464234482752,25.888795034482765,28.060255413793104,3887.98
2020-06-11 16:30:00,-0.9238795325112868,-0.3826834323650895,0.106418664,25.363669599999994,25.50034883333333,3859.485714285714
2020-06-11 16:45:00,-0.9469301294951056,-0.3214394653031618,0.068217775,25.617999166666667,25.562178666666668,2357.8314285714287
2020-06-11 17:00:00,-0.9659258262890683,-0.25881904510252063,0.076213266275862,26.015373551724124,26.399087862068964,2567.4138095238095
2020-06-11 17:15:00,-0.9807852804032303,-0.19509032201612866,0.0611145239,26.459341366666663,27.310375,2040.4880952380952
2020-06-11 17:30:00,-0.9914448613738104,-0.13052619222005163,0.05849952396551719,26.65583220689655,27.50522993103448,1931.0866666666666
2020-06-11 17:45:00,-0.9978589232386035,-0.06540312923014362,0.0535718095333333,26.73281353333333,26.82401533333333,1770.118095238095
2020-06-11 18:00:00,-1.0,-1.8369701987210297e-16,0.0469554367666666,26.72596343333333,26.88893446666667,1552.787619047619
2020-06-11 18:15:00,-0.9978589232386036,0.06540312923014237,0.0229097102413793,26.49930441379311,26.40681503448276,742.8666666666667
2020-06-11 18:30:00,-0.9914448613738104,0.13052619222005213,0.0081508001466666,26.28690993333333,25.899502400000006,195.2147619047619
2020-06-11 18:45:00,-0.9807852804032304,0.1950903220161283,0.0012175895017241,26.107652275862065,25.58488510344828,0.0
2020-06-11 19:00:00,-0.9659258262890682,0.25881904510252113,0.0,26.036107399999995,25.255116666666677,0.0
2020-06-11 19:15:00,-0.9469301294951057,0.3214394653031615,0.0,25.8624267,25.206319099999995,0.0
2020-06-11 19:30:00,-0.9238795325112866,0.38268343236509,0.0,24.943180413793097,24.608417379310342,0.0
2020-06-11 19:45:00,-0.8968727415326884,0.442288690219001,0.0,24.247928966666663,22.8602712,0.0
2020-06-11 20:00:00,-0.8660254037844386,0.5000000000000001,0.0,23.929683241379312,22.196393344827584,0.0
2020-06-11 20:15:00,-0.8314696123025455,0.5555702330196018,0.0,23.84047006666667,22.104235700000007,0.0
2020-06-11 20:30:00,-0.7933533402912352,0.6087614290087205,0.0,23.795964517241377,22.03030396551724,0.0
2020-06-11 20:45:00,-0.7518398074789777,0.6593458151000684,0.0,23.400524000000004,21.926543333333328,0.0
2020-06-11 21:00:00,-0.7071067811865477,0.7071067811865474,0.0,23.184910333333328,21.805719033333336,0.0
2020-06-11 21:15:00,-0.6593458151000687,0.7518398074789775,0.0,23.137103344827583,21.75369079310345,0.0
2020-06-11 21:30:00,-0.608761429008721,0.7933533402912349,0.0,23.2143099,21.7712443,0.0
2020-06-11 21:45:00,-0.5555702330196022,0.8314696123025452,0.0,23.091332586206903,21.701135,0.0
2020-06-11 22:00:00,-0.5000000000000004,0.8660254037844384,0.0,23.106439166666664,21.6895355,0.0
2020-06-11 22:15:00,-0.4422886902190014,0.8968727415326883,0.0,23.108354766666668,21.676100666666663,0.0
2020-06-11 22:30:00,-0.38268343236508956,0.9238795325112868,0.0,23.167986137931035,21.722446689655172,0.0
2020-06-11 22:45:00,-0.32143946530316186,0.9469301294951056,0.0,23.0900807,21.662187733333333,0.0
2020-06-11 23:00:00,-0.2588190451025207,0.9659258262890683,0.0,23.0771108,21.622833199999995,0.0
2020-06-11 23:15:00,-0.19509032201612872,0.9807852804032303,0.0,23.062493586206894,21.668886448275863,0.0
2020-06-11 23:30:00,-0.13052619222005168,0.9914448613738104,0.0,22.998343899999995,21.65067433333333,0.0
2020-06-11 23:45:00,-0.06540312923014367,0.9978589232386035,0.0,23.00536055172413,21.64281696551724,0.0
2020-06-12 00:00:00,0.0,1.0,0.0,23.096333766666664,21.81936953333334,0.0
2020-06-12 00:15:00,0.06540312923014306,0.9978589232386035,0.0,23.07342593103449,21.868107310344826,0.0
2020-06-12 00:30:00,0.13052619222005157,0.9914448613738104,0.0,23.198418433333337,21.921284133333334,0.0
2020-06-12 00:45:00,0.19509032201612825,0.9807852804032304,0.0,23.259188033333327,21.7901601,0.0
2020-06-12 01:00:00,0.25881904510252074,0.9659258262890683,0.0,23.26828003448276,22.156882620689657,0.0
2020-06-12 01:15:00,0.3214394653031616,0.9469301294951057,0.0,23.03963933333333,22.2565656,0.0
2020-06-12 01:30:00,0.3826834323650898,0.9238795325112867,0.0,22.93840913793104,22.340520448275857,0.0
2020-06-12 01:45:00,0.4422886902190013,0.8968727415326883,0.0,22.8403045,22.311083166666663,0.0
2020-06-12 02:00:00,0.49999999999999994,0.8660254037844387,0.0,22.75244333333333,22.36223953333333,0.0
2020-06-12 02:15:00,0.5555702330196022,0.8314696123025452,0.0,22.652374,22.18530289655172,0.0
2020-06-12 02:30:00,0.6087614290087207,0.7933533402912352,0.0,22.610987366666663,22.14618743333333,0.0
2020-06-12 02:45:00,0.6593458151000688,0.7518398074789774,0.0,22.557934620689657,21.900003448275864,0.0
2020-06-12 03:00:00,0.7071067811865476,0.7071067811865476,0.0,22.6381885,21.888890600000003,0.0
2020-06-12 03:15:00,0.7518398074789773,0.659345815100069,7.678095999999998e-06,22.836479599999997,22.47486883333333,0.0
2020-06-12 03:30:00,0.7933533402912352,0.6087614290087207,0.0,22.870540068965514,22.632726241379306,0.0
2020-06-12 03:45:00,0.8314696123025452,0.5555702330196023,0.0,22.97101426666667,22.699416133333333,0.0
2020-06-12 04:00:00,0.8660254037844386,0.5000000000000001,0.0,23.079390758620686,22.813601965517243,0.0
2020-06-12 04:15:00,0.8968727415326884,0.44228869021900125,0.0,23.20513930000001,22.95454596666666,0.0
2020-06-12 04:30:00,0.9238795325112867,0.38268343236508984,0.0,23.228767833333336,23.02070903333334,0.0
2020-06-12 04:45:00,0.9469301294951057,0.3214394653031615,0.0,23.179444862068973,23.012233275862062,0.0
2020-06-12 05:00:00,0.9659258262890683,0.25881904510252074,0.0,23.2061069,22.8791188,0.0
2020-06-12 05:15:00,0.9807852804032304,0.19509032201612833,0.0,23.23781186206897,22.71333889655173,0.0
2020-06-12 05:30:00,0.9914448613738104,0.1305261922200517,1.2796612e-06,23.213350633333327,22.55468443333333,0.0
2020-06-12 05:45:00,0.9978589232386035,0.06540312923014305,0.0007294055549666,23.308441233333337,22.930191999999995,0.0
2020-06-12 06:00:00,1.0,6.123233995736766e-17,0.0042056504241379,23.326241310344837,23.077431448275856,18.324761904761907
2020-06-12 06:15:00,0.9978589232386035,-0.06540312923014292,0.014498436849999997,23.362587600000005,23.246462933333326,413.30619047619047
2020-06-12 06:30:00,0.9914448613738105,-0.13052619222005138,0.0334927551724137,23.470018275862063,23.604529000000003,1032.5990476190475
2020-06-12 06:45:00,0.9807852804032305,-0.19509032201612797,0.0671627485333333,23.641302533333327,24.350484133333328,2138.4866666666667
2020-06-12 07:00:00,0.9659258262890683,-0.25881904510252085,0.0903843469999999,23.84684933333334,25.189636166666663,2837.195238095238
2020-06-12 07:15:00,0.9469301294951057,-0.3214394653031616,0.1164797561724138,24.097485965517247,26.135771551724137,3681.004761904762
2020-06-12 07:30:00,0.9238795325112867,-0.3826834323650897,0.1372689796666666,24.3609651,27.167583133333327,4387.038095238096
2020-06-12 07:45:00,0.8968727415326884,-0.44228869021900113,0.1758698168965517,24.554530655172417,27.705915724137927,5706.124761904762
2020-06-12 08:00:00,0.8660254037844387,-0.4999999999999998,0.1600963385,24.89767446666667,28.734350633333335,5111.046666666666
2020-06-12 08:15:00,0.8314696123025451,-0.5555702330196023,0.1578865952068965,25.017379206896553,28.646566448275852,5518.042380952381
2020-06-12 08:30:00,0.7933533402912352,-0.6087614290087207,0.1990606736666666,25.175836200000003,29.600538133333337,6723.949523809524
2020-06-12 08:45:00,0.7518398074789774,-0.6593458151000688,0.1142524157931034,25.023628,28.13070258620689,4016.6295238095236
2020-06-12 09:00:00,0.7071067811865476,-0.7071067811865475,0.302462571,25.586730966666668,30.660331433333337,10077.79238095238
2020-06-12 09:15:00,0.6593458151000686,-0.7518398074789776,0.23993351733333326,25.9005231,31.52512816666666,8071.26
2020-06-12 09:30:00,0.6087614290087204,-0.7933533402912353,0.41195831965517243,26.35951931034481,34.320217758620686,13489.620952380952
2020-06-12 09:45:00,0.5555702330196022,-0.8314696123025453,0.2954317716666666,26.720213833333336,34.9373119,9607.231904761904
2020-06-12 10:00:00,0.49999999999999994,-0.8660254037844387,0.2300879279310344,26.489556724137927,32.30903151724138,7973.1866666666665
2020-06-12 10:15:00,0.4422886902190013,-0.8968727415326883,0.160934984,26.2019552,30.3946726,5498.294285714285
2020-06-12 10:30:00,0.3826834323650899,-0.9238795325112867,0.1544609948275861,26.23958182758621,29.84086337931035,5390.651904761905
2020-06-12 10:45:00,0.32143946530316175,-0.9469301294951056,0.1954025728666666,26.212235466666662,29.820671633333337,6972.48
2020-06-12 11:00:00,0.258819045102521,-0.9659258262890682,0.37309397034482755,26.93907844827586,33.2047645862069,12778.31380952381
2020-06-12 11:15:00,0.19509032201612816,-0.9807852804032304,0.5259339126666668,27.978457700000003,38.802913200000006,16730.39619047619
2020-06-12 11:30:00,0.13052619222005157,-0.9914448613738104,0.4696381220689654,26.552858620689655,35.65671510344827,15521.813333333332
2020-06-12 11:45:00,0.06540312923014312,-0.9978589232386035,0.36761354046666656,24.5112182,29.3274028,13111.25761904762
2020-06-12 12:00:00,1.2246467991473532e-16,-1.0,0.3948018151724138,23.428060655172416,27.380415310344823,13859.137619047619
2020-06-12 12:15:00,-0.06540312923014287,-0.9978589232386035,0.3823716986666667,23.300787333333332,26.914875199999997,13289.160476190476
2020-06-12 12:30:00,-0.13052619222005132,-0.9914448613738105,0.38243570344827577,24.715149999999998,31.10258551724138,13055.762857142858
2020-06-12 12:45:00,-0.19509032201612792,-0.9807852804032305,0.5171967406666664,25.759937466666667,35.285202166666664,10424.753333333334
2020-06-12 13:00:00,-0.25881904510252035,-0.9659258262890684,0.4912427266666668,26.2566009,39.8784078,3140.7228571428573
2020-06-12 13:15:00,-0.3214394653031611,-0.9469301294951058,0.43670329724137935,25.59403093103448,34.252540413793106,13192.516666666666
2020-06-12 13:30:00,-0.3826834323650892,-0.923879532511287,0.537373153,26.233689366666667,37.80731616666668,12302.10380952381
2020-06-12 13:45:00,-0.44228869021900147,-0.8968727415326883,0.3653654527586207,26.18573413793104,35.571158620689644,11463.334285714285
2020-06-12 14:00:00,-0.5000000000000001,-0.8660254037844386,0.48687882566666657,26.533529600000005,35.9721252,16349.746666666666
2020-06-12 14:15:00,-0.5555702330196023,-0.8314696123025452,0.41831583655172416,27.018877724137926,37.32093027586206,13838.132380952382
2020-06-12 14:30:00,-0.6087614290087207,-0.7933533402912352,0.325917801,26.86715286666667,34.35756966666667,10771.670476190477
2020-06-12 14:45:00,-0.6593458151000688,-0.7518398074789774,0.329804623,26.675744433333332,33.7304332,11126.340952380953
2020-06-12 15:00:00,-0.7071067811865475,-0.7071067811865477,0.4389835762068964,26.96615486206897,35.406001482758626,14869.313333333334
2020-06-12 15:15:00,-0.7518398074789773,-0.6593458151000691,0.3928341253333331,27.368944333333328,36.35862943333333,13241.13238095238
2020-06-12 15:30:00,-0.7933533402912349,-0.6087614290087209,0.42733382,27.941324275862076,37.08138175862069,14382.96
2020-06-12 15:45:00,-0.8314696123025448,-0.555570233019603,0.3425049133333333,27.896961466666667,35.5313305,11631.765714285715
2020-06-12 16:00:00,-0.8660254037844385,-0.5000000000000004,0.2889376348275862,27.961402655172414,34.75383044827586,9675.270476190475
2020-06-12 16:15:00,-0.8968727415326883,-0.44228869021900136,0.1577513288333333,27.8158599,32.435735233333325,5205.533333333333
2020-06-12 16:30:00,-0.9238795325112868,-0.3826834323650895,0.1567048989999999,27.547283766666677,30.63709816666666,5125.92619047619
2020-06-12 16:45:00,-0.9469301294951056,-0.3214394653031618,0.18502129413793103,27.76650455172414,31.496946068965517,6116.759999999999
2020-06-12 17:00:00,-0.9659258262890683,-0.25881904510252063,0.165160775,27.714652300000008,31.382141166666667,5510.630476190476
2020-06-12 17:15:00,-0.9807852804032303,-0.19509032201612866,0.1674244803448276,27.65320755172414,31.374698,5559.100952380953
2020-06-12 17:30:00,-0.9914448613738104,-0.13052619222005163,0.1150523565,27.433122866666665,30.225402766666665,3784.329523809524
2020-06-12 17:45:00,-0.9978589232386035,-0.06540312923014362,0.0685438064137931,27.063544931034485,28.678094344827585,2257.6614285714286
2020-06-12 18:00:00,-1.0,-1.8369701987210297e-16,0.0457077810666666,26.4373973,27.4619964,1490.9333333333334
2020-06-12 18:15:00,-0.9978589232386036,0.06540312923014237,0.06077484560000001,25.75769143333333,26.8622061,2014.8957142857141
2020-06-12 18:30:00,-0.9914448613738104,0.13052619222005213,0.0212704814827586,25.43092389655172,25.734652827586206,704.807619047619
2020-06-12 18:45:00,-0.9807852804032304,0.1950903220161283,0.002202877719,24.82610973333334,24.3313711,43.413333333333334
2020-06-12 19:00:00,-0.9659258262890682,0.25881904510252113,0.0,24.49466051724137,23.72833675862069,0.0
2020-06-12 19:15:00,-0.9469301294951057,0.3214394653031615,0.0,24.276333733333328,23.257940766666668,0.0
2020-06-12 19:30:00,-0.9238795325112866,0.38268343236509,0.0,24.1361651724138,23.004158689655167,0.0
2020-06-12 19:45:00,-0.8968727415326884,0.442288690219001,0.0,23.968401166666663,22.7500885,0.0
2020-06-12 20:00:00,-0.8660254037844386,0.5000000000000001,0.0,23.79291786206896,22.52788889655172,0.0
2020-06-12 20:15:00,-0.8314696123025455,0.5555702330196018,0.0,23.74951343333333,22.500599066666663,0.0
2020-06-12 20:30:00,-0.7933533402912352,0.6087614290087205,0.0,23.81657296666667,22.510073933333334,0.0
2020-06-12 20:45:00,-0.7518398074789777,0.6593458151000684,0.0,23.961165999999995,22.79937524137931,0.0
2020-06-12 21:00:00,-0.7071067811865477,0.7071067811865474,0.0,23.154267333333337,22.475289933333336,0.0
2020-06-12 21:15:00,-0.6593458151000687,0.7518398074789775,0.0,22.76536689655172,21.947880275862072,0.0
2020-06-12 21:30:00,-0.608761429008721,0.7933533402912349,0.0,23.17677313333333,21.9652741,0.0
2020-06-12 21:45:00,-0.5555702330196022,0.8314696123025452,0.0,23.242798758620687,22.311946655172413,0.0
2020-06-12 22:00:00,-0.5000000000000004,0.8660254037844384,0.0,23.19935533333333,22.182686466666663,0.0
2020-06-12 22:15:00,-0.4422886902190014,0.8968727415326883,0.0,23.134124068965523,22.071300586206892,0.0
2020-06-12 22:30:00,-0.38268343236508956,0.9238795325112868,0.0,23.131442766666662,22.122366466666666,0.0
2020-06-12 22:45:00,-0.32143946530316186,0.9469301294951056,0.0,23.006417,22.191467379310343,0.0
2020-06-12 23:00:00,-0.2588190451025207,0.9659258262890683,0.0,22.8288644,22.17601516666667,0.0
2020-06-12 23:15:00,-0.19509032201612872,0.9807852804032303,0.0,22.808352633333328,22.152892166666668,0.0
2020-06-12 23:30:00,-0.13052619222005168,0.9914448613738104,0.0,22.98652075862069,22.442028275862068,0.0
2020-06-12 23:45:00,-0.06540312923014367,0.9978589232386035,0.0,23.099230266666662,22.757665999999997,0.0
2020-06-13 00:00:00,0.0,1.0,0.0,23.184429793103448,22.943784551724136,0.0
2020-06-13 00:15:00,0.06540312923014306,0.9978589232386035,0.0,23.150216233333328,22.906561333333336,0.0
2020-06-13 00:30:00,0.13052619222005157,0.9914448613738104,0.0,23.11269223333333,22.756977566666663,0.0
2020-06-13 00:45:00,0.19509032201612825,0.9807852804032304,0.0,23.08237410344828,22.74549496551724,0.0
2020-06-13 01:00:00,0.25881904510252074,0.9659258262890683,0.0,23.00601510000001,22.40501096666667,0.0
2020-06-13 01:15:00,0.3214394653031616,0.9469301294951057,0.0,22.890840482758623,22.013978206896557,0.0
2020-06-13 01:30:00,0.3826834323650898,0.9238795325112867,0.0,22.8207133,21.930839200000005,0.0
2020-06-13 01:45:00,0.4422886902190013,0.8968727415326883,0.0,22.72088706896552,21.77449182758621,0.0
2020-06-13 02:00:00,0.49999999999999994,0.8660254037844387,0.0,22.5558715,21.47388816666667,0.0
2020-06-13 02:15:00,0.5555702330196022,0.8314696123025452,0.0,22.479495266666667,21.197295066666666,0.0
2020-06-13 02:30:00,0.6087614290087207,0.7933533402912352,0.0,22.3614405862069,21.013108,0.0
2020-06-13 02:45:00,0.6593458151000688,0.7518398074789774,0.0,22.19928706896552,20.87596913793103,0.0
2020-06-13 03:00:00,0.7071067811865476,0.7071067811865476,0.0,22.245439433333328,21.0944417,0.0
2020-06-13 03:15:00,0.7518398074789773,0.659345815100069,0.0,22.36969820689655,21.382351482758622,0.0
2020-06-13 03:30:00,0.7933533402912352,0.6087614290087207,0.0,22.4259338,21.50950313333333,0.0
2020-06-13 03:45:00,0.8314696123025452,0.5555702330196023,0.0,22.485639500000005,21.632194,0.0
2020-06-13 04:00:00,0.8660254037844386,0.5000000000000001,0.0,22.450481344827583,21.66662706896552,0.0
2020-06-13 04:15:00,0.8968727415326884,0.44228869021900125,0.0,22.44443163333333,21.60771493333333,0.0
2020-06-13 04:30:00,0.9238795325112867,0.38268343236508984,0.0,22.41131893103449,21.86795362068966,0.0
2020-06-13 04:45:00,0.9469301294951057,0.3214394653031615,0.0,22.3611438,21.832094433333328,0.0
2020-06-13 05:00:00,0.9659258262890683,0.25881904510252074,0.0,22.523588103448283,22.240750310344826,0.0
2020-06-13 05:15:00,0.9807852804032304,0.19509032201612833,0.0,22.467644166666663,22.266552033333333,0.0
2020-06-13 05:30:00,0.9914448613738104,0.1305261922200517,0.0,22.4155183,21.997017466666662,0.0
2020-06-13 05:45:00,0.9978589232386035,0.06540312923014305,0.0004951048193103,22.57172051724138,22.091257103448275,0.0
2020-06-13 06:00:00,1.0,6.123233995736766e-17,0.0047783350833333,22.766307433333335,22.51000266666666,58.82333333333333
2020-06-13 06:15:00,0.9978589232386035,-0.06540312923014292,0.0294931157931034,22.787000999999997,22.631227827586205,906.0533333333333
2020-06-13 06:30:00,0.9914448613738105,-0.13052619222005138,0.0522247736,22.937554866666662,23.225595166666665,1568.9609523809524
2020-06-13 06:45:00,0.9807852804032305,-0.19509032201612797,0.0817221908965517,23.255329103448275,24.10833210344828,2445.0895238095236
2020-06-13 07:00:00,0.9659258262890683,-0.25881904510252085,0.1453918824999999,23.702573666666662,25.604902100000004,4218.086666666666
2020-06-13 07:15:00,0.9469301294951057,-0.3214394653031616,0.1300059603793103,23.963179,26.806506931034484,3990.2247619047616
2020-06-13 07:30:00,0.9238795325112867,-0.3826834323650897,0.253675025,24.236652733333333,28.46931553333333,7451.5723809523815
2020-06-13 07:45:00,0.8968727415326884,-0.44228869021900113,0.2067145637931034,24.563085137931044,29.49788910344828,6195.345714285714
2020-06-13 08:00:00,0.8660254037844387,-0.4999999999999998,0.2621186786666666,24.846696899999998,30.34787493333333,8081.4171428571435
2020-06-13 08:15:00,0.8314696123025451,-0.5555702330196023,0.3103957249999999,25.2793741,32.2735037,9546.169047619047
2020-06-13 08:30:00,0.7933533402912352,-0.6087614290087207,0.2426449144827586,25.41420231034483,32.084453827586216,7863.04
2020-06-13 08:45:00,0.7518398074789774,-0.6593458151000688,0.3977003459999999,25.861503033333335,34.150635733333324,12399.100952380952
2020-06-13 09:00:00,0.7071067811865476,-0.7071067811865475,0.4468312662068966,26.334351620689645,36.220191655172414,13762.022380952381
2020-06-13 09:15:00,0.6593458151000686,-0.7518398074789776,0.24257451166666663,26.02128306666667,34.39281413333335,7896.592380952381
2020-06-13 09:30:00,0.6087614290087204,-0.7933533402912353,0.4341903689655172,26.220575793103453,34.61468486206896,13896.894285714287
2020-06-13 09:45:00,0.5555702330196022,-0.8314696123025453,0.6071182516666666,27.2044362,40.3800657,5990.16
2020-06-13 10:00:00,0.49999999999999994,-0.8660254037844387,0.6132955162068963,28.234621275862068,47.1816038275862,10508.256666666666
2020-06-13 10:15:00,0.4422886902190013,-0.8968727415326883,0.4145163073333333,27.541681866666668,38.509893733333335,12846.57619047619
2020-06-13 10:30:00,0.3826834323650899,-0.9238795325112867,0.7940656137931034,28.801169482758613,47.45520072413794,3594.3928571428573
2020-06-13 10:45:00,0.32143946530316175,-0.9469301294951056,0.503414697,28.721466066666665,45.33758843333334,0.0
2020-06-13 11:00:00,0.258819045102521,-0.9659258262890682,0.7394258875862069,28.386927241379315,43.36369134482759,7658.426666666666
2020-06-13 11:15:00,0.19509032201612816,-0.9807852804032304,0.6750354446666667,29.511782833333328,45.455444333333325,10958.68
2020-06-13 11:30:00,0.13052619222005157,-0.9914448613738104,0.5872391644827587,29.634007931034475,42.70479703448276,10266.35238095238
2020-06-13 11:45:00,0.06540312923014312,-0.9978589232386035,0.6300300593333332,30.131878566666668,43.11532823333332,11143.806666666667
2020-06-13 12:00:00,1.2246467991473532e-16,-1.0,0.7281766237931034,31.01107903448275,46.75919627586208,13029.14380952381
2020-06-13 12:15:00,-0.06540312923014287,-0.9978589232386035,0.9020301976666668,31.3466552,48.53815513333333,15658.626666666667
2020-06-13 12:30:00,-0.13052619222005132,-0.9914448613738105,0.927123663103448,31.878953586206897,51.00864596551724,15476.281428571428
2020-06-13 12:45:00,-0.19509032201612792,-0.9807852804032305,0.6086226563333333,31.805928499999997,48.26185130000001,10491.970476190476
2020-06-13 13:00:00,-0.25881904510252035,-0.9659258262890684,0.7856176037931033,31.572318206896558,45.87381920689655,14307.80238095238
2020-06-13 13:15:00,-0.3214394653031611,-0.9469301294951058,0.6571986693333333,31.76270343333333,46.69045210000001,12320.322857142855
2020-06-13 13:30:00,-0.3826834323650892,-0.923879532511287,0.7514176462068964,31.910202517241387,47.1551795862069,12553.26
2020-06-13 13:45:00,-0.44228869021900147,-0.8968727415326883,0.2910304896666667,30.5955841,39.9424855,6036.041904761904
2020-06-13 14:00:00,-0.5000000000000001,-0.8660254037844386,0.6234992839999997,29.455466666666663,38.4217205,13403.049047619048
2020-06-13 14:15:00,-0.5555702330196023,-0.8314696123025452,0.43658024,29.423552413793104,37.706329344827594,11217.80619047619
2020-06-13 14:30:00,-0.6087614290087207,-0.7933533402912352,0.7933978416666666,30.290029733333327,44.31017856666666,18601.24
2020-06-13 14:45:00,-0.6593458151000688,-0.7518398074789774,0.3886319782758621,30.836727793103446,43.494223724137925,8843.35761904762
2020-06-13 15:00:00,-0.7071067811865475,-0.7071067811865477,0.43273351933333326,30.516839533333336,39.930492,12772.198571428571
2020-06-13 15:15:00,-0.7518398074789773,-0.6593458151000691,0.5063876589655171,30.912600620689663,40.987721448275856,15687.341904761905
2020-06-13 15:30:00,-0.7933533402912349,-0.6087614290087209,0.49597892299999996,31.01340953333333,42.527682566666655,15304.82857142857
2020-06-13 15:45:00,-0.8314696123025448,-0.555570233019603,0.4535888472413792,30.763786689655173,39.48935248275863,14784.673333333332
2020-06-13 16:00:00,-0.8660254037844385,-0.5000000000000004,0.2837699573333333,30.643006366666665,38.751304966666666,9507.649523809523
2020-06-13 16:15:00,-0.8968727415326883,-0.44228869021900136,0.3810035668965517,30.497337655172416,36.904718896551714,13396.718095238095
2020-06-13 16:30:00,-0.9238795325112868,-0.3826834323650895,0.2707068873333333,30.523774166666666,36.9320934,9233.866666666667
2020-06-13 16:45:00,-0.9469301294951056,-0.3214394653031618,0.2919719574,30.178978566666668,34.8094543,10297.415238095238
2020-06-13 17:00:00,-0.9659258262890683,-0.25881904510252063,0.3049379434482758,30.02002482758621,35.64223806896552,10823.686666666666
2020-06-13 17:15:00,-0.9807852804032303,-0.19509032201612866,0.18983160649999997,29.355659,33.714150966666665,6129.985238095238
2020-06-13 17:30:00,-0.9914448613738104,-0.13052619222005163,0.1358335086896552,28.722076448275857,31.33327931034482,4363.493333333333
2020-06-13 17:45:00,-0.9978589232386035,-0.06540312923014362,0.0903164092333333,28.22930816666667,29.8575644,2940.790476190476
2020-06-13 18:00:00,-1.0,-1.8369701987210297e-16,0.0846159424137931,28.09258296551724,29.486007310344817,2702.677619047619
2020-06-13 18:15:00,-0.9978589232386036,0.06540312923014237,0.0482598143666666,27.560239666666675,28.0127574,1522.8514285714286
2020-06-13 18:30:00,-0.9914448613738104,0.13052619222005213,0.0196069763620689,26.950208896551718,26.744106931034484,619.6466666666666
2020-06-13 18:45:00,-0.9807852804032304,0.1950903220161283,0.0022054319846666,26.383051433333325,25.734800066666665,33.02047619047619
2020-06-13 19:00:00,-0.9659258262890682,0.25881904510252113,0.0,26.102270724137927,25.34622289655173,0.0
2020-06-13 19:15:00,-0.9469301294951057,0.3214394653031615,0.0,25.968001399999995,25.22874343333333,0.0
2020-06-13 19:30:00,-0.9238795325112866,0.38268343236509,0.0,25.766977999999998,24.830004900000002,0.0
2020-06-13 19:45:00,-0.8968727415326884,0.442288690219001,0.0,25.689107758620697,24.811205724137935,0.0
2020-06-13 20:00:00,-0.8660254037844386,0.5000000000000001,0.0,25.728445333333333,25.284877399999996,0.0
2020-06-13 20:15:00,-0.8314696123025455,0.5555702330196018,0.0,24.964022862068965,24.19147475862069,0.0
2020-06-13 20:30:00,-0.7933533402912352,0.6087614290087205,0.0,24.1302543,23.396651266666662,0.0
2020-06-13 20:45:00,-0.7518398074789777,0.6593458151000684,0.0,24.408619233333333,22.987135666666664,0.0
2020-06-13 21:00:00,-0.7071067811865477,0.7071067811865474,0.0,24.628064379310345,22.85595717241379,0.0
2020-06-13 21:15:00,-0.6593458151000687,0.7518398074789775,0.0,24.769791533333333,23.19620366666667,0.0
2020-06-13 21:30:00,-0.608761429008721,0.7933533402912349,0.0,24.742705965517235,23.634016379310346,0.0
2020-06-13 21:45:00,-0.5555702330196022,0.8314696123025452,0.0,24.633418833333334,23.54427586666667,0.0
2020-06-13 22:00:00,-0.5000000000000004,0.8660254037844384,0.0,24.702783033333336,23.610487966666657,0.0
2020-06-13 22:15:00,-0.4422886902190014,0.8968727415326883,0.0,24.616666586206897,23.65589327586207,0.0
2020-06-13 22:30:00,-0.38268343236508956,0.9238795325112868,0.0,24.502966399999995,23.41285413333333,0.0
2020-06-13 22:45:00,-0.32143946530316186,0.9469301294951056,0.0,24.393407482758622,23.194318172413794,0.0
2020-06-13 23:00:00,-0.2588190451025207,0.9659258262890683,0.0,24.254086299999997,22.898698833333327,0.0
2020-06-13 23:15:00,-0.19509032201612872,0.9807852804032303,0.0,24.0774854,22.555913166666663,0.0
2020-06-13 23:30:00,-0.13052619222005168,0.9914448613738104,0.0,23.96624231034483,22.41555251724138,0.0
2020-06-13 23:45:00,-0.06540312923014367,0.9978589232386035,0.0,23.834090966666675,22.169777566666667,0.0
2020-06-14 00:00:00,0.0,1.0,0.0,23.775725931034483,22.11771368965517,0.0
2020-06-14 00:15:00,0.06540312923014306,0.9978589232386035,0.0,23.7299946,22.241563133333333,0.0
2020-06-14 00:30:00,0.13052619222005157,0.9914448613738104,0.0,23.6519716,22.2784547,0.0
2020-06-14 00:45:00,0.19509032201612825,0.9807852804032304,7.810113413793104e-05,23.77284196551724,22.823528482758626,0.0
2020-06-14 01:00:00,0.25881904510252074,0.9659258262890683,0.0001062090888666,24.106607299999997,23.5477671,0.0
2020-06-14 01:15:00,0.3214394653031616,0.9469301294951057,0.0,24.121376896551723,23.53657382758621,0.0
2020-06-14 01:30:00,0.3826834323650898,0.9238795325112867,0.0,24.116438966666667,23.0164214,0.0
2020-06-14 01:45:00,0.4422886902190013,0.8968727415326883,0.0,24.412602766666677,23.533722033333333,0.0
2020-06-14 02:00:00,0.49999999999999994,0.8660254037844387,0.0,24.50337486206896,23.667025862068968,0.0
2020-06-14 02:15:00,0.5555702330196022,0.8314696123025452,0.0,24.20817986666667,23.21623126666667,0.0
2020-06-14 02:30:00,0.6087614290087207,0.7933533402912352,0.0,24.03689703448276,22.987598344827592,0.0
2020-06-14 02:45:00,0.6593458151000688,0.7518398074789774,0.0,23.97870283333333,22.8038574,0.0
2020-06-14 03:00:00,0.7071067811865476,0.7071067811865476,1.3237111379310342e-06,24.195368310344826,23.62546093103448,0.0
2020-06-14 03:15:00,0.7518398074789773,0.659345815100069,0.0,24.047544399999996,23.161643566666665,0.0
2020-06-14 03:30:00,0.7933533402912352,0.6087614290087207,0.0,23.953640766666663,23.002978366666667,0.0
2020-06-14 03:45:00,0.8314696123025452,0.5555702330196023,0.0,23.967751310344827,22.833656137931037,0.0
2020-06-14 04:00:00,0.8660254037844386,0.5000000000000001,0.0,24.02683333333333,22.792974966666662,0.0
2020-06-14 04:15:00,0.8968727415326884,0.44228869021900125,0.0,24.118332551724134,23.167076379310352,0.0
2020-06-14 04:30:00,0.9238795325112867,0.38268343236508984,0.0,24.161245966666662,23.494035,0.0
2020-06-14 04:45:00,0.9469301294951057,0.3214394653031615,0.0,24.015047433333333,23.30908413333333,0.0
2020-06-14 05:00:00,0.9659258262890683,0.25881904510252074,0.0,23.96164786206897,23.443989827586208,0.0
2020-06-14 05:15:00,0.9807852804032304,0.19509032201612833,0.0,23.917826,23.409377100000004,0.0
2020-06-14 05:30:00,0.9914448613738104,0.1305261922200517,0.0,24.095431655172412,23.63225903448276,0.0
2020-06-14 05:45:00,0.9978589232386035,0.06540312923014305,0.0009635307771999999,24.128701766666666,23.486613,0.0
2020-06-14 06:00:00,1.0,6.123233995736766e-17,0.012720857172413698,24.222949862068962,23.77290606896552,306.3095238095238
2020-06-14 06:15:00,0.9978589232386035,-0.06540312923014292,0.0344617859666666,24.349084633333334,24.026523833333332,1032.4666666666667
2020-06-14 06:30:00,0.9914448613738105,-0.13052619222005138,0.0679793497931034,24.570349310344827,24.79671503448276,2118.9709523809524
2020-06-14 06:45:00,0.9807852804032305,-0.19509032201612797,0.1124631353999999,24.901077066666662,26.4780029,3550.365238095238
2020-06-14 07:00:00,0.9659258262890683,-0.25881904510252085,0.1760263989655172,25.54066827586208,28.2249555862069,5098.398095238095
2020-06-14 07:15:00,0.9469301294951057,-0.3214394653031616,0.23066198699999999,25.920732666666662,30.010718666666666,6494.06
2020-06-14 07:30:00,0.9238795325112867,-0.3826834323650897,0.2933428420689654,26.400092827586203,32.388297413793104,8101.5257142857145
2020-06-14 07:45:00,0.8968727415326884,-0.44228869021900113,0.374707374,26.507665,32.670761166666665,10075.604761904762
2020-06-14 08:00:00,0.8660254037844387,-0.4999999999999998,0.3206890286206896,27.246093724137925,35.330571758620685,10140.417142857143
2020-06-14 08:15:00,0.8314696123025451,-0.5555702330196023,0.252571925,26.843411166666666,32.82237119999999,7856.0233333333335
2020-06-14 08:30:00,0.7933533402912352,-0.6087614290087207,0.4067320644444445,27.329228,34.37789599999999,11446.406666666666
2020-06-14 08:45:00,0.7518398074789774,-0.6593458151000688,0.3368159026666667,27.568192566666667,35.298638999999994,9610.738095238095
2020-06-14 09:00:00,0.7071067811865476,-0.7071067811865475,0.6121185824137931,28.24413975862069,39.94139131034482,15313.48857142857
2020-06-14 09:15:00,0.6593458151000686,-0.7518398074789776,0.464049278,28.443925033333336,39.155357066666646,11040.138095238095
2020-06-14 09:30:00,0.6087614290087204,-0.7933533402912353,0.437681084137931,28.6242611724138,39.783995413793114,11644.108571428571
2020-06-14 09:45:00,0.5555702330196022,-0.8314696123025453,0.3940888086666666,28.734169533333333,38.275773,10842.473333333333
2020-06-14 10:00:00,0.49999999999999994,-0.8660254037844387,0.4686161110344827,28.86396534482758,38.06350293103447,12493.129047619048
2020-06-14 10:15:00,0.4422886902190013,-0.8968727415326883,0.7643584866666667,30.01420586666666,44.896558733333336,14442.056666666665
2020-06-14 10:30:00,0.3826834323650899,-0.9238795325112867,0.8473476258620689,30.63661986206896,48.25690844827588,14876.287142857142
2020-06-14 10:45:00,0.32143946530316175,-0.9469301294951056,0.5323032116666666,30.432905033333327,43.14604706666668,10248.59761904762
2020-06-14 11:00:00,0.258819045102521,-0.9659258262890682,0.7720220348275862,31.12760348275862,47.85183613793103,15261.606666666665
2020-06-14 11:15:00,0.19509032201612816,-0.9807852804032304,0.782660194,31.79656173333333,50.92126149999999,13697.49
2020-06-14 11:30:00,0.13052619222005157,-0.9914448613738104,0.754396708275862,31.378124344827594,47.14193506896552,13162.960476190477
2020-06-14 11:45:00,0.06540312923014312,-0.9978589232386035,0.5332220434482758,31.610847068965526,46.602203379310346,11735.835238095238
2020-06-14 12:00:00,1.2246467991473532e-16,-1.0,0.5855762653333334,30.992035900000005,42.586829733333325,12174.001904761904
2020-06-14 12:15:00,-0.06540312923014287,-0.9978589232386035,0.8787766163333331,32.03907856666667,49.36540720000001,16734.816666666666
2020-06-14 12:30:00,-0.13052619222005132,-0.9914448613738105,0.9213555827586208,31.55893686206896,48.934904137931035,17283.906666666666
2020-06-14 12:45:00,-0.19509032201612792,-0.9807852804032305,0.8849503783333332,32.10389506666667,52.8011057,15620.360476190477
2020-06-14 13:00:00,-0.25881904510252035,-0.9659258262890684,0.9029522003448277,32.30668179310345,52.9857893448276,14139.169047619049
2020-06-14 13:15:00,-0.3214394653031611,-0.9469301294951058,0.8873814986666667,32.70611060000002,52.174472133333325,14971.369999999999
2020-06-14 13:30:00,-0.3826834323650892,-0.923879532511287,0.8256354096551722,32.6373982413793,50.71291168965516,13391.94
2020-06-14 13:45:00,-0.44228869021900147,-0.8968727415326883,0.757183638,32.64825039999999,50.36221213333335,13210.029047619048
2020-06-14 14:00:00,-0.5000000000000001,-0.8660254037844386,0.7570201910344828,32.95608731034483,48.6897182413793,14260.520952380952
2020-06-14 14:15:00,-0.5555702330196023,-0.8314696123025452,0.45313822800000003,32.494083633333325,44.67058416666666,9263.686666666666
2020-06-14 14:30:00,-0.6087614290087207,-0.7933533402912352,0.3450704103448276,31.499514862068967,38.70719641379311,10987.671428571428
2020-06-14 14:45:00,-0.6593458151000688,-0.7518398074789774,0.6560674536666667,32.334951633333326,44.24039810000001,18539.486666666668
2020-06-14 15:00:00,-0.7071067811865475,-0.7071067811865477,0.36936321655172405,31.692615310344824,42.727485172413786,11473.339523809524
2020-06-14 15:15:00,-0.7518398074789773,-0.6593458151000691,0.1843229213333333,30.196788566666665,35.68807996666667,6314.878571428571
2020-06-14 15:30:00,-0.7933533402912349,-0.6087614290087209,0.4304188627586207,30.659953103448277,35.306102896551714,14555.386666666665
2020-06-14 15:45:00,-0.8314696123025448,-0.555570233019603,0.5305140446666666,31.989416533333337,43.63690883333333,17286.121428571427
2020-06-14 16:00:00,-0.8660254037844385,-0.5000000000000004,0.3272701637931034,31.39423986206896,39.10474593103448,10078.293333333333
2020-06-14 16:15:00,-0.8968727415326883,-0.44228869021900136,0.20671780533333328,30.74876806666666,36.071380600000005,6716.085238095238
2020-06-14 16:30:00,-0.9238795325112868,-0.3826834323650895,0.3138297106896551,30.88903913793104,36.300511931034485,10646.092380952381
2020-06-14 16:45:00,-0.9469301294951056,-0.3214394653031618,0.1753590813333333,29.79161579999999,35.120568933333324,5888.17380952381
2020-06-14 17:00:00,-0.9659258262890683,-0.25881904510252063,0.1725242038,27.71768493333333,31.934087166666668,5871.724761904762
2020-06-14 17:15:00,-0.9807852804032303,-0.19509032201612866,0.1436007848965517,26.899515137931033,30.41965662068965,4833.351904761905
2020-06-14 17:30:00,-0.9914448613738104,-0.13052619222005163,0.1087214031999999,26.523709166666663,29.403150433333334,3683.7261904761904
2020-06-14 17:45:00,-0.9978589232386035,-0.06540312923014362,0.1048194387241379,26.32929734482758,28.67747451724138,3347.1266666666666
2020-06-14 18:00:00,-1.0,-1.8369701987210297e-16,0.0686907110666666,26.296776366666673,28.153064000000004,2243.5538095238094
2020-06-14 18:15:00,-0.9978589232386036,0.06540312923014237,0.0407503786551724,26.1740564137931,27.16848427586207,1312.7533333333333
2020-06-14 18:30:00,-0.9914448613738104,0.13052619222005213,0.01679531105,26.235976966666666,26.387166466666667,494.4271428571428
2020-06-14 18:45:00,-0.9807852804032304,0.1950903220161283,0.0016383259080689,26.37077713793104,26.324486310344824,0.0
2020-06-14 19:00:00,-0.9659258262890682,0.25881904510252113,0.0,26.391504066666663,26.25866303333333,0.0
2020-06-14 19:15:00,-0.9469301294951057,0.3214394653031615,0.0,26.318566620689648,25.850328,0.0
2020-06-14 19:30:00,-0.9238795325112866,0.38268343236509,0.0,26.152496199999995,25.51716816666667,0.0
2020-06-14 19:45:00,-0.8968727415326884,0.442288690219001,0.0,26.05676076666667,25.324434333333333,0.0
2020-06-14 20:00:00,-0.8660254037844386,0.5000000000000001,0.0,26.086180827586205,25.719854862068964,0.0
2020-06-14 20:15:00,-0.8314696123025455,0.5555702330196018,0.0,26.057802466666672,25.8777026,0.0
2020-06-14 20:30:00,-0.7933533402912352,0.6087614290087205,0.0,25.538560655172418,25.540892517241385,0.0
2020-06-14 20:45:00,-0.7518398074789777,0.6593458151000684,0.0,24.681337433333336,24.358361833333337,0.0
2020-06-14 21:00:00,-0.7071067811865477,0.7071067811865474,0.0,24.356663310344825,23.760432896551723,0.0
2020-06-14 21:15:00,-0.6593458151000687,0.7518398074789775,0.0,24.305560333333332,23.648791599999996,0.0
2020-06-14 21:30:00,-0.608761429008721,0.7933533402912349,0.0,24.492610689655177,23.475766068965516,0.0
2020-06-14 21:45:00,-0.5555702330196022,0.8314696123025452,0.0,24.129279699999998,22.79287313333333,0.0
2020-06-14 22:00:00,-0.5000000000000004,0.8660254037844384,0.0,24.05143143333333,22.558529766666677,0.0
2020-06-14 22:15:00,-0.4422886902190014,0.8968727415326883,0.0,24.156552827586207,22.76215020689655,0.0
2020-06-14 22:30:00,-0.38268343236508956,0.9238795325112868,0.0,24.13806056666668,22.858555600000003,0.0
2020-06-14 22:45:00,-0.32143946530316186,0.9469301294951056,0.0,24.185657379310342,22.922952586206897,0.0
2020-06-14 23:00:00,-0.2588190451025207,0.9659258262890683,0.0,24.412541766666664,23.356136166666662,0.0
2020-06-14 23:15:00,-0.19509032201612872,0.9807852804032303,0.0,24.652915366666672,23.91376343333333,0.0
2020-06-14 23:30:00,-0.13052619222005168,0.9914448613738104,0.0,24.702391344827593,24.18513027586207,0.0
2020-06-14 23:45:00,-0.06540312923014367,0.9978589232386035,0.0,24.5347565,23.921970633333334,0.0
2020-06-15 00:00:00,0.0,1.0,0.0,24.48687631034483,23.846251413793098,0.0
2020-06-15 00:15:00,0.06540312923014306,0.9978589232386035,0.0,24.509378333333334,23.902851233333333,0.0
2020-06-15 00:30:00,0.13052619222005157,0.9914448613738104,0.0,24.605338241379307,24.17273686206896,0.0
2020-06-15 00:45:00,0.19509032201612825,0.9807852804032304,0.0,24.679791366666663,24.459141966666667,0.0
2020-06-15 01:00:00,0.25881904510252074,0.9659258262890683,0.0,24.6363729,24.380418766666665,0.0
2020-06-15 01:15:00,0.3214394653031616,0.9469301294951057,0.0,24.557383482758624,24.40343403448276,0.0
2020-06-15 01:30:00,0.3826834323650898,0.9238795325112867,0.0,24.537739166666665,24.403716133333333,0.0
2020-06-15 01:45:00,0.4422886902190013,0.8968727415326883,0.0,24.49356613793104,24.322199103448273,0.0
2020-06-15 02:00:00,0.49999999999999994,0.8660254037844387,0.0,24.57614153333333,24.331221500000005,0.0
2020-06-15 02:15:00,0.5555702330196022,0.8314696123025452,0.0,24.580576399999998,24.441901766666664,0.0
2020-06-15 02:30:00,0.6087614290087207,0.7933533402912352,0.0,24.597070103448285,24.429463413793098,0.0
2020-06-15 02:45:00,0.6593458151000688,0.7518398074789774,0.0,24.22866923333333,23.93627113333333,0.0
2020-06-15 03:00:00,0.7071067811865476,0.7071067811865476,0.0,24.000265344827582,23.423317689655168,0.0
2020-06-15 03:15:00,0.7518398074789773,0.659345815100069,0.0,24.157296700000003,23.330549266666665,0.0
2020-06-15 03:30:00,0.7933533402912352,0.6087614290087207,0.0,24.214068633333337,23.349376566666663,0.0
2020-06-15 03:45:00,0.8314696123025452,0.5555702330196023,0.0,24.406245896551727,23.089144896551723,0.0
2020-06-15 04:00:00,0.8660254037844386,0.5000000000000001,0.0,24.413990366666667,23.157796266666665,0.0
2020-06-15 04:15:00,0.8968727415326884,0.44228869021900125,0.0,24.43243089655173,23.663723655172415,0.0
2020-06-15 04:30:00,0.9238795325112867,0.38268343236508984,0.0,24.462655733333335,23.8611501,0.0
2020-06-15 04:45:00,0.9469301294951057,0.3214394653031615,0.0,24.452216700000005,23.850167966666675,0.0
2020-06-15 05:00:00,0.9659258262890683,0.25881904510252074,3.971212344827586e-06,24.49716172413793,23.958815034482754,0.0
2020-06-15 05:15:00,0.9807852804032304,0.19509032201612833,0.0,24.454230900000002,23.66191716666667,0.0
2020-06-15 05:30:00,0.9914448613738104,0.1305261922200517,0.0,24.554839103448277,23.82317896551724,0.0
2020-06-15 05:45:00,0.9978589232386035,0.06540312923014305,0.0005463807966333,24.39663606666666,23.91243906666667,0.0
2020-06-15 06:00:00,1.0,6.123233995736766e-17,0.0104016718137931,24.372878655172414,23.750938758620695,242.75666666666666
2020-06-15 06:15:00,0.9978589232386035,-0.06540312923014292,0.0243275859,24.396148733333334,24.135337333333336,718.7199999999999
2020-06-15 06:30:00,0.9914448613738105,-0.13052619222005138,0.0618407700333333,24.604524833333336,25.129299933333332,1893.787619047619
2020-06-15 06:45:00,0.9807852804032305,-0.19509032201612797,0.0866776889655172,24.86190979310345,26.39437968965517,2708.1647619047617
2020-06-15 07:00:00,0.9659258262890683,-0.25881904510252085,0.1527795496666666,25.043574033333336,27.2910268,4421.725714285714
2020-06-15 07:15:00,0.9469301294951057,-0.3214394653031616,0.1787859391034483,25.558769344827592,29.276119931034483,5187.567619047619
2020-06-15 07:30:00,0.9238795325112867,-0.3826834323650897,0.16240019,25.937238599999997,29.311840799999995,4842.041428571429
2020-06-15 07:45:00,0.8968727415326884,-0.44228869021900113,0.3367862144827585,26.614360965517253,31.78032931034483,9476.734285714285
2020-06-15 08:00:00,0.8660254037844387,-0.4999999999999998,0.3844586831034482,27.25152482758621,34.611373482758616,10876.183333333332
2020-06-15 08:15:00,0.8314696123025451,-0.5555702330196023,0.4489276293333333,27.623727433333332,36.123373466666656,12620.513333333332
2020-06-15 08:30:00,0.7933533402912352,-0.6087614290087207,0.5609170755172412,28.461725758620688,39.34674931034482,14236.729523809523
2020-06-15 08:45:00,0.7518398074789774,-0.6593458151000688,0.6170584573333334,29.14302253333333,41.536315766666654,15184.178095238094
2020-06-15 09:00:00,0.7071067811865476,-0.7071067811865475,0.5270469972413792,29.2166411724138,41.27112031034483,10776.784285714286
2020-06-15 09:15:00,0.6593458151000686,-0.7518398074789776,0.6046747926666667,29.33822023333333,41.02275870000001,10616.199999999999
2020-06-15 09:30:00,0.6087614290087204,-0.7933533402912353,0.3435623724137931,29.227540068965517,39.03180975862068,7090.110476190475
2020-06-15 09:45:00,0.5555702330196022,-0.8314696123025453,0.5824216149999998,28.864061433333333,37.6525612,10497.716666666667
2020-06-15 10:00:00,0.49999999999999994,-0.8660254037844387,0.8296770282758622,29.990695344827586,45.511953689655165,13908.090952380953
2020-06-15 10:15:00,0.4422886902190013,-0.8968727415326883,0.7662448646666665,30.60324923333333,47.43976413333333,12550.119999999999
2020-06-15 10:30:00,0.3826834323650899,-0.9238795325112867,0.6442910979310345,30.502932862068963,44.8949775862069,11044.62476190476
2020-06-15 10:45:00,0.32143946530316175,-0.9469301294951056,0.41272635333333335,30.405563433333327,40.946115000000006,7890.9
2020-06-15 11:00:00,0.258819045102521,-0.9659258262890682,0.3835087662068965,30.272137827586207,39.19910075862068,7630.146190476191
2020-06-15 11:15:00,0.19509032201612816,-0.9807852804032304,0.663463731,30.406592866666674,40.686537566666665,12056.029999999999
2020-06-15 11:30:00,0.13052619222005157,-0.9914448613738104,0.574528772413793,31.061114068965523,45.466793827586216,8937.767142857143
2020-06-15 11:45:00,0.06540312923014312,-0.9978589232386035,0.379187229,29.331761599999997,37.99803143333334,7369.58
2020-06-15 12:00:00,1.2246467991473532e-16,-1.0,0.5748088220689656,29.90018862068966,38.873927758620695,9890.746666666666
2020-06-15 12:15:00,-0.06540312923014287,-0.9978589232386035,0.8202640759999998,31.543530166666674,48.45850033333332,12718.292380952382
2020-06-15 12:30:00,-0.13052619222005132,-0.9914448613738105,0.5533222127586204,31.613733827586206,46.6309174137931,9683.186666666666
2020-06-15 12:45:00,-0.19509032201612792,-0.9807852804032305,0.383334039,30.809874533333332,40.939506866666655,7616.791428571429
2020-06-15 13:00:00,-0.25881904510252035,-0.9659258262890684,0.4251167727586207,31.107020827586208,41.34869368965517,9074.153333333334
2020-06-15 13:15:00,-0.3214394653031611,-0.9469301294951058,0.1204129034666666,28.890861033333337,33.852956166666665,4098.588095238095
2020-06-15 13:30:00,-0.3826834323650892,-0.923879532511287,0.23852334310344817,26.23989765517242,28.74930027586208,8877.599523809524
2020-06-15 13:45:00,-0.44228869021900147,-0.8968727415326883,0.3926790326666667,27.20779523333333,33.41558113333332,13761.643333333333
2020-06-15 14:00:00,-0.5000000000000001,-0.8660254037844386,0.7042872753333334,28.538208066666662,41.65116596666666,14503.10380952381
2020-06-15 14:15:00,-0.5555702330196023,-0.8314696123025452,0.3452762671034482,29.08548496551724,40.65664348275861,6757.5
2020-06-15 14:30:00,-0.6087614290087207,-0.7933533402912352,0.413640262,28.050327533333327,32.30449726666667,12002.200476190475
2020-06-15 14:45:00,-0.6593458151000688,-0.7518398074789774,0.3614792344827586,28.738911517241377,35.47533944827586,10658.305714285714
2020-06-15 15:00:00,-0.7071067811865475,-0.7071067811865477,0.2982641333333332,28.618339066666678,35.30898513333334,9275.715238095238
2020-06-15 15:15:00,-0.7518398074789773,-0.6593458151000691,0.4199067613793103,27.744222620689644,31.967591344827586,14124.253333333332
2020-06-15 15:30:00,-0.7933533402912349,-0.6087614290087209,0.340420977,28.952817799999995,36.16430876666666,11093.575238095238
2020-06-15 15:45:00,-0.8314696123025448,-0.555570233019603,0.1223398807241379,28.2254344137931,32.09903055172414,4081.580476190476
2020-06-15 16:00:00,-0.8660254037844385,-0.5000000000000004,0.195051521,26.919395000000005,29.03463956666667,6685.22
2020-06-15 16:15:00,-0.8968727415326883,-0.44228869021900136,0.2541694768965517,27.72664462068965,32.24504879310346,8435.64
2020-06-15 16:30:00,-0.9238795325112868,-0.3826834323650895,0.2461391513333333,27.966934233333333,32.902970533333324,8153.153809523809
2020-06-15 16:45:00,-0.9469301294951056,-0.3214394653031618,0.2661915168965516,28.24675455172414,33.94315637931035,8797.019523809524
2020-06-15 17:00:00,-0.9659258262890683,-0.25881904510252063,0.1638262393333333,28.152196400000005,32.68684883333334,5338.022380952381
2020-06-15 17:15:00,-0.9807852804032303,-0.19509032201612866,0.0614014910344827,27.328246000000004,29.556062896551733,2038.9604761904761
2020-06-15 17:30:00,-0.9914448613738104,-0.13052619222005163,0.1046070664,26.5507874,28.628019366666663,3480.46
2020-06-15 17:45:00,-0.9978589232386035,-0.06540312923014362,0.0853782175172413,26.566401,28.614414689655174,2767.32
2020-06-15 18:00:00,-1.0,-1.8369701987210297e-16,0.0637848718965517,26.52256586206896,27.98930210344828,2054.862380952381
2020-06-15 18:15:00,-0.9978589232386036,0.06540312923014237,0.0432422757931034,26.360552689655165,27.03561393103449,1372.7085714285715
2020-06-15 18:30:00,-0.9914448613738104,0.13052619222005213,0.023538252833333297,26.2162729,26.278046599999996,732.2933333333333
2020-06-15 18:45:00,-0.9807852804032304,0.1950903220161283,0.0063746502151724,26.025800999999998,25.681154413793102,148.84047619047618
2020-06-15 19:00:00,-0.9659258262890682,0.25881904510252113,2.0468108333333333e-05,25.977797366666664,25.4262787,0.0
2020-06-15 19:15:00,-0.9469301294951057,0.3214394653031615,0.0,25.694723466666677,25.1349934,0.0
2020-06-15 19:30:00,-0.9238795325112866,0.38268343236509,0.0,25.571164689655173,24.7536494137931,0.0
2020-06-15 19:45:00,-0.8968727415326884,0.442288690219001,0.0,25.54436513333333,24.44701743333333,0.0
2020-06-15 20:00:00,-0.8660254037844386,0.5000000000000001,0.0,25.423041931034483,24.23315951724138,0.0
2020-06-15 20:15:00,-0.8314696123025455,0.5555702330196018,0.0,25.380932366666663,24.375512733333327,0.0
2020-06-15 20:30:00,-0.7933533402912352,0.6087614290087205,0.0,25.353494,24.392524266666673,0.0
2020-06-15 20:45:00,-0.7518398074789777,0.6593458151000684,0.0,25.238386413793105,24.3006655862069,0.0
2020-06-15 21:00:00,-0.7071067811865477,0.7071067811865474,0.0,25.022313366666666,23.9145406,0.0
2020-06-15 21:15:00,-0.6593458151000687,0.7518398074789775,0.0,24.862420310344827,23.732072448275854,0.0
2020-06-15 21:30:00,-0.608761429008721,0.7933533402912349,0.0,24.782799233333325,23.7751811,0.0
2020-06-15 21:45:00,-0.5555702330196022,0.8314696123025452,0.0,24.824028206896557,23.956389379310348,0.0
2020-06-15 22:00:00,-0.5000000000000004,0.8660254037844384,0.0,24.740294333333328,23.904019033333338,0.0
2020-06-15 22:15:00,-0.4422886902190014,0.8968727415326883,0.0,24.60149133333333,23.885750266666665,0.0
2020-06-15 22:30:00,-0.38268343236508956,0.9238795325112868,0.0,24.58470113793104,24.069342241379317,0.0
2020-06-15 22:45:00,-0.32143946530316186,0.9469301294951056,0.0,24.6104572,24.226723199999995,0.0
2020-06-15 23:00:00,-0.2588190451025207,0.9659258262890683,0.0,24.62387689655173,24.299733103448276,0.0
2020-06-15 23:15:00,-0.19509032201612872,0.9807852804032303,0.0,24.478887900000004,24.09663800000001,0.0
2020-06-15 23:30:00,-0.13052619222005168,0.9914448613738104,0.0,24.127244133333328,23.3043773,0.0
2020-06-15 23:45:00,-0.06540312923014367,0.9978589232386035,0.0,24.21627196551724,22.99775006896552,0.0
2020-06-16 00:00:00,0.0,1.0,0.0,24.232802466666666,23.00721946666667,0.0
2020-06-16 00:15:00,0.06540312923014306,0.9978589232386035,0.0,24.267906448275866,23.389545344827585,0.0
2020-06-16 00:30:00,0.13052619222005157,0.9914448613738104,0.0,24.174091666666666,23.475119066666664,0.0
2020-06-16 00:45:00,0.19509032201612825,0.9807852804032304,0.0,24.000778931034475,22.97504717241379,0.0
2020-06-16 01:00:00,0.25881904510252074,0.9659258262890683,0.0,23.928121666666666,22.84316716666667,0.0
2020-06-16 01:15:00,0.3214394653031616,0.9469301294951057,0.0,23.88256216666667,22.92287263333333,0.0
2020-06-16 01:30:00,0.3826834323650898,0.9238795325112867,0.0,23.93120275862069,23.15796427586207,0.0
2020-06-16 01:45:00,0.4422886902190013,0.8968727415326883,0.0,24.0918224,23.367249733333328,0.0
2020-06-16 02:00:00,0.49999999999999994,0.8660254037844387,0.0,24.087300344827586,23.05347944827587,0.0
2020-06-16 02:15:00,0.5555702330196022,0.8314696123025452,0.0,23.955603033333333,23.07524006666667,0.0
2020-06-16 02:30:00,0.6087614290087207,0.7933533402912352,0.0,23.93550603333333,23.111076766666667,0.0
2020-06-16 02:45:00,0.6593458151000688,0.7518398074789774,0.0,24.02117934482759,23.400910586206887,0.0
2020-06-16 03:00:00,0.7071067811865476,0.7071067811865476,0.0,23.703154699999995,23.2302114,0.0
2020-06-16 03:15:00,0.7518398074789773,0.659345815100069,0.0,24.000390517241385,23.13305151724138,0.0
2020-06-16 03:30:00,0.7933533402912352,0.6087614290087207,0.0,24.075052099999997,22.90254403333333,0.0
2020-06-16 03:45:00,0.8314696123025452,0.5555702330196023,0.0,24.046031310344823,22.70867193103448,0.0
2020-06-16 04:00:00,0.8660254037844386,0.5000000000000001,0.0,24.040096300000002,22.55592033333334,0.0
2020-06-16 04:15:00,0.8968727415326884,0.44228869021900125,0.0,24.002804689655168,22.56424272413793,0.0
2020-06-16 04:30:00,0.9238795325112867,0.38268343236508984,0.0,24.007177966666664,22.7844391,0.0
2020-06-16 04:45:00,0.9469301294951057,0.3214394653031615,0.0,24.005709066666668,22.99325466666667,0.0
2020-06-16 05:00:00,0.9659258262890683,0.25881904510252074,0.0,24.05566962068966,23.299116586206893,0.0
2020-06-16 05:15:00,0.9807852804032304,0.19509032201612833,0.0,24.04550403333333,23.1849335,0.0
2020-06-16 05:30:00,0.9914448613738104,0.1305261922200517,0.0,24.07248475862069,22.98191475862069,0.0
2020-06-16 05:45:00,0.9978589232386035,0.06540312923014305,0.0003096604275,24.026341999999996,22.9824371,0.0
2020-06-16 06:00:00,1.0,6.123233995736766e-17,0.0078786957413793,24.031269172413804,23.13576431034483,165.53666666666666
2020-06-16 06:15:00,0.9978589232386035,-0.06540312923014292,0.0272717213666666,24.226424166666675,23.72798766666666,798.4252380952381
2020-06-16 06:30:00,0.9914448613738105,-0.13052619222005138,0.0508422554827586,24.45349544827586,24.64480065517242,1579.0414285714287
2020-06-16 06:45:00,0.9807852804032305,-0.19509032201612797,0.0809884197666666,24.652406633333328,25.55196726666667,2579.88
2020-06-16 07:00:00,0.9659258262890683,-0.25881904510252085,0.1142949158,24.9378722,26.587941566666665,3561.532857142857
2020-06-16 07:15:00,0.9469301294951057,-0.3214394653031616,0.137224215137931,25.151438862068968,27.422926172413796,4335.499523809523
2020-06-16 07:30:00,0.9238795325112867,-0.3826834323650897,0.1741159716666666,25.371384566666674,28.49546413333333,5516.687619047619
2020-06-16 07:45:00,0.8968727415326884,-0.44228869021900113,0.1999448096551724,25.650555724137927,29.344728517241382,6427.869523809523
2020-06-16 08:00:00,0.8660254037844387,-0.4999999999999998,0.24595497533333333,25.99828293333333,30.62721456666667,7945.8
2020-06-16 08:15:00,0.8314696123025451,-0.5555702330196023,0.2993449948275862,26.51300062068965,32.46179948275864,9765.133333333333
2020-06-16 08:30:00,0.7933533402912352,-0.6087614290087207,0.3334688676666667,26.84512623333333,33.790195566666675,10888.764285714286
2020-06-16 08:45:00,0.7518398074789774,-0.6593458151000688,0.3349574768965517,26.954664344827584,33.82962682758622,11109.108571428571
2020-06-16 09:00:00,0.7071067811865476,-0.7071067811865475,0.3541714110344829,27.07185513793104,34.197098586206884,11840.546666666667
2020-06-16 09:15:00,0.6593458151000686,-0.7518398074789776,0.275874822,26.756863333333328,32.452368333333325,9404.252380952381
2020-06-16 09:30:00,0.6087614290087204,-0.7933533402912353,0.3721497541379311,27.18115962068965,34.36980244827585,12449.395714285714
2020-06-16 09:45:00,0.5555702330196022,-0.8314696123025453,0.4241206086666666,27.487866300000004,35.95871056666667,13932.631904761904
2020-06-16 10:00:00,0.49999999999999994,-0.8660254037844387,0.4501332131034482,27.86508813793104,36.855866448275854,14644.061904761906
2020-06-16 10:15:00,0.4422886902190013,-0.8968727415326883,0.5222235923333332,28.31539103333333,39.082299766666665,16811.406666666666
2020-06-16 10:30:00,0.3826834323650899,-0.9238795325112867,0.4539040027586206,28.507791482758616,39.2861232413793,14910.09857142857
2020-06-16 10:45:00,0.32143946530316175,-0.9469301294951056,0.47354426333333327,28.663845800000004,39.3069314,15745.961904761903
2020-06-16 11:00:00,0.258819045102521,-0.9659258262890682,0.43501432793103434,28.428806758620684,37.97691079310346,14481.264761904762
2020-06-16 11:15:00,0.19509032201612816,-0.9807852804032304,0.4930474616666665,28.54354553333333,38.4572754,16333.369523809522
2020-06-16 11:30:00,0.13052619222005157,-0.9914448613738104,0.7684594155172412,29.671495103448265,44.916273482758605,22953.673333333336
2020-06-16 11:45:00,0.06540312923014312,-0.9978589232386035,0.6149510469999999,29.99492096666667,46.36462913333333,15019.400952380953
2020-06-16 12:00:00,1.2246467991473532e-16,-1.0,0.5206054248275863,29.50476093103448,42.10252848275862,15054.61619047619
2020-06-16 12:15:00,-0.06540312923014287,-0.9978589232386035,0.3585138956666666,28.9934031,39.03961593333332,11476.451904761905
2020-06-16 12:30:00,-0.13052619222005132,-0.9914448613738105,0.5022143431034481,28.96235703448276,38.161419068965515,16730.173333333332
2020-06-16 12:45:00,-0.19509032201612792,-0.9807852804032305,0.5490756356666665,29.784460466666665,41.95145250000001,18254.20333333333
2020-06-16 13:00:00,-0.25881904510252035,-0.9659258262890684,0.5731489579310346,29.940903275862066,41.30325327586206,19207.929047619047
2020-06-16 13:15:00,-0.3214394653031611,-0.9469301294951058,0.5665455406666667,30.244002366666663,42.88808180000001,18791.83761904762
2020-06-16 13:30:00,-0.3826834323650892,-0.923879532511287,0.3407377748275862,29.720905172413794,39.2953772413793,11313.669523809524
2020-06-16 13:45:00,-0.44228869021900147,-0.8968727415326883,0.40779049241379295,29.20824568965517,37.28502382758621,14014.286666666667
2020-06-16 14:00:00,-0.5000000000000001,-0.8660254037844386,0.4503316196666666,29.726076100000004,39.763498066666656,15014.406190476191
2020-06-16 14:15:00,-0.5555702330196023,-0.8314696123025452,0.492802766,30.42987363333333,40.68005649999999,4962.125238095238
2020-06-16 14:30:00,-0.6087614290087207,-0.7933533402912352,0.5629444603448277,30.833512862068968,44.37650713793103,0.0
2020-06-16 14:45:00,-0.6593458151000688,-0.7518398074789774,0.4470176755172414,30.503409551724143,41.55000024137932,11906.684761904762
2020-06-16 15:00:00,-0.7071067811865475,-0.7071067811865477,0.3539153346666665,30.029818700000007,38.34786576666667,11692.643333333333
2020-06-16 15:15:00,-0.7518398074789773,-0.6593458151000691,0.3624977403448275,29.819938931034486,37.0976982413793,12221.565238095238
2020-06-16 15:30:00,-0.7933533402912349,-0.6087614290087209,0.4094117217241379,29.93420393103448,38.35378168965518,14169.370476190476
2020-06-16 15:45:00,-0.8314696123025448,-0.555570233019603,0.3314528773333334,30.168884233333344,37.839531366666655,10698.236666666666
2020-06-16 16:00:00,-0.8660254037844385,-0.5000000000000004,0.1742421517241379,29.617591655172415,34.59173679310345,5881.867142857143
2020-06-16 16:15:00,-0.8968727415326883,-0.44228869021900136,0.2446072813333333,29.746191466666673,34.781945699999994,8100.710952380952
2020-06-16 16:30:00,-0.9238795325112868,-0.3826834323650895,0.1390864883103448,29.373263586206903,33.490053206896555,4608.639047619047
2020-06-16 16:45:00,-0.9469301294951056,-0.3214394653031618,0.1172127412666666,29.002871666666667,31.513062533333333,3927.795238095238
2020-06-16 17:00:00,-0.9659258262890683,-0.25881904510252063,0.0852988124482758,28.91297537931034,31.268025448275868,2775.706666666667
2020-06-16 17:15:00,-0.9807852804032303,-0.19509032201612866,0.0333181408999999,28.43125003333333,29.478210533333325,1151.7761904761905
2020-06-16 17:30:00,-0.9914448613738104,-0.13052619222005163,0.0679997884482758,28.318011137931038,29.483777172413784,2245.1809523809525
2020-06-16 17:45:00,-0.9978589232386035,-0.06540312923014362,0.05539037006666659,28.160633266666665,29.38294266666667,1804.5642857142857
2020-06-16 18:00:00,-1.0,-1.8369701987210297e-16,0.0270350241724137,27.803931862068968,28.5828594137931,835.1233333333333
2020-06-16 18:15:00,-0.9978589232386036,0.06540312923014237,0.0170127839333333,27.565023833333328,27.729070033333336,512.2266666666667
2020-06-16 18:30:00,-0.9914448613738104,0.13052619222005213,0.0096089534517241,27.35852893103448,27.194241172413797,258.9352380952381
2020-06-16 18:45:00,-0.9807852804032304,0.1950903220161283,0.0018699148013793,27.16739082758621,26.857379793103448,0.0
2020-06-16 19:00:00,-0.9659258262890682,0.25881904510252113,0.0,26.27286776666667,26.15560703333333,0.0
2020-06-16 19:15:00,-0.9469301294951057,0.3214394653031615,0.0,26.031714172413796,25.646704275862074,0.0
2020-06-16 19:30:00,-0.9238795325112866,0.38268343236509,0.0,25.9472687,25.67136833333333,0.0
2020-06-16 19:45:00,-0.8968727415326884,0.442288690219001,0.0,25.383153166666663,25.148636833333327,0.0
2020-06-16 20:00:00,-0.8660254037844386,0.5000000000000001,0.0,25.054365448275863,24.75130489655173,0.0
2020-06-16 20:15:00,-0.8314696123025455,0.5555702330196018,0.0,24.9061888,24.5387288,0.0
2020-06-16 20:30:00,-0.7933533402912352,0.6087614290087205,0.0,24.60179075862069,24.29950265517241,0.0
2020-06-16 20:45:00,-0.7518398074789777,0.6593458151000684,0.0,24.547207933333326,24.220210800000004,0.0
2020-06-16 21:00:00,-0.7071067811865477,0.7071067811865474,0.0,24.53266644827586,24.43909203448276,0.0
2020-06-16 21:15:00,-0.6593458151000687,0.7518398074789775,0.0,24.660873333333328,24.546877966666667,0.0
2020-06-16 21:30:00,-0.608761429008721,0.7933533402912349,0.0,24.715810724137928,24.413280689655167,0.0
2020-06-16 21:45:00,-0.5555702330196022,0.8314696123025452,0.0,24.529312,24.17937003333333,0.0
2020-06-16 22:00:00,-0.5000000000000004,0.8660254037844384,0.0,24.226574833333334,24.19399109999999,0.0
2020-06-16 22:15:00,-0.4422886902190014,0.8968727415326883,0.0,24.013480620689656,23.690345655172408,0.0
2020-06-16 22:30:00,-0.38268343236508956,0.9238795325112868,0.0,23.996459099999996,23.807730100000004,0.0
2020-06-16 22:45:00,-0.32143946530316186,0.9469301294951056,0.0,23.6294304137931,23.11803037931034,0.0
2020-06-16 23:00:00,-0.2588190451025207,0.9659258262890683,0.0,23.70705683333334,22.795114166666668,0.0
2020-06-16 23:15:00,-0.19509032201612872,0.9807852804032303,0.0,23.738334793103448,22.68643403448276,0.0
2020-06-16 23:30:00,-0.13052619222005168,0.9914448613738104,0.0,23.85089086363636,22.79828709090909,0.0
2020-06-16 23:45:00,-0.06540312923014367,0.9978589232386035,3.706513620689655e-05,24.038416586206896,23.19606179310345,0.0
2020-06-17 00:00:00,0.0,1.0,2.4313024333333335e-05,24.149389400000004,23.853162633333337,0.0
2020-06-17 00:15:00,0.06540312923014306,0.9978589232386035,0.0,24.140737482758617,23.967333448275852,0.0
2020-06-17 00:30:00,0.13052619222005157,0.9914448613738104,0.0,24.054856599999997,23.8616436,0.0
2020-06-17 00:45:00,0.19509032201612825,0.9807852804032304,0.0,24.007380241379312,23.76092113793104,0.0
2020-06-17 01:00:00,0.25881904510252074,0.9659258262890683,0.0,23.982121000000003,23.71447866666666,0.0
2020-06-17 01:15:00,0.3214394653031616,0.9469301294951057,0.0,24.055678,23.785183586206895,0.0
2020-06-17 01:30:00,0.3826834323650898,0.9238795325112867,0.0,24.113918133333332,23.751051766666663,0.0
2020-06-17 01:45:00,0.4422886902190013,0.8968727415326883,0.0,24.117295965517243,23.703195551724136,0.0
2020-06-17 02:00:00,0.49999999999999994,0.8660254037844387,0.0,24.049432666666668,23.611703566666662,0.0
2020-06-17 02:15:00,0.5555702330196022,0.8314696123025452,0.0,24.0073791724138,23.679435137931026,0.0
2020-06-17 02:30:00,0.6087614290087207,0.7933533402912352,0.0,24.04356513333333,23.62761323333333,0.0
2020-06-17 02:45:00,0.6593458151000688,0.7518398074789774,0.0,24.148901233333337,23.613637299999997,0.0
2020-06-17 03:00:00,0.7071067811865476,0.7071067811865476,0.0,24.040288517241375,23.441451448275867,0.0
2020-06-17 03:15:00,0.7518398074789773,0.659345815100069,0.0,22.963709433333335,22.606509366666664,0.0
2020-06-17 03:30:00,0.7933533402912352,0.6087614290087207,0.0,22.602686137931038,22.24742313793104,0.0
2020-06-17 03:45:00,0.8314696123025452,0.5555702330196023,0.0,22.7471992,22.305839133333333,0.0
2020-06-17 04:00:00,0.8660254037844386,0.5000000000000001,0.0,22.807348499999996,22.3772238,0.0
2020-06-17 04:15:00,0.8968727415326884,0.44228869021900125,0.0,22.948314724137933,22.22376027586207,0.0
2020-06-17 04:30:00,0.9238795325112867,0.38268343236508984,8.189851403333336e-05,22.971486333333328,22.078924633333333,0.0
2020-06-17 04:45:00,0.9469301294951057,0.3214394653031615,0.0,22.75740386206896,21.963833655172408,0.0
2020-06-17 05:00:00,0.9659258262890683,0.25881904510252074,0.0,22.7138253,21.9248749,0.0
2020-06-17 05:15:00,0.9807852804032304,0.19509032201612833,0.0,22.699171,21.97272155172413,0.0
2020-06-17 05:30:00,0.9914448613738104,0.1305261922200517,0.0,22.6257516,22.01064356666667,0.0
2020-06-17 05:45:00,0.9978589232386035,0.06540312923014305,0.0001945111540666,22.5515857,21.9083763,0.0
2020-06-17 06:00:00,1.0,6.123233995736766e-17,0.0038972908827586,22.577129517241385,21.965800413793104,33.85333333333333
2020-06-17 06:15:00,0.9978589232386035,-0.06540312923014292,0.0173870453666666,22.6252512,22.165983133333327,544.5047619047618
2020-06-17 06:30:00,0.9914448613738105,-0.13052619222005138,0.0365596514827586,22.74754265517241,22.557784551724144,1199.172380952381
2020-06-17 06:45:00,0.9807852804032305,-0.19509032201612797,0.0382369183,22.9437256,22.734243766666665,1294.06
2020-06-17 07:00:00,0.9659258262890683,-0.25881904510252085,0.0411929848275862,23.04807344827586,22.764368586206903,1405.6309523809525
2020-06-17 07:15:00,0.9469301294951057,-0.3214394653031616,0.0483592085333333,23.177676766666664,23.225179099999995,1667.2485714285715
2020-06-17 07:30:00,0.9238795325112867,-0.3826834323650897,0.0634568153793103,23.356808379310348,23.9482885862069,2203.306666666667
2020-06-17 07:45:00,0.8968727415326884,-0.44228869021900113,0.0816382889666666,23.559034033333333,24.327505466666665,2854.2566666666667
2020-06-17 08:00:00,0.8660254037844387,-0.4999999999999998,0.11456082865517242,23.68637617241379,24.56949586206897,4029.6390476190477
2020-06-17 08:15:00,0.8314696123025451,-0.5555702330196023,0.117114516275862,23.927684896551728,25.61720531034483,4007.647619047619
2020-06-17 08:30:00,0.7933533402912352,-0.6087614290087207,0.1322503906666666,23.909512133333337,25.185609866666667,4645.117619047619
2020-06-17 08:45:00,0.7518398074789774,-0.6593458151000688,0.1701928875862069,24.104574413793102,25.48009506896552,5979.434285714286
2020-06-17 09:00:00,0.7071067811865476,-0.7071067811865475,0.11831985449999999,23.981644766666662,24.9001047,4146.498571428571
2020-06-17 09:15:00,0.6593458151000686,-0.7518398074789776,0.12061697799999999,24.040445482758624,24.95021010344828,4288.72
2020-06-17 09:30:00,0.6087614290087204,-0.7933533402912353,0.220836565,24.281436166666655,25.862101199999998,7786.6376190476185
2020-06-17 09:45:00,0.5555702330196022,-0.8314696123025453,0.3745028272413791,24.92831110344828,28.395366862068965,12768.910952380953
2020-06-17 10:00:00,0.49999999999999994,-0.8660254037844387,0.3563217239999999,25.64393406666666,31.38530386666667,12272.751428571428
2020-06-17 10:15:00,0.4422886902190013,-0.8968727415326883,0.299062996,26.053684466666667,32.553692600000005,10257.048571428571
2020-06-17 10:30:00,0.3826834323650899,-0.9238795325112867,0.288015658275862,26.169229275862065,32.285136206896546,9960.244285714285
2020-06-17 10:45:00,0.32143946530316175,-0.9469301294951056,0.309599092,26.079586766666672,31.061916133333327,10945.492857142857
2020-06-17 11:00:00,0.258819045102521,-0.9659258262890682,0.3145844658620689,26.18534579310345,31.186229793103447,11188.36
2020-06-17 11:15:00,0.19509032201612816,-0.9807852804032304,0.2107782023333333,26.31244396666667,31.6446106,7472.539523809523
2020-06-17 11:30:00,0.13052619222005157,-0.9914448613738104,0.401902425862069,26.714392275862068,33.68988655172414,13745.159047619049
2020-06-17 11:45:00,0.06540312923014312,-0.9978589232386035,0.4954889353333333,27.66473686666666,38.98331386666667,16593.00238095238
2020-06-17 12:00:00,1.2246467991473532e-16,-1.0,0.3403715472413793,27.60099303448276,37.102779068965525,11507.998095238096
2020-06-17 12:15:00,-0.06540312923014287,-0.9978589232386035,0.5203204733333333,27.876105699999997,37.319988066666674,17500.507619047617
2020-06-17 12:30:00,-0.13052619222005132,-0.9914448613738105,0.4708963844827586,28.204097413793104,37.502085620689655,15889.846666666666
2020-06-17 12:45:00,-0.19509032201612792,-0.9807852804032305,0.5136595323333331,28.534304866666663,38.70709236666667,16868.86904761905
2020-06-17 13:00:00,-0.25881904510252035,-0.9659258262890684,0.5109659972413793,28.73062768965517,39.987019448275866,16675.518571428573
2020-06-17 13:15:00,-0.3214394653031611,-0.9469301294951058,0.451581596,28.469723566666673,37.286170466666654,15151.054761904761
2020-06-17 13:30:00,-0.3826834323650892,-0.923879532511287,0.4276434196551723,27.945867103448276,32.80133382758622,14676.029999999999
2020-06-17 13:45:00,-0.44228869021900147,-0.8968727415326883,0.5789413146666667,28.731198133333336,40.46031016666667,1781.9242857142856
2020-06-17 14:00:00,-0.5000000000000001,-0.8660254037844386,0.480736164137931,29.044235827586206,42.32625593103449,7473.080952380951
2020-06-17 14:15:00,-0.5555702330196023,-0.8314696123025452,0.3930144640000001,28.609255933333337,37.97944833333332,13247.16142857143
2020-06-17 14:30:00,-0.6087614290087207,-0.7933533402912352,0.3096930779310345,27.349096793103453,29.945265206896558,10884.326666666666
2020-06-17 14:45:00,-0.6593458151000688,-0.7518398074789774,0.3273643233333334,26.842360433333337,28.246845366666676,11470.73380952381
2020-06-17 15:00:00,-0.7071067811865475,-0.7071067811865477,0.3634486806896551,27.22757479310345,29.34751727586207,12426.556666666667
2020-06-17 15:15:00,-0.7518398074789773,-0.6593458151000691,0.3843007586666666,27.930431033333324,33.72836829999999,12868.019523809524
2020-06-17 15:30:00,-0.7933533402912349,-0.6087614290087209,0.2370183289655172,27.700174413793096,32.386005275862075,8087.52
2020-06-17 15:45:00,-0.8314696123025448,-0.555570233019603,0.21363942,27.581203200000004,31.60148526666667,7236.466666666666
2020-06-17 16:00:00,-0.8660254037844385,-0.5000000000000004,0.19661002344827583,27.63258606896552,32.10411975862068,6581.850952380953
2020-06-17 16:15:00,-0.8968727415326883,-0.44228869021900136,0.1917219463333333,27.64837736666667,31.859703533333334,6512.576666666667
2020-06-17 16:30:00,-0.9238795325112868,-0.3826834323650895,0.1817658131034482,27.624499172413792,31.734618137931037,6162.16619047619
2020-06-17 16:45:00,-0.9469301294951056,-0.3214394653031618,0.1193903119666666,27.45880556666667,30.69353546666667,4105.105714285714
2020-06-17 17:00:00,-0.9659258262890683,-0.25881904510252063,0.0319532306666666,26.498535,27.3130768,1186.08
2020-06-17 17:15:00,-0.9807852804032303,-0.19509032201612866,0.0858852560344827,25.779441068965514,25.303909689655175,2962.206666666667
2020-06-17 17:30:00,-0.9914448613738104,-0.13052619222005163,0.0894936300454545,26.14305522727273,27.15584081818181,3003.87
2020-06-17 17:45:00,-0.9978589232386035,-0.06540312923014362,0.0654795855517241,26.0916641724138,27.235656689655176,2133.54
2020-06-17 18:00:00,-1.0,-1.8369701987210297e-16,0.0415141276666666,25.686603700000003,26.540474400000004,1326.6666666666667
2020-06-17 18:15:00,-0.9978589232386036,0.06540312923014237,0.0221499413103448,25.23544313793104,25.656229999999997,701.8199999999999
2020-06-17 18:30:00,-0.9914448613738104,0.13052619222005213,0.0133931878633333,24.58247176666667,24.78652539999999,424.72666666666663
2020-06-17 18:45:00,-0.9807852804032304,0.1950903220161283,0.0026350049782758,23.965923344827583,23.28397562068965,75.77904761904762
2020-06-17 19:00:00,-0.9659258262890682,0.25881904510252113,0.0,23.547951689655168,22.59979141379311,0.0
2020-06-17 19:15:00,-0.9469301294951057,0.3214394653031615,0.0,23.4725741,22.464955766666662,0.0
2020-06-17 19:30:00,-0.9238795325112866,0.38268343236509,0.0,23.49732753333333,22.438098333333336,0.0
2020-06-17 19:45:00,-0.8968727415326884,0.442288690219001,0.0,23.602745413793105,22.418766241379316,0.0
2020-06-17 20:00:00,-0.8660254037844386,0.5000000000000001,0.0,23.665127799999997,22.367719466666667,0.0
2020-06-17 20:15:00,-0.8314696123025455,0.5555702330196018,0.0,23.601208965517245,22.2459434137931,0.0
2020-06-17 20:30:00,-0.7933533402912352,0.6087614290087205,0.0,23.687547066666664,22.3776551,0.0
2020-06-17 20:45:00,-0.7518398074789777,0.6593458151000684,0.0,23.75045548275863,22.825295310344828,0.0
2020-06-17 21:00:00,-0.7071067811865477,0.7071067811865474,0.0,23.752441133333335,23.187267066666667,0.0
2020-06-17 21:15:00,-0.6593458151000687,0.7518398074789775,0.0,23.811610800000004,23.471660400000005,0.0
2020-06-17 21:30:00,-0.608761429008721,0.7933533402912349,0.0,23.899251862068965,23.72964596551724,0.0
2020-06-17 21:45:00,-0.5555702330196022,0.8314696123025452,0.0,23.883053566666664,23.68958143333333,0.0
2020-06-17 22:00:00,-0.5000000000000004,0.8660254037844384,0.0,23.76768003448275,23.391407034482764,0.0
2020-06-17 22:15:00,-0.4422886902190014,0.8968727415326883,0.0,23.656357,23.12314753333333,0.0
2020-06-17 22:30:00,-0.38268343236508956,0.9238795325112868,0.0,23.6281078,23.02921033333333,0.0
2020-06-17 22:45:00,-0.32143946530316186,0.9469301294951056,0.0,23.511703,22.856201172413797,0.0
2020-06-17 23:00:00,-0.2588190451025207,0.9659258262890683,0.0,23.48228243333333,22.744190466666662,0.0
2020-06-17 23:15:00,-0.19509032201612872,0.9807852804032303,0.0,23.3547425862069,22.492245310344828,0.0
2020-06-17 23:30:00,-0.13052619222005168,0.9914448613738104,0.0,23.29104823333333,22.373908566666667,0.0
2020-06-17 23:45:00,-0.06540312923014367,0.9978589232386035,0.0,23.202870689655175,22.53590765517241,0.0
